ticker,date,open,high,low,close,volume
AAPL,2021-05-21,127.82,128.0,125.209999,125.43,79295400
AAPL,2021-05-24,126.010002,127.940002,125.940002,127.099998,63092900
AAPL,2021-05-25,127.82,128.320007,126.32,126.900002,72009500
AAPL,2021-05-26,126.959999,127.389999,126.419998,126.849998,56575900
AAPL,2021-05-27,126.440002,127.639999,125.080002,125.279999,94625600
AAPL,2021-05-28,125.57,125.800003,124.550003,124.610001,71311100
AAPL,2021-06-01,125.080002,125.349998,123.940002,124.279999,67637100
AAPL,2021-06-02,124.279999,125.239998,124.050003,125.059998,59278900
AAPL,2021-06-03,124.68,124.849998,123.129997,123.540001,76229200
AAPL,2021-06-04,124.07,126.160004,123.849998,125.889999,75169300
AAPL,2021-06-07,126.169998,126.32,124.830002,125.900002,71057600
AAPL,2021-06-08,126.599998,128.460007,126.209999,126.739998,74403800
AAPL,2021-06-09,127.209999,127.75,126.519997,127.129997,56877900
AAPL,2021-06-10,127.019997,128.190002,125.940002,126.110001,71186400
AAPL,2021-06-11,126.529999,127.440002,126.099998,127.349998,53522400
AAPL,2021-06-14,127.82,130.539993,127.07,130.479996,96906500
AAPL,2021-06-15,129.940002,130.600006,129.389999,129.639999,62746300
AAPL,2021-06-16,130.369995,130.889999,128.460007,130.149994,91815000
AAPL,2021-06-17,129.800003,132.550003,129.649994,131.789993,96721700
AAPL,2021-06-18,130.710007,131.509995,130.240005,130.460007,108953300
AAPL,2021-06-21,130.300003,132.410004,129.210007,132.300003,79663300
AAPL,2021-06-22,132.130005,134.080002,131.619995,133.979996,74783600
AAPL,2021-06-23,133.770004,134.320007,133.229996,133.699997,60214200
AAPL,2021-06-24,134.449997,134.639999,132.929993,133.410004,68711000
AAPL,2021-06-25,133.460007,133.889999,132.809998,133.110001,70783700
AAPL,2021-06-28,133.410004,135.25,133.350006,134.779999,62111300
AAPL,2021-06-29,134.800003,136.490005,134.350006,136.330002,64556100
AAPL,2021-06-30,136.169998,137.410004,135.869995,136.960007,63261400
AAPL,2021-07-01,136.600006,137.330002,135.759995,137.270004,52485800
AAPL,2021-07-02,137.899994,140.0,137.75,139.960007,78852600
AAPL,2021-07-06,140.070007,143.149994,140.070007,142.020004,108181800
AAPL,2021-07-07,143.539993,144.889999,142.660004,144.570007,104911600
AAPL,2021-07-08,141.580002,144.059998,140.669998,143.240005,105575500
AAPL,2021-07-09,142.75,145.649994,142.649994,145.110001,99890800
AAPL,2021-07-12,146.210007,146.320007,144.0,144.5,76299700
AAPL,2021-07-13,144.029999,147.460007,143.630005,145.639999,100827100
AAPL,2021-07-14,148.100006,149.570007,147.679993,149.149994,127050800
AAPL,2021-07-15,149.240005,150.0,147.089996,148.479996,106820300
AAPL,2021-07-16,148.460007,149.759995,145.880005,146.389999,93251400
AAPL,2021-07-19,143.75,144.070007,141.669998,142.449997,121434600
AAPL,2021-07-20,143.460007,147.100006,142.960007,146.149994,96350000
AAPL,2021-07-21,145.529999,146.130005,144.630005,145.399994,74993500
AAPL,2021-07-22,145.940002,148.199997,145.809998,146.800003,77338200
AAPL,2021-07-23,147.550003,148.720001,146.919998,148.559998,71447400
AAPL,2021-07-26,148.270004,149.830002,147.699997,148.990005,72434100
AAPL,2021-07-27,149.119995,149.210007,145.550003,146.770004,104818600
AAPL,2021-07-28,144.809998,146.970001,142.539993,144.979996,118931200
AAPL,2021-07-29,144.690002,146.550003,144.580002,145.639999,56699500
AAPL,2021-07-30,144.380005,146.330002,144.110001,145.860001,70440600
AAPL,2021-08-02,146.360001,146.949997,145.25,145.520004,62880000
AAPL,2021-08-03,145.809998,148.039993,145.179993,147.360001,64786600
AAPL,2021-08-04,147.270004,147.789993,146.279999,146.949997,56368300
AAPL,2021-08-05,146.979996,147.839996,146.169998,147.059998,46397700
AAPL,2021-08-06,146.350006,147.110001,145.630005,146.139999,54126800
AAPL,2021-08-09,146.199997,146.699997,145.520004,146.089996,48908700
AAPL,2021-08-10,146.440002,147.710007,145.300003,145.600006,69023100
AAPL,2021-08-11,146.050003,146.720001,145.529999,145.860001,48493500
AAPL,2021-08-12,146.190002,149.050003,145.839996,148.889999,72282600
AAPL,2021-08-13,148.970001,149.440002,148.270004,149.100006,59375000
AAPL,2021-08-16,148.539993,151.190002,146.470001,151.119995,103296000
AAPL,2021-08-17,150.229996,151.679993,149.089996,150.190002,92229700
AAPL,2021-08-18,149.800003,150.720001,146.149994,146.360001,86326000
AAPL,2021-08-19,145.029999,148.0,144.5,146.699997,86960300
AAPL,2021-08-20,147.440002,148.5,146.779999,148.190002,60549600
AAPL,2021-08-23,148.309998,150.190002,147.889999,149.710007,60131800
AAPL,2021-08-24,149.449997,150.860001,149.149994,149.619995,48606400
AAPL,2021-08-25,149.809998,150.320007,147.800003,148.360001,58991300
AAPL,2021-08-26,148.350006,149.119995,147.509995,147.539993,48597200
AAPL,2021-08-27,147.479996,148.75,146.830002,148.600006,55802400
AAPL,2021-08-30,149.0,153.490005,148.610001,153.119995,90956700
AAPL,2021-08-31,152.660004,152.800003,151.289993,151.830002,86453100
AAPL,2021-09-01,152.830002,154.979996,152.339996,152.509995,80313700
AAPL,2021-09-02,153.869995,154.720001,152.399994,153.649994,71115500
AAPL,2021-09-03,153.759995,154.630005,153.089996,154.300003,57808700
AAPL,2021-09-07,154.970001,157.259995,154.389999,156.690002,82278300
AAPL,2021-09-08,156.979996,157.039993,153.979996,155.110001,74420200
AAPL,2021-09-09,155.490005,156.110001,153.949997,154.070007,57305700
AAPL,2021-09-10,155.0,155.479996,148.699997,148.970001,140893200
AAPL,2021-09-13,150.630005,151.419998,148.75,149.550003,102404300
AAPL,2021-09-14,150.350006,151.070007,146.910004,148.119995,109296300
AAPL,2021-09-15,148.559998,149.440002,146.369995,149.029999,83281300
AAPL,2021-09-16,148.440002,148.970001,147.220001,148.789993,68034100
AAPL,2021-09-17,148.820007,148.820007,145.759995,146.059998,129868800
AAPL,2021-09-20,143.800003,144.839996,141.270004,142.940002,123478900
AAPL,2021-09-21,143.929993,144.600006,142.779999,143.429993,75834000
AAPL,2021-09-22,144.449997,146.429993,143.699997,145.850006,76404300
AAPL,2021-09-23,146.649994,147.080002,145.639999,146.830002,64838200
AAPL,2021-09-24,145.660004,147.470001,145.559998,146.919998,53477900
AAPL,2021-09-27,145.470001,145.960007,143.820007,145.369995,74150700
AAPL,2021-09-28,143.25,144.75,141.690002,141.910004,108972300
AAPL,2021-09-29,142.470001,144.449997,142.029999,142.830002,74602000
AAPL,2021-09-30,143.660004,144.380005,141.279999,141.5,89056700
AAPL,2021-10-01,141.899994,142.919998,139.110001,142.649994,94639600
AAPL,2021-10-04,141.759995,142.210007,138.270004,139.139999,98322000
AAPL,2021-10-05,139.490005,142.240005,139.360001,141.110001,80861100
AAPL,2021-10-06,139.470001,142.149994,138.369995,142.0,83221100
AAPL,2021-10-07,143.059998,144.220001,142.720001,143.289993,61732700
AAPL,2021-10-08,144.029999,144.179993,142.559998,142.899994,58773200
AAPL,2021-10-11,142.270004,144.809998,141.809998,142.809998,64452200
AAPL,2021-10-12,143.229996,143.25,141.039993,141.509995,73035900
AAPL,2021-10-13,141.240005,141.399994,139.199997,140.910004,78762700
AAPL,2021-10-14,142.110001,143.880005,141.509995,143.759995,69907100
AAPL,2021-10-15,143.770004,144.899994,143.509995,144.839996,67940300
AAPL,2021-10-18,143.449997,146.839996,143.160004,146.550003,85589200
AAPL,2021-10-19,147.009995,149.169998,146.550003,148.759995,76378900
AAPL,2021-10-20,148.699997,149.75,148.119995,149.259995,58418800
AAPL,2021-10-21,148.809998,149.639999,147.869995,149.479996,61421000
AAPL,2021-10-22,149.690002,150.179993,148.639999,148.690002,58883400
AAPL,2021-10-25,148.679993,149.369995,147.619995,148.639999,50720600
AAPL,2021-10-26,149.330002,150.839996,149.009995,149.320007,60893400
AAPL,2021-10-27,149.360001,149.729996,148.490005,148.850006,56094900
AAPL,2021-10-28,149.820007,153.169998,149.720001,152.570007,100077900
AAPL,2021-10-29,147.220001,149.940002,146.410004,149.800003,124953200
AAPL,2021-11-01,148.990005,149.699997,147.800003,148.960007,74588300
AAPL,2021-11-02,148.660004,151.570007,148.649994,150.020004,69122000
AAPL,2021-11-03,150.389999,151.970001,149.820007,151.490005,54511500
AAPL,2021-11-04,151.580002,152.429993,150.639999,150.960007,60394600
AAPL,2021-11-05,151.889999,152.199997,150.059998,151.279999,65463900
AAPL,2021-11-08,151.410004,151.570007,150.160004,150.440002,55020900
AAPL,2021-11-09,150.199997,151.429993,150.059998,150.809998,56787900
AAPL,2021-11-10,150.020004,150.130005,147.850006,147.919998,65187100
AAPL,2021-11-11,148.960007,149.429993,147.679993,147.869995,41000000
AAPL,2021-11-12,148.429993,150.399994,147.479996,149.990005,63804000
AAPL,2021-11-15,150.369995,151.880005,149.429993,150.0,59222800
AAPL,2021-11-16,149.940002,151.490005,149.339996,151.0,59256200
AAPL,2021-11-17,151.0,155.0,150.990005,153.490005,88807000
AAPL,2021-11-18,153.710007,158.669998,153.050003,157.869995,137827700
AAPL,2021-11-19,157.649994,161.020004,156.529999,160.550003,117305600
AAPL,2021-11-22,161.679993,165.699997,161.0,161.020004,117467900
AAPL,2021-11-23,161.119995,161.800003,159.059998,161.410004,96041900
AAPL,2021-11-24,160.75,162.139999,159.639999,161.940002,69463600
AAPL,2021-11-26,159.570007,160.449997,156.360001,156.809998,76959800
AAPL,2021-11-29,159.369995,161.190002,158.789993,160.240005,88748200
AAPL,2021-11-30,159.990005,165.520004,159.919998,165.300003,174048100
AAPL,2021-12-01,167.479996,170.300003,164.529999,164.770004,152052500
AAPL,2021-12-02,158.740005,164.199997,157.800003,163.759995,136739200
AAPL,2021-12-03,164.020004,164.960007,159.720001,161.839996,118023100
AAPL,2021-12-06,164.289993,167.880005,164.279999,165.320007,107497000
AAPL,2021-12-07,169.080002,171.580002,168.339996,171.179993,120405400
AAPL,2021-12-08,172.130005,175.960007,170.699997,175.080002,116998900
AAPL,2021-12-09,174.910004,176.75,173.919998,174.559998,108923700
AAPL,2021-12-10,175.210007,179.630005,174.690002,179.449997,115402700
AAPL,2021-12-13,181.119995,182.130005,175.529999,175.740005,153237000
AAPL,2021-12-14,175.25,177.740005,172.210007,174.330002,139380400
AAPL,2021-12-15,175.110001,179.5,172.309998,179.300003,131063300
AAPL,2021-12-16,179.279999,181.139999,170.75,172.259995,150185800
AAPL,2021-12-17,169.929993,173.470001,169.690002,171.139999,195432700
AAPL,2021-12-20,168.279999,170.580002,167.460007,169.75,107499100
AAPL,2021-12-21,171.559998,173.199997,169.119995,172.990005,91185900
AAPL,2021-12-22,173.039993,175.860001,172.149994,175.639999,92135300
AAPL,2021-12-23,175.850006,176.850006,175.270004,176.279999,68356600
AAPL,2021-12-27,177.089996,180.419998,177.070007,180.330002,74919600
AAPL,2021-12-28,180.160004,181.330002,178.529999,179.289993,79144300
AAPL,2021-12-29,179.330002,180.630005,178.139999,179.380005,62348900
AAPL,2021-12-30,179.470001,180.570007,178.089996,178.199997,59773000
AAPL,2021-12-31,178.089996,179.229996,177.259995,177.570007,64062300
AAPL,2022-01-03,177.830002,182.880005,177.710007,182.009995,104487900
AAPL,2022-01-04,182.630005,182.940002,179.119995,179.699997,99310400
AAPL,2022-01-05,179.610001,180.169998,174.639999,174.919998,94537600
AAPL,2022-01-06,172.699997,175.300003,171.639999,172.0,96904000
AAPL,2022-01-07,172.889999,174.139999,171.029999,172.169998,86709100
AAPL,2022-01-10,169.080002,172.5,168.169998,172.190002,106765600
AAPL,2022-01-11,172.320007,175.179993,170.820007,175.080002,76138300
AAPL,2022-01-12,176.119995,177.179993,174.820007,175.529999,74805200
AAPL,2022-01-13,175.779999,176.619995,171.789993,172.190002,84505800
AAPL,2022-01-14,171.339996,173.779999,171.089996,173.070007,80440800
AAPL,2022-01-18,171.509995,172.539993,169.410004,169.800003,90956700
AAPL,2022-01-19,170.0,171.080002,165.940002,166.229996,94815000
AAPL,2022-01-20,166.979996,169.679993,164.179993,164.509995,91420500
AAPL,2022-01-21,164.419998,166.330002,162.300003,162.410004,122848900
AAPL,2022-01-24,160.020004,162.300003,154.699997,161.619995,162294600
AAPL,2022-01-25,158.979996,162.759995,157.020004,159.779999,115798400
AAPL,2022-01-26,163.5,164.389999,157.820007,159.690002,108275300
AAPL,2022-01-27,162.449997,163.839996,158.279999,159.220001,121954600
AAPL,2022-01-28,165.710007,170.350006,162.800003,170.330002,179935700
AAPL,2022-01-31,170.160004,175.0,169.509995,174.779999,115541600
AAPL,2022-02-01,174.009995,174.839996,172.309998,174.610001,86213900
AAPL,2022-02-02,174.75,175.880005,173.330002,175.839996,84914300
AAPL,2022-02-03,174.479996,176.240005,172.119995,172.899994,89418100
AAPL,2022-02-04,171.679993,174.100006,170.679993,172.389999,82465400
AAPL,2022-02-07,172.860001,173.949997,170.949997,171.660004,77251200
AAPL,2022-02-08,171.729996,175.350006,171.429993,174.830002,74829200
AAPL,2022-02-09,176.050003,176.649994,174.899994,176.279999,71285000
AAPL,2022-02-10,174.139999,175.479996,171.550003,172.119995,90865900
AAPL,2022-02-11,172.330002,173.080002,168.039993,168.639999,98670700
AAPL,2022-02-14,167.369995,169.580002,166.559998,168.880005,86185500
AAPL,2022-02-15,170.970001,172.949997,170.25,172.789993,62527400
AAPL,2022-02-16,171.850006,173.339996,170.050003,172.550003,61177400
AAPL,2022-02-17,171.029999,171.910004,168.470001,168.880005,69589300
AAPL,2022-02-18,169.820007,170.539993,166.190002,167.300003,82772700
AAPL,2022-02-22,164.979996,166.690002,162.149994,164.320007,91162800
AAPL,2022-02-23,165.539993,166.149994,159.75,160.070007,90009200
AAPL,2022-02-24,152.580002,162.850006,152.0,162.740005,141147500
AAPL,2022-02-25,163.839996,165.119995,160.869995,164.850006,91974200
AAPL,2022-02-28,163.059998,165.419998,162.429993,165.119995,95056600
AAPL,2022-03-01,164.699997,166.600006,161.970001,163.199997,83474400
AAPL,2022-03-02,164.389999,167.360001,162.949997,166.559998,79724800
AAPL,2022-03-03,168.470001,168.910004,165.550003,166.229996,76678400
AAPL,2022-03-04,164.490005,165.550003,162.100006,163.169998,83737200
AAPL,2022-03-07,163.360001,165.020004,159.039993,159.300003,96418800
AAPL,2022-03-08,158.820007,162.880005,155.800003,157.440002,131148300
AAPL,2022-03-09,161.479996,163.410004,159.410004,162.949997,91454900
AAPL,2022-03-10,160.199997,160.389999,155.979996,158.520004,105342000
AAPL,2022-03-11,158.929993,159.279999,154.5,154.729996,96970100
AAPL,2022-03-14,151.449997,154.119995,150.100006,150.619995,108732100
AAPL,2022-03-15,150.899994,155.570007,150.380005,155.089996,92964300
AAPL,2022-03-16,157.050003,160.0,154.460007,159.589996,102300200
AAPL,2022-03-17,158.610001,161.0,157.630005,160.619995,75615400
AAPL,2022-03-18,160.509995,164.479996,159.759995,163.979996,123511700
AAPL,2022-03-21,163.509995,166.350006,163.009995,165.380005,95811400
AAPL,2022-03-22,165.509995,169.419998,164.910004,168.820007,81532000
AAPL,2022-03-23,167.990005,172.639999,167.649994,170.210007,98062700
AAPL,2022-03-24,171.059998,174.139999,170.210007,174.070007,90131400
AAPL,2022-03-25,173.880005,175.279999,172.75,174.720001,80546200
AAPL,2022-03-28,172.169998,175.729996,172.0,175.600006,90371900
AAPL,2022-03-29,176.690002,179.009995,176.339996,178.960007,100589400
AAPL,2022-03-30,178.550003,179.610001,176.699997,177.770004,92633200
AAPL,2022-03-31,177.839996,178.029999,174.399994,174.610001,103049300
AAPL,2022-04-01,174.029999,174.880005,171.940002,174.309998,78751300
AAPL,2022-04-04,174.570007,178.490005,174.440002,178.440002,76468400
AAPL,2022-04-05,177.5,178.300003,174.419998,175.059998,73401800
AAPL,2022-04-06,172.360001,173.630005,170.130005,171.830002,89058800
AAPL,2022-04-07,171.160004,173.360001,169.850006,172.139999,77594700
AAPL,2022-04-08,171.779999,171.779999,169.199997,170.089996,76575500
AAPL,2022-04-11,168.710007,169.029999,165.5,165.75,72246700
AAPL,2022-04-12,168.020004,169.869995,166.639999,167.660004,79265200
AAPL,2022-04-13,167.389999,171.039993,166.770004,170.399994,70618900
AAPL,2022-04-14,170.619995,171.270004,165.039993,165.289993,75329400
AAPL,2022-04-18,163.919998,166.600006,163.570007,165.070007,69023900
AAPL,2022-04-19,165.020004,167.820007,163.910004,167.399994,67723800
AAPL,2022-04-20,168.759995,168.880005,166.100006,167.229996,67929800
AAPL,2022-04-21,168.910004,171.529999,165.910004,166.419998,87227800
AAPL,2022-04-22,166.460007,167.869995,161.5,161.789993,84882400
AAPL,2022-04-25,161.119995,163.169998,158.460007,162.880005,96046400
AAPL,2022-04-26,162.25,162.339996,156.720001,156.800003,95623200
AAPL,2022-04-27,155.910004,159.789993,155.380005,156.570007,88063200
AAPL,2022-04-28,159.25,164.520004,158.929993,163.639999,130216800
AAPL,2022-04-29,161.839996,166.199997,157.25,157.649994,131747600
AAPL,2022-05-02,156.710007,158.229996,153.270004,157.960007,123055300
AAPL,2022-05-03,158.149994,160.710007,156.320007,159.479996,88966500
AAPL,2022-05-04,159.669998,166.479996,159.259995,166.020004,108256500
AAPL,2022-05-05,163.850006,164.080002,154.949997,156.770004,130525300
AAPL,2022-05-06,156.009995,159.440002,154.179993,157.279999,116124600
AAPL,2022-05-09,154.929993,155.830002,151.490005,152.059998,131577900
AAPL,2022-05-10,155.520004,156.740005,152.929993,154.509995,115366700
AAPL,2022-05-11,153.5,155.449997,145.809998,146.5,142689800
AAPL,2022-05-12,142.770004,146.199997,138.800003,142.559998,182602000
AAPL,2022-05-13,144.589996,148.100006,143.110001,147.110001,113990900
AAPL,2022-05-16,145.550003,147.520004,144.179993,145.539993,86643800
AAPL,2022-05-17,148.860001,149.770004,146.679993,149.240005,78336300
AAPL,2022-05-18,146.850006,147.360001,139.899994,140.820007,109742900
AAPL,2022-05-19,139.880005,141.660004,136.600006,137.350006,136095600
AAPL,2022-05-20,139.089996,140.699997,132.610001,137.589996,137426100
AAPL,2022-05-23,137.789993,143.259995,137.649994,143.110001,117726300
AAPL,2022-05-24,140.809998,141.970001,137.330002,140.360001,104132700
AAPL,2022-05-25,138.429993,141.789993,138.339996,140.520004,92482700
AAPL,2022-05-26,137.389999,144.339996,137.139999,143.779999,90601500
AAPL,2022-05-27,145.389999,149.679993,145.259995,149.639999,90978500
AAPL,2022-05-31,149.070007,150.660004,146.839996,148.839996,103718400
AAPL,2022-06-01,149.899994,151.740005,147.679993,148.710007,74286600
AAPL,2022-06-02,147.830002,151.270004,146.860001,151.210007,72348100
AAPL,2022-06-03,146.899994,147.970001,144.460007,145.380005,88570300
AAPL,2022-06-06,147.029999,148.570007,144.899994,146.139999,71598400
AAPL,2022-06-07,144.350006,149.0,144.100006,148.710007,67808200
AAPL,2022-06-08,148.580002,149.869995,147.460007,147.960007,53950200
AAPL,2022-06-09,147.080002,147.949997,142.529999,142.639999,69473000
AAPL,2022-06-10,140.279999,140.759995,137.059998,137.130005,91437900
AAPL,2022-06-13,132.869995,135.199997,131.440002,131.880005,122207100
AAPL,2022-06-14,133.130005,133.889999,131.479996,132.759995,84784300
AAPL,2022-06-15,134.289993,137.339996,132.160004,135.429993,91533000
AAPL,2022-06-16,132.080002,132.389999,129.039993,130.059998,108123900
AAPL,2022-06-17,130.070007,133.080002,129.809998,131.559998,134520300
AAPL,2022-06-21,133.419998,137.059998,133.320007,135.869995,81000500
AAPL,2022-06-22,134.789993,137.759995,133.910004,135.350006,73409200
AAPL,2022-06-23,136.820007,138.589996,135.630005,138.270004,72433800
AAPL,2022-06-24,139.899994,141.910004,139.770004,141.660004,89116800
AAPL,2022-06-27,142.699997,143.490005,140.970001,141.660004,70207900
AAPL,2022-06-28,142.130005,143.419998,137.320007,137.440002,67083400
AAPL,2022-06-29,137.460007,140.669998,136.669998,139.229996,66242400
AAPL,2022-06-30,137.25,138.369995,133.770004,136.720001,98964500
AAPL,2022-07-01,136.039993,139.039993,135.660004,138.929993,71051600
AAPL,2022-07-05,137.770004,141.610001,136.929993,141.559998,73353800
AAPL,2022-07-06,141.350006,144.119995,141.080002,142.919998,74064300
AAPL,2022-07-07,143.289993,146.550003,143.279999,146.350006,66253700
AAPL,2022-07-08,145.259995,147.550003,145.0,147.039993,64547800
AAPL,2022-07-11,145.669998,146.639999,143.779999,144.869995,63141600
AAPL,2022-07-12,145.759995,148.449997,145.050003,145.860001,77588800
AAPL,2022-07-13,142.990005,146.449997,142.119995,145.490005,71185600
AAPL,2022-07-14,144.080002,148.949997,143.25,148.470001,78140700
AAPL,2022-07-15,149.779999,150.860001,148.199997,150.169998,76259900
AAPL,2022-07-18,150.740005,151.570007,146.699997,147.070007,81420900
AAPL,2022-07-19,147.919998,151.229996,146.910004,151.0,82982400
AAPL,2022-07-20,151.119995,153.720001,150.369995,153.039993,64823400
AAPL,2022-07-21,154.5,155.570007,151.940002,155.350006,65086600
AAPL,2022-07-22,155.389999,156.279999,153.410004,154.089996,66675400
AAPL,2022-07-25,154.009995,155.039993,152.279999,152.949997,53623900
AAPL,2022-07-26,152.259995,153.089996,150.800003,151.600006,55138700
AAPL,2022-07-27,152.580002,157.330002,152.160004,156.789993,78620700
AAPL,2022-07-28,156.979996,157.639999,154.410004,157.350006,81378700
AAPL,2022-07-29,161.240005,163.630005,159.5,162.509995,101786900
AAPL,2022-08-01,161.009995,163.589996,160.889999,161.509995,67829400
AAPL,2022-08-02,160.100006,162.410004,159.630005,160.009995,59907000
AAPL,2022-08-03,160.839996,166.589996,160.75,166.130005,82507500
AAPL,2022-08-04,166.009995,167.190002,164.429993,165.809998,55474100
AAPL,2022-08-05,163.210007,165.850006,163.0,165.350006,56697000
AAPL,2022-08-08,166.369995,167.809998,164.199997,164.869995,60276900
AAPL,2022-08-09,164.020004,165.820007,163.25,164.919998,63135500
AAPL,2022-08-10,167.679993,169.339996,166.899994,169.240005,70170500
AAPL,2022-08-11,170.059998,170.990005,168.190002,168.490005,57149200
AAPL,2022-08-12,169.820007,172.169998,169.399994,172.100006,68039400
AAPL,2022-08-15,171.520004,173.389999,171.350006,173.190002,54091700
AAPL,2022-08-16,172.779999,173.710007,171.660004,173.029999,56377100
AAPL,2022-08-17,172.770004,176.149994,172.570007,174.550003,79542000
AAPL,2022-08-18,173.75,174.899994,173.119995,174.149994,62290100
AAPL,2022-08-19,173.029999,173.740005,171.309998,171.520004,70346300
AAPL,2022-08-22,169.690002,169.860001,167.139999,167.570007,69026800
AAPL,2022-08-23,167.080002,168.710007,166.649994,167.229996,54147100
AAPL,2022-08-24,167.320007,168.110001,166.25,167.529999,53841500
AAPL,2022-08-25,168.779999,170.139999,168.350006,170.029999,51218200
AAPL,2022-08-26,170.570007,171.050003,163.559998,163.619995,78961000
AAPL,2022-08-29,161.149994,162.899994,159.820007,161.380005,73314000
AAPL,2022-08-30,162.130005,162.559998,157.720001,158.910004,77906200
AAPL,2022-08-31,160.309998,160.580002,157.139999,157.220001,87991100
AAPL,2022-09-01,156.639999,158.419998,154.669998,157.960007,74229900
AAPL,2022-09-02,159.75,160.360001,154.970001,155.809998,76957800
AAPL,2022-09-06,156.470001,157.089996,153.690002,154.529999,73714800
AAPL,2022-09-07,154.820007,156.669998,153.610001,155.960007,87449600
AAPL,2022-09-08,154.639999,156.360001,152.679993,154.460007,84923800
AAPL,2022-09-09,155.470001,157.820007,154.75,157.369995,68028800
AAPL,2022-09-12,159.589996,164.259995,159.300003,163.429993,104956000
AAPL,2022-09-13,159.899994,160.539993,153.369995,153.839996,122656600
AAPL,2022-09-14,154.789993,157.100006,153.610001,155.309998,87965400
AAPL,2022-09-15,154.649994,155.240005,151.380005,152.369995,90481100
AAPL,2022-09-16,151.210007,151.350006,148.369995,150.699997,162278800
AAPL,2022-09-19,149.309998,154.559998,149.100006,154.479996,81474200
AAPL,2022-09-20,153.399994,158.080002,153.080002,156.899994,107689800
AAPL,2022-09-21,157.339996,158.740005,153.600006,153.720001,101696800
AAPL,2022-09-22,152.380005,154.470001,150.910004,152.740005,86652500
AAPL,2022-09-23,151.190002,151.470001,148.559998,150.429993,96029900
AAPL,2022-09-26,149.660004,153.770004,149.639999,150.770004,93339400
AAPL,2022-09-27,152.740005,154.720001,149.949997,151.759995,84442700
AAPL,2022-09-28,147.639999,150.639999,144.839996,149.839996,146691400
AAPL,2022-09-29,146.100006,146.720001,140.679993,142.479996,128138200
AAPL,2022-09-30,141.279999,143.100006,138.0,138.199997,124925300
AAPL,2022-10-03,138.210007,143.070007,137.690002,142.449997,114311700
AAPL,2022-10-04,145.029999,146.220001,144.259995,146.100006,87830100
AAPL,2022-10-05,144.070007,147.380005,143.009995,146.399994,79471000
AAPL,2022-10-06,145.809998,147.539993,145.220001,145.429993,68402200
AAPL,2022-10-07,142.539993,143.100006,139.449997,140.089996,85925600
AAPL,2022-10-10,140.419998,141.889999,138.570007,140.419998,74899000
AAPL,2022-10-11,139.899994,141.350006,138.220001,138.979996,77033700
AAPL,2022-10-12,139.130005,140.360001,138.160004,138.339996,70433700
AAPL,2022-10-13,134.990005,143.589996,134.369995,142.990005,113224000
AAPL,2022-10-14,144.309998,144.520004,138.190002,138.380005,88598000
AAPL,2022-10-17,141.070007,142.899994,140.270004,142.410004,85250900
AAPL,2022-10-18,145.490005,146.699997,140.610001,143.75,99136600
AAPL,2022-10-19,141.690002,144.949997,141.5,143.860001,61758300
AAPL,2022-10-20,143.020004,145.889999,142.649994,143.389999,64522000
AAPL,2022-10-21,142.869995,147.850006,142.649994,147.270004,86548600
AAPL,2022-10-24,147.190002,150.229996,146.0,149.449997,75981900
AAPL,2022-10-25,150.089996,152.490005,149.360001,152.339996,74732300
AAPL,2022-10-26,150.960007,151.990005,148.039993,149.350006,88194300
AAPL,2022-10-27,148.070007,149.050003,144.130005,144.800003,109180200
AAPL,2022-10-28,148.199997,157.5,147.820007,155.740005,164762400
AAPL,2022-10-31,153.160004,154.240005,151.919998,153.339996,97943200
AAPL,2022-11-01,155.080002,155.449997,149.130005,150.649994,80379300
AAPL,2022-11-02,148.949997,152.169998,145.0,145.029999,93604600
AAPL,2022-11-03,142.059998,142.800003,138.75,138.880005,97918500
AAPL,2022-11-04,142.089996,142.669998,134.380005,138.380005,140814800
AAPL,2022-11-07,137.110001,139.149994,135.669998,138.919998,83374600
AAPL,2022-11-08,140.410004,141.429993,137.490005,139.5,89908500
AAPL,2022-11-09,138.5,138.550003,134.589996,134.869995,74917800
AAPL,2022-11-10,141.240005,146.869995,139.5,146.869995,118854000
AAPL,2022-11-11,145.820007,150.009995,144.369995,149.699997,93979700
AAPL,2022-11-14,148.970001,150.279999,147.429993,148.279999,73374100
AAPL,2022-11-15,152.220001,153.589996,148.559998,150.039993,89868300
AAPL,2022-11-16,149.130005,149.869995,147.289993,148.789993,64218300
AAPL,2022-11-17,146.429993,151.479996,146.149994,150.720001,80389400
AAPL,2022-11-18,152.309998,152.699997,149.970001,151.289993,74829600
AAPL,2022-11-21,150.160004,150.369995,147.720001,148.009995,58724100
AAPL,2022-11-22,148.130005,150.419998,146.929993,150.179993,51804100
AAPL,2022-11-23,149.449997,151.830002,149.339996,151.070007,58301400
AAPL,2022-11-25,148.309998,148.880005,147.119995,148.110001,35195900
AAPL,2022-11-28,145.139999,146.639999,143.380005,144.220001,69246000
AAPL,2022-11-29,144.289993,144.809998,140.350006,141.169998,83763800
AAPL,2022-11-30,141.399994,148.720001,140.550003,148.029999,111380900
AAPL,2022-12-01,148.210007,149.130005,146.610001,148.309998,71250400
AAPL,2022-12-02,145.960007,148.0,145.649994,147.809998,65447400
AAPL,2022-12-05,147.770004,150.919998,145.770004,146.630005,68826400
AAPL,2022-12-06,147.070007,147.300003,141.919998,142.910004,64727200
AAPL,2022-12-07,142.190002,143.369995,140.0,140.940002,69721100
AAPL,2022-12-08,142.360001,143.520004,141.100006,142.649994,62128300
AAPL,2022-12-09,142.339996,145.570007,140.899994,142.160004,76097000
AAPL,2022-12-12,142.699997,144.5,141.059998,144.490005,70462700
AAPL,2022-12-13,149.5,149.970001,144.240005,145.470001,93886200
AAPL,2022-12-14,145.350006,146.660004,141.160004,143.210007,82291200
AAPL,2022-12-15,141.110001,141.800003,136.029999,136.5,98931900
AAPL,2022-12-16,136.690002,137.649994,133.729996,134.509995,160156900
AAPL,2022-12-19,135.110001,135.199997,131.320007,132.369995,79592600
AAPL,2022-12-20,131.389999,133.25,129.889999,132.300003,77432800
AAPL,2022-12-21,132.979996,136.809998,132.75,135.449997,85928000
AAPL,2022-12-22,134.350006,134.559998,130.300003,132.229996,77852100
AAPL,2022-12-23,130.919998,132.419998,129.639999,131.860001,63814900
AAPL,2022-12-27,131.380005,131.410004,128.720001,130.029999,69007800
AAPL,2022-12-28,129.669998,131.029999,125.870003,126.040001,85438400
AAPL,2022-12-29,127.989998,130.479996,127.730003,129.610001,75703700
AAPL,2022-12-30,128.410004,129.949997,127.43,129.929993,77034200
AAPL,2023-01-03,130.279999,130.899994,124.169998,125.07,112117500
AAPL,2023-01-04,126.889999,128.660004,125.080002,126.360001,89113600
AAPL,2023-01-05,127.129997,127.769997,124.760002,125.019997,80962700
AAPL,2023-01-06,126.010002,130.289993,124.889999,129.619995,87754700
AAPL,2023-01-09,130.470001,133.410004,129.889999,130.149994,70790800
AAPL,2023-01-10,130.259995,131.259995,128.119995,130.729996,63896200
AAPL,2023-01-11,131.25,133.509995,130.460007,133.490005,69458900
AAPL,2023-01-12,133.880005,134.259995,131.440002,133.410004,71379600
AAPL,2023-01-13,132.029999,134.919998,131.660004,134.759995,57809700
AAPL,2023-01-17,134.830002,137.289993,134.130005,135.940002,63646600
AAPL,2023-01-18,136.820007,138.610001,135.029999,135.210007,69672800
AAPL,2023-01-19,134.080002,136.25,133.770004,135.270004,58280400
AAPL,2023-01-20,135.279999,138.020004,134.220001,137.869995,80223600
AAPL,2023-01-23,138.119995,143.320007,137.899994,141.110001,81760300
AAPL,2023-01-24,140.309998,143.160004,140.300003,142.529999,66435100
AAPL,2023-01-25,140.889999,142.429993,138.809998,141.860001,65799300
AAPL,2023-01-26,143.169998,144.25,141.899994,143.960007,54105100
AAPL,2023-01-27,143.160004,147.229996,143.080002,145.929993,70555800
AAPL,2023-01-30,144.960007,145.550003,142.850006,143.0,64015300
AAPL,2023-01-31,142.699997,144.339996,142.279999,144.289993,65874500
AAPL,2023-02-01,143.970001,146.610001,141.320007,145.429993,77663600
AAPL,2023-02-02,148.899994,151.179993,148.169998,150.820007,118339000
AAPL,2023-02-03,148.029999,157.380005,147.830002,154.5,154357300
AAPL,2023-02-06,152.570007,153.100006,150.779999,151.729996,69858300
AAPL,2023-02-07,150.639999,155.229996,150.639999,154.649994,83322600
AAPL,2023-02-08,153.880005,154.580002,151.169998,151.919998,64120100
AAPL,2023-02-09,153.779999,154.330002,150.419998,150.869995,56007100
AAPL,2023-02-10,149.460007,151.339996,149.220001,151.009995,57450700
AAPL,2023-02-13,150.949997,154.259995,150.919998,153.850006,62199000
AAPL,2023-02-14,152.119995,153.770004,150.860001,153.199997,61707600
AAPL,2023-02-15,153.110001,155.5,152.880005,155.330002,65573800
AAPL,2023-02-16,153.509995,156.330002,153.350006,153.710007,68167900
AAPL,2023-02-17,152.350006,153.0,150.850006,152.550003,59144100
AAPL,2023-02-21,150.199997,151.300003,148.410004,148.479996,58867200
AAPL,2023-02-22,148.869995,149.949997,147.160004,148.910004,51011300
AAPL,2023-02-23,150.089996,150.339996,147.240005,149.399994,48394200
AAPL,2023-02-24,147.110001,147.190002,145.720001,146.710007,55469600
AAPL,2023-02-27,147.710007,149.169998,147.449997,147.919998,44998500
AAPL,2023-02-28,147.050003,149.080002,146.830002,147.410004,50547000
AAPL,2023-03-01,146.830002,147.229996,145.009995,145.309998,55479000
AAPL,2023-03-02,144.380005,146.710007,143.899994,145.910004,52238100
AAPL,2023-03-03,148.039993,151.110001,147.330002,151.029999,70732300
AAPL,2023-03-06,153.789993,156.300003,153.460007,153.830002,87558000
AAPL,2023-03-07,153.699997,154.029999,151.130005,151.600006,56182000
AAPL,2023-03-08,152.809998,153.470001,151.830002,152.869995,47204800
AAPL,2023-03-09,153.559998,154.539993,150.229996,150.589996,53833600
AAPL,2023-03-10,150.210007,150.940002,147.610001,148.5,68572400
AAPL,2023-03-13,147.809998,153.139999,147.699997,150.470001,84457100
AAPL,2023-03-14,151.279999,153.399994,150.100006,152.589996,73695900
AAPL,2023-03-15,151.190002,153.25,149.919998,152.990005,77167900
AAPL,2023-03-16,152.160004,156.460007,151.639999,155.850006,76161100
AAPL,2023-03-17,156.080002,156.740005,154.279999,155.0,98944600
AAPL,2023-03-20,155.070007,157.820007,154.149994,157.399994,73641400
AAPL,2023-03-21,157.320007,159.399994,156.539993,159.279999,73938300
AAPL,2023-03-22,159.300003,162.139999,157.809998,157.830002,75701800
AAPL,2023-03-23,158.830002,161.550003,157.679993,158.929993,67622100
AAPL,2023-03-24,158.860001,160.339996,157.850006,160.25,59196500
AAPL,2023-03-27,159.940002,160.770004,157.869995,158.279999,52390300
AAPL,2023-03-28,157.970001,158.490005,155.979996,157.649994,45992200
AAPL,2023-03-29,159.369995,161.050003,159.350006,160.770004,51305700
AAPL,2023-03-30,161.529999,162.470001,161.270004,162.360001,49501700
AAPL,2023-03-31,162.440002,165.0,161.910004,164.899994,68749800
AAPL,2023-04-03,164.270004,166.289993,164.220001,166.169998,56976200
AAPL,2023-04-04,166.600006,166.839996,165.110001,165.630005,46278300
AAPL,2023-04-05,164.740005,165.050003,161.800003,163.759995,51511700
AAPL,2023-04-06,162.429993,164.960007,162.0,164.660004,45390100
AAPL,2023-04-10,161.419998,162.029999,160.080002,162.029999,47716900
AAPL,2023-04-11,162.350006,162.360001,160.509995,160.800003,47644200
AAPL,2023-04-12,161.220001,162.059998,159.779999,160.100006,50133100
AAPL,2023-04-13,161.630005,165.800003,161.419998,165.559998,68445600
AAPL,2023-04-14,164.589996,166.320007,163.820007,165.210007,49386500
AAPL,2023-04-17,165.089996,165.389999,164.029999,165.229996,41516200
AAPL,2023-04-18,166.100006,167.410004,165.649994,166.470001,49923000
AAPL,2023-04-19,165.800003,168.160004,165.539993,167.630005,47720200
AAPL,2023-04-20,166.089996,167.869995,165.559998,166.649994,52456400
AAPL,2023-04-21,165.050003,166.449997,164.490005,165.020004,58337300
AAPL,2023-04-24,165.0,165.600006,163.889999,165.330002,41949600
AAPL,2023-04-25,165.190002,166.309998,163.729996,163.770004,48714100
AAPL,2023-04-26,163.059998,165.279999,162.800003,163.759995,45498800
AAPL,2023-04-27,165.190002,168.559998,165.190002,168.410004,64902300
AAPL,2023-04-28,168.490005,169.850006,167.880005,169.679993,55275900
AAPL,2023-05-01,169.279999,170.449997,168.639999,169.589996,52472900
AAPL,2023-05-02,170.089996,170.350006,167.539993,168.539993,48425700
AAPL,2023-05-03,169.5,170.919998,167.160004,167.449997,65136000
AAPL,2023-05-04,164.889999,167.039993,164.309998,165.789993,81235400
AAPL,2023-05-05,170.979996,174.300003,170.759995,173.570007,113453200
AAPL,2023-05-08,172.479996,173.850006,172.110001,173.5,55962800
AAPL,2023-05-09,173.050003,173.539993,171.600006,171.770004,45326900
AAPL,2023-05-10,173.020004,174.029999,171.899994,173.559998,53724500
AAPL,2023-05-11,173.850006,174.589996,172.169998,173.75,49514700
AAPL,2023-05-12,173.619995,174.059998,171.0,172.570007,45533100
AAPL,2023-05-15,173.160004,173.210007,171.470001,172.070007,37266700
AAPL,2023-05-16,171.990005,173.139999,171.800003,172.070007,42110300
AAPL,2023-05-17,171.710007,172.929993,170.419998,172.690002,57951600
AAPL,2023-05-18,173.0,175.240005,172.580002,175.050003,65496700
AAPL,2023-05-19,176.389999,176.389999,174.940002,175.160004,55809500
AAPL,2023-05-22,173.979996,174.710007,173.449997,174.199997,43570900
AAPL,2023-05-23,173.130005,173.380005,171.279999,171.559998,50747300
AAPL,2023-05-24,171.089996,172.419998,170.520004,171.839996,45143500
AAPL,2023-05-25,172.410004,173.899994,171.690002,172.990005,56058300
AAPL,2023-05-26,173.320007,175.770004,173.110001,175.429993,54835000
AAPL,2023-05-30,176.960007,178.990005,176.570007,177.300003,55964400
AAPL,2023-05-31,177.330002,179.350006,176.759995,177.25,99625300
AAPL,2023-06-01,177.699997,180.119995,176.929993,180.089996,68901800
AAPL,2023-06-02,181.029999,181.779999,179.259995,180.949997,61996900
AAPL,2023-06-05,182.630005,184.949997,178.039993,179.580002,121946500
AAPL,2023-06-06,179.970001,180.119995,177.429993,179.210007,64848400
AAPL,2023-06-07,178.440002,181.210007,177.320007,177.820007,61944600
AAPL,2023-06-08,177.899994,180.839996,177.460007,180.570007,50214900
AAPL,2023-06-09,181.5,182.229996,180.630005,180.960007,48900000
AAPL,2023-06-12,181.270004,183.889999,180.970001,183.789993,54274900
AAPL,2023-06-13,182.800003,184.149994,182.440002,183.309998,54929100
AAPL,2023-06-14,183.369995,184.389999,182.020004,183.949997,57462900
AAPL,2023-06-15,183.960007,186.520004,183.779999,186.009995,65433200
AAPL,2023-06-16,186.729996,186.990005,184.270004,184.919998,101256200
AAPL,2023-06-20,184.410004,186.100006,184.410004,185.009995,49799100
AAPL,2023-06-21,184.899994,185.410004,182.589996,183.960007,49515700
AAPL,2023-06-22,183.740005,187.050003,183.669998,187.0,51245300
AAPL,2023-06-23,185.550003,187.559998,185.009995,186.679993,53117000
AAPL,2023-06-26,186.830002,188.050003,185.229996,185.270004,48088700
AAPL,2023-06-27,185.889999,188.389999,185.669998,188.059998,50730800
AAPL,2023-06-28,187.929993,189.899994,187.600006,189.25,51216800
AAPL,2023-06-29,189.080002,190.070007,188.940002,189.589996,46347300
AAPL,2023-06-30,191.630005,194.479996,191.259995,193.970001,85213200
AAPL,2023-07-03,193.779999,193.880005,191.759995,192.460007,31458200
AAPL,2023-07-05,191.570007,192.979996,190.619995,191.330002,46920300
AAPL,2023-07-06,189.839996,192.020004,189.199997,191.809998,45094300
AAPL,2023-07-07,191.410004,192.669998,190.240005,190.679993,46815000
AAPL,2023-07-10,189.259995,189.990005,187.039993,188.610001,59922200
AAPL,2023-07-11,189.160004,189.300003,186.600006,188.080002,46638100
AAPL,2023-07-12,189.679993,191.699997,188.470001,189.770004,60750200
AAPL,2023-07-13,190.5,191.190002,189.779999,190.539993,41342300
AAPL,2023-07-14,190.229996,191.179993,189.630005,190.690002,41616200
AAPL,2023-07-17,191.899994,194.320007,191.809998,193.990005,50520200
AAPL,2023-07-18,193.350006,194.330002,192.419998,193.729996,48288200
AAPL,2023-07-19,193.100006,198.229996,192.649994,195.100006,80507300
AAPL,2023-07-20,195.089996,196.470001,192.5,193.130005,59581200
AAPL,2023-07-21,194.100006,194.970001,191.229996,191.940002,71951700
AAPL,2023-07-24,193.410004,194.910004,192.25,192.75,45377800
AAPL,2023-07-25,193.330002,194.440002,192.919998,193.619995,37283200
AAPL,2023-07-26,193.669998,195.639999,193.320007,194.5,47471900
AAPL,2023-07-27,196.020004,197.199997,192.550003,193.220001,47460200
AAPL,2023-07-28,194.669998,196.630005,194.139999,195.830002,48291400
AAPL,2023-07-31,196.059998,196.490005,195.259995,196.449997,38824100
AAPL,2023-08-01,196.240005,196.729996,195.279999,195.610001,35175100
AAPL,2023-08-02,195.039993,195.179993,191.850006,192.580002,50389300
AAPL,2023-08-03,191.570007,192.369995,190.690002,191.169998,61235200
AAPL,2023-08-04,185.520004,187.380005,181.919998,181.990005,115956800
AAPL,2023-08-07,182.130005,183.130005,177.350006,178.850006,97576100
AAPL,2023-08-08,179.690002,180.270004,177.580002,179.800003,67823000
AAPL,2023-08-09,180.869995,180.929993,177.009995,178.190002,60378500
AAPL,2023-08-10,179.479996,180.75,177.600006,177.970001,54686900
AAPL,2023-08-11,177.320007,178.619995,176.550003,177.789993,52036700
AAPL,2023-08-14,177.970001,179.690002,177.309998,179.460007,43675600
AAPL,2023-08-15,178.880005,179.479996,177.050003,177.449997,43622600
AAPL,2023-08-16,177.130005,178.539993,176.5,176.570007,46964900
AAPL,2023-08-17,177.139999,177.509995,173.479996,174.0,66062900
AAPL,2023-08-18,172.300003,175.100006,171.960007,174.490005,61172200
AAPL,2023-08-21,175.070007,176.130005,173.740005,175.839996,46311900
AAPL,2023-08-22,177.059998,177.679993,176.25,177.229996,42038900
AAPL,2023-08-23,178.520004,181.550003,178.330002,181.119995,52722800
AAPL,2023-08-24,180.669998,181.100006,176.009995,176.380005,54945800
AAPL,2023-08-25,177.380005,179.149994,175.820007,178.610001,51449600
AAPL,2023-08-28,180.089996,180.589996,178.550003,180.190002,43820700
AAPL,2023-08-29,179.699997,184.899994,179.5,184.119995,53003900
AAPL,2023-08-30,184.940002,187.850006,184.740005,187.649994,60813900
AAPL,2023-08-31,187.839996,189.119995,187.479996,187.869995,60794500
AAPL,2023-09-01,189.490005,189.919998,188.279999,189.460007,45766500
AAPL,2023-09-05,188.279999,189.979996,187.610001,189.699997,45280000
AAPL,2023-09-06,188.399994,188.850006,181.470001,182.910004,81755800
AAPL,2023-09-07,175.179993,178.210007,173.539993,177.559998,112488800
AAPL,2023-09-08,178.350006,180.240005,177.789993,178.179993,65551300
AAPL,2023-09-11,180.070007,180.300003,177.339996,179.360001,58953100
AAPL,2023-09-12,179.490005,180.130005,174.820007,176.300003,90370200
AAPL,2023-09-13,176.509995,177.300003,173.979996,174.210007,84267900
AAPL,2023-09-14,174.0,176.100006,173.580002,175.740005,60895800
AAPL,2023-09-15,176.479996,176.5,173.820007,175.009995,109259500
AAPL,2023-09-18,176.479996,179.380005,176.169998,177.970001,67257600
AAPL,2023-09-19,177.520004,179.630005,177.130005,179.070007,51826900
AAPL,2023-09-20,179.259995,179.699997,175.399994,175.490005,58436200
AAPL,2023-09-21,174.550003,176.300003,173.860001,173.929993,63149100
AAPL,2023-09-22,174.669998,177.080002,174.050003,174.789993,56725400
AAPL,2023-09-25,174.199997,176.970001,174.149994,176.080002,46172700
AAPL,2023-09-26,174.820007,175.199997,171.660004,171.960007,64588900
AAPL,2023-09-27,172.619995,173.039993,169.050003,170.429993,66921800
AAPL,2023-09-28,169.339996,172.029999,167.619995,170.690002,56294400
AAPL,2023-09-29,172.020004,173.070007,170.339996,171.210007,51861100
AAPL,2023-10-02,171.220001,174.300003,170.929993,173.75,52164500
AAPL,2023-10-03,172.259995,173.630005,170.820007,172.399994,49594600
AAPL,2023-10-04,171.089996,174.210007,170.970001,173.660004,53020300
AAPL,2023-10-05,173.789993,175.449997,172.679993,174.910004,48527900
AAPL,2023-10-06,173.800003,177.990005,173.179993,177.490005,57266700
AAPL,2023-10-09,176.809998,179.050003,175.800003,178.990005,42390800
AAPL,2023-10-10,178.100006,179.720001,177.949997,178.389999,43698000
AAPL,2023-10-11,178.199997,179.850006,177.600006,179.800003,47551100
AAPL,2023-10-12,180.070007,182.339996,179.039993,180.710007,56743100
AAPL,2023-10-13,181.419998,181.929993,178.139999,178.850006,51427100
AAPL,2023-10-16,176.75,179.080002,176.509995,178.720001,52517000
AAPL,2023-10-17,176.649994,178.419998,174.800003,177.149994,57549400
AAPL,2023-10-18,175.580002,177.580002,175.110001,175.839996,54764400
AAPL,2023-10-19,176.039993,177.839996,175.190002,175.460007,59302900
AAPL,2023-10-20,175.309998,175.419998,172.639999,172.880005,64244000
AAPL,2023-10-23,170.910004,174.009995,169.929993,173.0,55980100
AAPL,2023-10-24,173.050003,173.669998,171.449997,173.440002,43816600
AAPL,2023-10-25,171.880005,173.059998,170.649994,171.100006,57157000
AAPL,2023-10-26,170.369995,171.380005,165.669998,166.889999,70625300
AAPL,2023-10-27,166.910004,168.960007,166.830002,168.220001,58499100
AAPL,2023-10-30,169.020004,171.169998,168.869995,170.289993,51131000
AAPL,2023-10-31,169.350006,170.899994,167.899994,170.770004,44846000
AAPL,2023-11-01,171.0,174.229996,170.119995,173.970001,56934900
AAPL,2023-11-02,175.520004,177.779999,175.460007,177.570007,77334800
AAPL,2023-11-03,174.240005,176.820007,173.350006,176.649994,79829200
AAPL,2023-11-06,176.380005,179.429993,176.210007,179.229996,63841300
AAPL,2023-11-07,179.179993,182.440002,178.970001,181.820007,70530000
AAPL,2023-11-08,182.350006,183.449997,181.589996,182.889999,49340300
AAPL,2023-11-09,182.960007,184.119995,181.809998,182.410004,53763500
AAPL,2023-11-10,183.970001,186.570007,183.529999,186.399994,66133400
AAPL,2023-11-13,185.820007,186.029999,184.210007,184.800003,43627500
AAPL,2023-11-14,187.699997,188.110001,186.300003,187.440002,60108400
AAPL,2023-11-15,187.850006,189.5,187.779999,188.009995,53790500
AAPL,2023-11-16,189.570007,190.960007,188.649994,189.710007,54412900
AAPL,2023-11-17,190.25,190.380005,188.570007,189.690002,50922700
AAPL,2023-11-20,189.889999,191.910004,189.880005,191.449997,46505100
AAPL,2023-11-21,191.410004,191.520004,189.740005,190.639999,38134500
AAPL,2023-11-22,191.490005,192.929993,190.830002,191.309998,39617700
AAPL,2023-11-24,190.869995,190.899994,189.25,189.970001,24048300
AAPL,2023-11-27,189.919998,190.669998,188.899994,189.789993,40552600
AAPL,2023-11-28,189.779999,191.080002,189.399994,190.399994,38415400
AAPL,2023-11-29,190.899994,192.089996,188.970001,189.369995,43014200
AAPL,2023-11-30,189.839996,190.320007,188.190002,189.949997,48794400
AAPL,2023-12-01,190.330002,191.559998,189.229996,191.240005,45704800
AAPL,2023-12-04,189.979996,190.050003,187.449997,189.429993,43389500
AAPL,2023-12-05,190.210007,194.399994,190.179993,193.419998,66628400
AAPL,2023-12-06,194.449997,194.759995,192.110001,192.320007,41089700
AAPL,2023-12-07,193.630005,195.0,193.589996,194.270004,47477700
AAPL,2023-12-08,194.199997,195.990005,193.669998,195.710007,53406400
AAPL,2023-12-11,193.110001,193.490005,191.419998,193.179993,60943700
AAPL,2023-12-12,193.080002,194.720001,191.720001,194.710007,52696900
AAPL,2023-12-13,195.089996,198.0,194.850006,197.960007,70404200
AAPL,2023-12-14,198.020004,199.619995,196.160004,198.110001,66831600
AAPL,2023-12-15,197.529999,198.399994,197.0,197.570007,128538400
AAPL,2023-12-18,196.089996,196.630005,194.389999,195.889999,55751900
AAPL,2023-12-19,196.160004,196.949997,195.889999,196.940002,40714100
AAPL,2023-12-20,196.899994,197.679993,194.830002,194.830002,52242800
AAPL,2023-12-21,196.100006,197.080002,193.5,194.679993,46482500
AAPL,2023-12-22,195.179993,195.410004,192.970001,193.600006,37149600
AAPL,2023-12-26,193.610001,193.889999,192.830002,193.050003,28919300
AAPL,2023-12-27,192.490005,193.5,191.089996,193.149994,48087700
AAPL,2023-12-28,194.139999,194.660004,193.169998,193.580002,34049900
AAPL,2023-12-29,193.899994,194.399994,191.729996,192.529999,42672100
AAPL,2024-01-02,187.149994,188.440002,183.889999,185.639999,82488700
AAPL,2024-01-03,184.220001,185.880005,183.429993,184.25,58414500
AAPL,2024-01-04,182.149994,183.089996,180.880005,181.910004,71983600
AAPL,2024-01-05,181.990005,182.759995,180.169998,181.179993,62379700
AAPL,2024-01-08,182.089996,185.600006,181.5,185.559998,59144500
AAPL,2024-01-09,183.919998,185.149994,182.729996,185.139999,42841800
AAPL,2024-01-10,184.350006,186.399994,183.919998,186.190002,46792900
AAPL,2024-01-11,186.539993,187.050003,183.619995,185.589996,49128400
AAPL,2024-01-12,186.059998,186.740005,185.190002,185.919998,40477800
AAPL,2024-01-16,182.160004,184.259995,180.929993,183.630005,65603000
AAPL,2024-01-17,181.270004,182.929993,180.300003,182.679993,47317400
AAPL,2024-01-18,186.089996,189.139999,185.830002,188.630005,78005800
AAPL,2024-01-19,189.330002,191.949997,188.820007,191.559998,68903000
AAPL,2024-01-22,192.300003,195.330002,192.259995,193.889999,60133900
AAPL,2024-01-23,195.020004,195.75,193.830002,195.179993,42355600
AAPL,2024-01-24,195.419998,196.380005,194.339996,194.5,53631300
AAPL,2024-01-25,195.220001,196.270004,193.110001,194.169998,54822100
AAPL,2024-01-26,194.270004,194.759995,191.940002,192.419998,44594000
AAPL,2024-01-29,192.009995,192.199997,189.580002,191.729996,47145600
AAPL,2024-01-30,190.940002,191.800003,187.470001,188.039993,55859400
AAPL,2024-01-31,187.039993,187.100006,184.350006,184.399994,55467800
AAPL,2024-02-01,183.990005,186.949997,183.820007,186.860001,64885400
AAPL,2024-02-02,179.860001,187.330002,179.25,185.850006,102551700
AAPL,2024-02-05,188.149994,189.25,185.839996,187.679993,69668800
AAPL,2024-02-06,186.860001,189.309998,186.770004,189.300003,43490800
AAPL,2024-02-07,190.639999,191.050003,188.610001,189.410004,53439000
AAPL,2024-02-08,189.389999,189.539993,187.350006,188.320007,40962000
AAPL,2024-02-09,188.649994,189.990005,188.0,188.850006,45155200
AAPL,2024-02-12,188.419998,188.669998,186.789993,187.149994,41781900
AAPL,2024-02-13,185.770004,186.210007,183.509995,185.039993,56529500
AAPL,2024-02-14,185.320007,185.529999,182.440002,184.149994,54630500
AAPL,2024-02-15,183.550003,184.490005,181.350006,183.860001,65434500
AAPL,2024-02-16,183.419998,184.850006,181.669998,182.309998,49752500
AAPL,2024-02-20,181.789993,182.429993,180.0,181.559998,53665600
AAPL,2024-02-21,181.940002,182.889999,180.660004,182.320007,41371400
AAPL,2024-02-22,183.479996,184.960007,182.460007,184.369995,52292200
AAPL,2024-02-23,185.009995,185.039993,182.229996,182.520004,45119700
AAPL,2024-02-26,182.240005,182.759995,180.649994,181.160004,40867400
AAPL,2024-02-27,181.100006,183.919998,179.559998,182.630005,54318900
AAPL,2024-02-28,182.509995,183.119995,180.130005,181.419998,48953900
AAPL,2024-02-29,181.270004,182.570007,179.529999,180.75,136682600
AAPL,2024-03-01,179.550003,180.529999,177.380005,179.660004,73563100
AAPL,2024-03-04,176.149994,176.899994,173.789993,175.100006,81510100
AAPL,2024-03-05,170.759995,172.039993,169.619995,170.119995,95132400
AAPL,2024-03-06,171.059998,171.240005,168.679993,169.119995,68587700
AAPL,2024-03-07,169.149994,170.729996,168.490005,169.0,71765100
AAPL,2024-03-08,169.0,173.699997,168.940002,170.729996,76267000
AAPL,2024-03-11,172.940002,174.380005,172.050003,172.75,60139500
AAPL,2024-03-12,173.149994,174.029999,171.009995,173.229996,59825400
AAPL,2024-03-13,172.770004,173.190002,170.759995,171.130005,52488700
AAPL,2024-03-14,172.910004,174.309998,172.050003,173.0,72913500
AAPL,2024-03-15,171.169998,172.619995,170.289993,172.619995,121752700
AAPL,2024-03-18,175.570007,177.710007,173.520004,173.720001,75604200
AAPL,2024-03-19,174.339996,176.610001,173.029999,176.080002,55215200
AAPL,2024-03-20,175.720001,178.669998,175.089996,178.669998,53423100
AAPL,2024-03-21,177.050003,177.490005,170.839996,171.369995,106181300
AAPL,2024-03-22,171.759995,173.050003,170.059998,172.279999,71160100
AAPL,2024-03-25,170.570007,171.940002,169.449997,170.850006,54288300
AAPL,2024-03-26,170.0,171.419998,169.580002,169.710007,57388400
AAPL,2024-03-27,170.410004,173.600006,170.110001,173.309998,60273300
AAPL,2024-03-28,171.75,172.229996,170.509995,171.479996,65672700
AAPL,2024-04-01,171.190002,171.25,169.479996,170.029999,46240500
AAPL,2024-04-02,169.080002,169.339996,168.229996,168.839996,49329500
AAPL,2024-04-03,168.789993,170.679993,168.580002,169.649994,47691700
AAPL,2024-04-04,170.289993,171.919998,168.820007,168.820007,53704400
AAPL,2024-04-05,169.589996,170.389999,168.949997,169.580002,42104800
AAPL,2024-04-08,169.029999,169.199997,168.240005,168.449997,37425500
AAPL,2024-04-09,168.699997,170.080002,168.350006,169.669998,42373800
AAPL,2024-04-10,168.800003,169.089996,167.110001,167.779999,49709300
AAPL,2024-04-11,168.339996,175.460007,168.160004,175.039993,91070300
AAPL,2024-04-12,174.259995,178.360001,174.210007,176.550003,101670900
AAPL,2024-04-15,175.360001,176.630005,172.5,172.690002,73531800
AAPL,2024-04-16,171.75,173.759995,168.270004,169.380005,73711200
AAPL,2024-04-17,169.610001,170.649994,168.0,168.0,50901200
AAPL,2024-04-18,168.029999,168.639999,166.550003,167.039993,43122900
AAPL,2024-04-19,166.210007,166.399994,164.080002,165.0,68149400
AAPL,2024-04-22,165.520004,167.259995,164.770004,165.839996,48116400
AAPL,2024-04-23,165.350006,167.050003,164.919998,166.899994,49537800
AAPL,2024-04-24,166.539993,169.300003,166.210007,169.020004,48251800
AAPL,2024-04-25,169.529999,170.610001,168.149994,169.889999,50558300
AAPL,2024-04-26,169.880005,171.339996,169.179993,169.300003,44838400
AAPL,2024-04-29,173.369995,176.029999,173.100006,173.5,68169400
AAPL,2024-04-30,173.330002,174.990005,170.0,170.330002,65934800
AAPL,2024-05-01,169.580002,172.710007,169.110001,169.300003,50383100
AAPL,2024-05-02,172.509995,173.419998,170.889999,173.029999,94214900
AAPL,2024-05-03,186.649994,187.0,182.660004,183.380005,163224100
AAPL,2024-05-06,182.350006,184.199997,180.419998,181.710007,78569700
AAPL,2024-05-07,183.449997,184.899994,181.320007,182.399994,77305800
AAPL,2024-05-08,182.850006,183.070007,181.449997,182.740005,45057100
AAPL,2024-05-09,182.559998,184.660004,182.110001,184.570007,48983000
AAPL,2024-05-10,184.899994,185.089996,182.130005,183.050003,50759500
AAPL,2024-05-13,185.440002,187.100006,184.619995,186.279999,72044800
AAPL,2024-05-14,187.509995,188.300003,186.289993,187.429993,52393600
AAPL,2024-05-15,187.910004,190.649994,187.369995,189.720001,70400000
AAPL,2024-05-16,190.470001,191.100006,189.660004,189.839996,52845200
AAPL,2024-05-17,189.509995,190.809998,189.179993,189.869995,41282900
AAPL,2024-05-20,189.330002,191.919998,189.009995,191.039993,44361300
AAPL,2024-05-21,191.089996,192.729996,190.919998,192.350006,42309400
AAPL,2024-05-22,192.270004,192.820007,190.270004,190.899994,34648500
AAPL,2024-05-23,190.979996,191.0,186.630005,186.880005,51005900
AAPL,2024-05-24,188.820007,190.580002,188.039993,189.979996,36327000
AAPL,2024-05-28,191.509995,193.0,189.100006,189.990005,52280100
AAPL,2024-05-29,189.610001,192.25,189.509995,190.289993,53068000
AAPL,2024-05-30,190.759995,192.179993,190.630005,191.289993,49889100
AAPL,2024-05-31,191.440002,192.570007,189.910004,192.25,75158300
AAPL,2024-06-03,192.899994,194.990005,192.520004,194.029999,50080500
AAPL,2024-06-04,194.639999,195.320007,193.029999,194.350006,47471400
AAPL,2024-06-05,195.399994,196.899994,194.869995,195.869995,54156800
AAPL,2024-06-06,195.690002,196.5,194.169998,194.479996,41181800
AAPL,2024-06-07,194.649994,196.940002,194.139999,196.889999,53103900
AAPL,2024-06-10,196.899994,197.300003,192.149994,193.119995,97010200
AAPL,2024-06-11,193.649994,207.160004,193.630005,207.149994,172373300
AAPL,2024-06-12,207.369995,220.199997,206.899994,213.070007,198134300
AAPL,2024-06-13,214.740005,216.75,211.600006,214.240005,97862700
AAPL,2024-06-14,213.850006,215.169998,211.300003,212.490005,70122700
AAPL,2024-06-17,213.369995,218.949997,212.720001,216.669998,93728300
AAPL,2024-06-18,217.589996,218.630005,213.0,214.289993,79943300
AAPL,2024-06-20,213.929993,214.240005,208.850006,209.679993,86172500
AAPL,2024-06-21,210.389999,211.889999,207.110001,207.490005,241805100
AAPL,2024-06-24,207.720001,212.699997,206.589996,208.139999,80727000
AAPL,2024-06-25,209.149994,211.380005,208.610001,209.070007,55549700
AAPL,2024-06-26,211.5,214.860001,210.639999,213.25,66213200
AAPL,2024-06-27,214.690002,215.740005,212.350006,214.100006,49772700
AAPL,2024-06-28,215.770004,216.070007,210.300003,210.619995,82542700
AAPL,2024-07-01,212.089996,217.509995,211.919998,216.75,60402900
AAPL,2024-07-02,216.149994,220.380005,215.100006,220.270004,58046200
AAPL,2024-07-03,220.0,221.550003,219.029999,221.550003,37369800
AAPL,2024-07-05,221.649994,226.449997,221.649994,226.339996,60412400
AAPL,2024-07-08,227.089996,227.850006,223.25,227.820007,59085900
AAPL,2024-07-09,227.929993,229.399994,226.369995,228.679993,48076100
AAPL,2024-07-10,229.300003,233.080002,229.25,232.979996,62627700
AAPL,2024-07-11,231.389999,232.389999,225.770004,227.570007,64710600
AAPL,2024-07-12,228.919998,232.639999,228.679993,230.539993,53046500
AAPL,2024-07-15,236.479996,237.229996,233.089996,234.399994,62631300
AAPL,2024-07-16,235.0,236.270004,232.330002,234.820007,43234300
AAPL,2024-07-17,229.449997,231.460007,226.639999,228.880005,57345900
AAPL,2024-07-18,230.279999,230.440002,222.270004,224.179993,66034600
AAPL,2024-07-19,224.820007,226.800003,223.279999,224.309998,49151500
AAPL,2024-07-22,227.009995,227.779999,223.089996,223.960007,48201800
AAPL,2024-07-23,224.369995,226.940002,222.679993,225.009995,39960300
AAPL,2024-07-24,224.0,224.800003,217.130005,218.539993,61777600
AAPL,2024-07-25,218.929993,220.850006,214.619995,217.490005,51391200
AAPL,2024-07-26,218.699997,219.490005,216.009995,217.960007,41601300
AAPL,2024-07-29,216.960007,219.300003,215.75,218.240005,36311800
AAPL,2024-07-30,219.190002,220.330002,216.119995,218.800003,41643800
AAPL,2024-07-31,221.440002,223.820007,220.630005,222.080002,50036300
AAPL,2024-08-01,224.369995,224.479996,217.020004,218.360001,62501000
AAPL,2024-08-02,219.149994,225.600006,217.710007,219.860001,105568600
AAPL,2024-08-05,199.089996,213.5,196.0,209.270004,119548600
AAPL,2024-08-06,205.300003,209.990005,201.070007,207.229996,69660500
AAPL,2024-08-07,206.899994,213.639999,206.389999,209.820007,63516400
AAPL,2024-08-08,213.110001,214.199997,208.830002,213.309998,47161100
AAPL,2024-08-09,212.100006,216.779999,211.970001,216.240005,42201600
AAPL,2024-08-12,216.070007,219.509995,215.600006,217.529999,38028100
AAPL,2024-08-13,219.009995,221.889999,219.009995,221.270004,44155300
AAPL,2024-08-14,220.570007,223.029999,219.699997,221.720001,41960600
AAPL,2024-08-15,224.600006,225.350006,222.759995,224.720001,46414000
AAPL,2024-08-16,223.919998,226.830002,223.649994,226.050003,44340200
AAPL,2024-08-19,225.720001,225.990005,223.039993,225.889999,40687800
AAPL,2024-08-20,225.770004,227.169998,225.449997,226.509995,30299000
AAPL,2024-08-21,226.520004,227.979996,225.050003,226.399994,34765500
AAPL,2024-08-22,227.789993,228.339996,223.899994,224.529999,43695300
AAPL,2024-08-23,225.660004,228.220001,224.330002,226.839996,38677300
AAPL,2024-08-26,226.759995,227.279999,223.889999,227.179993,30602200
AAPL,2024-08-27,226.0,228.850006,224.889999,228.029999,35934600
AAPL,2024-08-28,227.919998,229.860001,225.679993,226.490005,38052200
AAPL,2024-08-29,230.100006,232.919998,228.880005,229.789993,51906300
AAPL,2024-08-30,230.190002,230.399994,227.479996,229.0,52990800
AAPL,2024-09-03,228.550003,229.0,221.169998,222.770004,50190600
AAPL,2024-09-04,221.660004,221.779999,217.479996,220.850006,43840200
AAPL,2024-09-05,221.630005,225.479996,221.520004,222.380005,36615400
AAPL,2024-09-06,223.949997,225.240005,219.770004,220.820007,48423000
AAPL,2024-09-09,220.820007,221.270004,216.710007,220.910004,67180000
AAPL,2024-09-10,218.919998,221.479996,216.729996,220.110001,51591000
AAPL,2024-09-11,221.460007,223.089996,217.889999,222.660004,44587100
AAPL,2024-09-12,222.5,223.550003,219.820007,222.770004,37455600
AAPL,2024-09-13,223.580002,224.039993,221.910004,222.5,36766600
AAPL,2024-09-16,216.539993,217.220001,213.919998,216.320007,59357400
AAPL,2024-09-17,215.75,216.899994,214.5,216.789993,45519300
AAPL,2024-09-18,217.550003,222.710007,217.539993,220.690002,59894900
AAPL,2024-09-19,224.990005,229.820007,224.630005,228.869995,66781300
AAPL,2024-09-20,229.970001,233.089996,227.619995,228.199997,318679900
AAPL,2024-09-23,227.339996,229.449997,225.809998,226.470001,54146000
AAPL,2024-09-24,228.649994,229.350006,225.729996,227.369995,43556100
AAPL,2024-09-25,224.929993,227.289993,224.020004,226.369995,42308700
AAPL,2024-09-26,227.300003,228.5,225.410004,227.520004,36636700
AAPL,2024-09-27,228.460007,229.520004,227.300003,227.789993,34026000
AAPL,2024-09-30,230.039993,233.0,229.649994,233.0,54541900
AAPL,2024-10-01,229.520004,229.649994,223.740005,226.210007,63285000
AAPL,2024-10-02,225.889999,227.369995,223.020004,226.779999,32880600
AAPL,2024-10-03,225.139999,226.809998,223.320007,225.669998,34044200
AAPL,2024-10-04,227.899994,228.0,224.130005,226.800003,37245100
AAPL,2024-10-07,224.5,225.690002,221.330002,221.690002,39505400
AAPL,2024-10-08,224.300003,225.979996,223.25,225.770004,31855700
AAPL,2024-10-09,225.229996,229.75,224.830002,229.539993,33591100
AAPL,2024-10-10,227.779999,229.5,227.169998,229.039993,28183500
AAPL,2024-10-11,229.300003,229.410004,227.339996,227.550003,31759200
AAPL,2024-10-14,228.699997,231.729996,228.600006,231.300003,39882100
AAPL,2024-10-15,233.610001,237.490005,232.369995,233.850006,64751400
AAPL,2024-10-16,231.600006,232.119995,229.839996,231.779999,34082200
AAPL,2024-10-17,233.429993,233.850006,230.520004,232.149994,32993800
AAPL,2024-10-18,236.179993,236.179993,234.009995,235.0,46431500
AAPL,2024-10-21,234.449997,236.850006,234.449997,236.479996,36254500
AAPL,2024-10-22,233.889999,236.220001,232.600006,235.860001,38846600
AAPL,2024-10-23,234.080002,235.139999,227.759995,230.759995,52287000
AAPL,2024-10-24,229.979996,230.820007,228.410004,230.570007,31109500
AAPL,2024-10-25,229.740005,233.220001,229.570007,231.410004,38802300
AAPL,2024-10-28,233.320007,234.729996,232.550003,233.399994,36087100
AAPL,2024-10-29,233.100006,234.330002,232.320007,233.669998,35417200
AAPL,2024-10-30,232.610001,233.470001,229.550003,230.100006,47070900
AAPL,2024-10-31,229.339996,229.830002,225.369995,225.910004,64370100
AAPL,2024-11-01,220.970001,225.350006,220.270004,222.910004,65276700
AAPL,2024-11-04,220.990005,222.789993,219.710007,222.009995,44944500
AAPL,2024-11-05,221.800003,223.949997,221.139999,223.449997,28111300
AAPL,2024-11-06,222.610001,226.070007,221.190002,222.720001,54561100
AAPL,2024-11-07,224.630005,227.880005,224.570007,227.479996,42137700
AAPL,2024-11-08,227.169998,228.660004,226.410004,226.960007,38328800
AAPL,2024-11-11,225.0,225.699997,221.5,224.229996,42005600
AAPL,2024-11-12,224.550003,225.589996,223.360001,224.229996,40398300
AAPL,2024-11-13,224.009995,226.649994,222.759995,225.119995,48566200
AAPL,2024-11-14,225.020004,228.869995,225.0,228.220001,44923900
AAPL,2024-11-15,226.399994,226.919998,224.270004,225.0,47923700
AAPL,2024-11-18,225.25,229.740005,225.169998,228.020004,44633700
AAPL,2024-11-19,226.979996,230.160004,226.660004,228.279999,36211800
AAPL,2024-11-20,228.059998,229.929993,225.889999,229.0,35169600
AAPL,2024-11-21,228.880005,230.160004,225.710007,228.520004,42108300
AAPL,2024-11-22,228.059998,230.720001,228.059998,229.869995,38168300
AAPL,2024-11-25,231.460007,233.25,229.740005,232.869995,90152800
AAPL,2024-11-26,233.330002,235.570007,233.330002,235.059998,45986200
AAPL,2024-11-27,234.470001,235.690002,233.809998,234.929993,33498400
AAPL,2024-11-29,234.809998,237.809998,233.970001,237.330002,28481400
AAPL,2024-12-02,237.270004,240.789993,237.160004,239.589996,48137100
AAPL,2024-12-03,239.809998,242.759995,238.899994,242.649994,38861000
AAPL,2024-12-04,242.869995,244.110001,241.25,243.009995,44383900
AAPL,2024-12-05,243.990005,244.539993,242.130005,243.039993,40033900
AAPL,2024-12-06,242.910004,244.630005,242.080002,242.839996,36870600
AAPL,2024-12-09,241.830002,247.240005,241.75,246.75,44649200
AAPL,2024-12-10,246.889999,248.210007,245.339996,247.770004,36914800
AAPL,2024-12-11,247.960007,250.800003,246.259995,246.490005,45205800
AAPL,2024-12-12,246.889999,248.740005,245.679993,247.960007,32777500
AAPL,2024-12-13,247.820007,249.289993,246.240005,248.130005,33155300
AAPL,2024-12-16,247.990005,251.380005,247.649994,251.039993,51694800
AAPL,2024-12-17,250.080002,253.830002,249.779999,253.479996,51356400
AAPL,2024-12-18,252.160004,254.279999,247.740005,248.050003,56774100
AAPL,2024-12-19,247.5,252.0,247.089996,249.789993,60882300
AAPL,2024-12-20,248.039993,255.0,245.690002,254.490005,147495300
AAPL,2024-12-23,254.770004,255.649994,253.449997,255.270004,40858800
AAPL,2024-12-24,255.490005,258.209991,255.289993,258.200012,23234700
AAPL,2024-12-26,258.190002,260.100006,257.630005,259.019989,27237100
AAPL,2024-12-27,257.829987,258.700012,253.059998,255.589996,42355300
AAPL,2024-12-30,252.229996,253.5,250.75,252.199997,35557500
AAPL,2024-12-31,252.440002,253.279999,249.429993,250.419998,39480700
AAPL,2025-01-02,248.929993,249.100006,241.820007,243.850006,55740700
AAPL,2025-01-03,243.360001,244.179993,241.889999,243.360001,40244100
AAPL,2025-01-06,244.309998,247.330002,243.199997,245.0,45045600
AAPL,2025-01-07,242.979996,245.550003,241.350006,242.210007,40856000
AAPL,2025-01-08,241.919998,243.710007,240.050003,242.699997,37628900
AAPL,2025-01-10,240.009995,240.160004,233.0,236.850006,61710900
AAPL,2025-01-13,233.529999,234.669998,229.720001,234.399994,49630700
AAPL,2025-01-14,234.75,236.119995,232.470001,233.279999,39435300
AAPL,2025-01-15,234.639999,238.960007,234.429993,237.869995,39832000
AAPL,2025-01-16,237.350006,238.009995,228.029999,228.259995,71759100
AAPL,2025-01-17,232.119995,232.289993,228.479996,229.979996,68488300
AAPL,2025-01-21,224.0,224.419998,219.380005,222.639999,98070400
AAPL,2025-01-22,219.789993,224.119995,219.789993,223.830002,64126500
AAPL,2025-01-23,224.740005,227.029999,222.300003,223.660004,60234800
AAPL,2025-01-24,224.779999,225.630005,221.410004,222.779999,54697900
AAPL,2025-01-27,224.020004,232.149994,223.979996,229.860001,94863400
AAPL,2025-01-28,230.850006,240.190002,230.809998,238.259995,75707600
AAPL,2025-01-29,234.119995,239.860001,234.009995,239.360001,45486100
AAPL,2025-01-30,238.669998,240.789993,237.210007,237.589996,55658300
AAPL,2025-01-31,247.190002,247.190002,233.440002,236.0,100959800
AAPL,2025-02-03,229.990005,231.830002,225.699997,228.009995,73063300
AAPL,2025-02-04,227.25,233.130005,226.649994,232.800003,45067300
AAPL,2025-02-05,228.529999,232.669998,228.270004,232.470001,39620300
AAPL,2025-02-06,231.289993,233.800003,230.429993,233.220001,29925300
AAPL,2025-02-07,232.600006,234.0,227.259995,227.630005,39707200
AAPL,2025-02-10,229.570007,230.589996,227.199997,227.649994,33115600
AAPL,2025-02-11,228.199997,235.229996,228.130005,232.619995,53718400
AAPL,2025-02-12,231.199997,236.960007,230.679993,236.869995,45243300
AAPL,2025-02-13,236.910004,242.339996,235.570007,241.529999,53614100
AAPL,2025-02-14,241.25,245.550003,240.990005,244.600006,40896200
AAPL,2025-02-18,244.149994,245.179993,241.839996,244.470001,48822500
AAPL,2025-02-19,244.660004,246.009995,243.160004,244.869995,32204200
AAPL,2025-02-20,244.940002,246.779999,244.289993,245.830002,32316900
AAPL,2025-02-21,245.949997,248.690002,245.220001,245.550003,53197400
AAPL,2025-02-24,244.929993,248.860001,244.419998,247.100006,51326400
AAPL,2025-02-25,248.0,250.0,244.910004,247.039993,48013300
AAPL,2025-02-26,244.330002,244.979996,239.130005,240.360001,44433600
AAPL,2025-02-27,239.410004,242.460007,237.059998,237.300003,41153600
AAPL,2025-02-28,236.949997,242.089996,230.199997,241.839996,56833400
AAPL,2025-03-03,241.789993,244.029999,236.110001,238.029999,47184000
AAPL,2025-03-04,237.710007,240.070007,234.679993,235.929993,53798100
AAPL,2025-03-05,235.419998,236.550003,229.229996,235.740005,47227600
AAPL,2025-03-06,234.440002,237.860001,233.160004,235.330002,45170400
AAPL,2025-03-07,235.110001,241.369995,234.759995,239.070007,46273600
AAPL,2025-03-10,235.539993,236.160004,224.220001,227.479996,72071200
AAPL,2025-03-11,223.809998,225.839996,217.449997,220.839996,76137400
AAPL,2025-03-12,220.139999,221.75,214.910004,216.979996,62547500
AAPL,2025-03-13,215.949997,216.839996,208.419998,209.679993,61368300
AAPL,2025-03-14,211.25,213.949997,209.580002,213.490005,60107600
AAPL,2025-03-17,213.309998,215.220001,209.970001,214.0,48073400
AAPL,2025-03-18,214.160004,215.149994,211.490005,212.690002,42432400
AAPL,2025-03-19,214.220001,218.759995,213.75,215.240005,54385400
AAPL,2025-03-20,213.990005,217.490005,212.220001,214.100006,48862900
AAPL,2025-03-21,211.559998,218.839996,211.279999,218.270004,94127800
AAPL,2025-03-24,221.0,221.479996,218.580002,220.729996,44299500
AAPL,2025-03-25,220.770004,224.100006,220.080002,223.75,34493600
AAPL,2025-03-26,223.509995,225.020004,220.470001,221.529999,34466100
AAPL,2025-03-27,221.389999,224.990005,220.559998,223.850006,37094800
AAPL,2025-03-28,221.669998,223.809998,217.679993,217.899994,39818600
AAPL,2025-03-31,217.009995,225.619995,216.229996,222.130005,65299300
AAPL,2025-04-01,219.809998,223.679993,218.899994,223.190002,36412700
AAPL,2025-04-02,221.320007,225.190002,221.020004,223.889999,35905900
AAPL,2025-04-03,205.539993,207.490005,201.25,203.190002,103419000
AAPL,2025-04-04,193.889999,199.880005,187.339996,188.380005,125910900
AAPL,2025-04-07,177.199997,194.149994,174.619995,181.460007,160466300
AAPL,2025-04-08,186.699997,190.339996,169.210007,172.419998,120859500
AAPL,2025-04-09,171.949997,200.610001,171.889999,198.850006,184395900
AAPL,2025-04-10,189.070007,194.779999,183.0,190.419998,121880000
AAPL,2025-04-11,186.100006,199.539993,186.059998,198.149994,87435900
AAPL,2025-04-14,211.440002,212.940002,201.160004,202.520004,101352900
AAPL,2025-04-15,201.860001,203.509995,199.800003,202.139999,51343900
AAPL,2025-04-16,198.360001,200.699997,192.369995,194.270004,59732400
AAPL,2025-04-17,197.199997,198.830002,194.419998,196.979996,52164700
AAPL,2025-04-21,193.270004,193.800003,189.809998,193.160004,46742500
AAPL,2025-04-22,196.119995,201.589996,195.970001,199.740005,52976400
AAPL,2025-04-23,206.0,208.0,202.800003,204.600006,52929200
AAPL,2025-04-24,204.889999,208.830002,202.940002,208.369995,47311000
AAPL,2025-04-25,206.369995,209.75,206.199997,209.279999,38222300
AAPL,2025-04-28,210.0,211.5,207.460007,210.139999,38743100
AAPL,2025-04-29,208.690002,212.240005,208.369995,211.210007,36827600
AAPL,2025-04-30,209.300003,213.580002,206.669998,212.5,52286500
AAPL,2025-05-01,209.080002,214.559998,208.899994,213.320007,57365700
AAPL,2025-05-02,206.089996,206.990005,202.160004,205.350006,101010600
AAPL,2025-05-05,203.100006,204.100006,198.210007,198.889999,69018500
AAPL,2025-05-06,198.210007,200.649994,197.020004,198.509995,51216500
AAPL,2025-05-07,199.169998,199.440002,193.25,196.25,68536700
AAPL,2025-05-08,197.720001,200.050003,194.679993,197.490005,50478900
AAPL,2025-05-09,199.0,200.539993,197.539993,198.529999,36453900
AAPL,2025-05-12,210.970001,211.270004,206.75,210.789993,63775800
AAPL,2025-05-13,210.429993,213.399994,209.0,212.929993,51909300
AAPL,2025-05-14,212.429993,213.940002,210.580002,212.330002,49325800
AAPL,2025-05-15,210.949997,212.960007,209.539993,211.449997,45029500
AAPL,2025-05-16,212.360001,212.570007,209.770004,211.259995,54737900
AAPL,2025-05-19,207.910004,209.479996,204.259995,208.779999,46140500
AAPL,2025-05-20,207.669998,208.470001,205.029999,206.860001,42496600
AAPL,2025-05-21,205.169998,207.039993,200.710007,202.089996,59211800
AAPL,2025-05-22,200.710007,202.75,199.699997,201.360001,46742400
AAPL,2025-05-23,193.669998,197.699997,193.460007,195.270004,78432900
AAPL,2025-05-27,198.300003,200.740005,197.429993,200.210007,56288500
AAPL,2025-05-28,200.589996,202.729996,199.899994,200.419998,45339700
AAPL,2025-05-29,203.580002,203.809998,198.509995,199.949997,51396800
AAPL,2025-05-30,199.369995,201.960007,196.779999,200.850006,70819900
AAPL,2025-06-02,200.279999,202.130005,200.119995,201.699997,35423300
AAPL,2025-06-03,201.350006,203.770004,200.960007,203.270004,46381600
AAPL,2025-06-04,202.910004,206.240005,202.100006,202.820007,43604000
AAPL,2025-06-05,203.5,204.75,200.149994,200.630005,55126100
AAPL,2025-06-06,203.0,205.699997,202.050003,203.919998,46607700
AAPL,2025-06-09,204.389999,206.0,200.020004,201.449997,72862600
AAPL,2025-06-10,200.600006,204.350006,200.570007,202.669998,54672600
AAPL,2025-06-11,203.5,204.5,198.410004,198.779999,60989900
AAPL,2025-06-12,199.080002,199.679993,197.360001,199.199997,43904600
AAPL,2025-06-13,199.729996,200.369995,195.699997,196.449997,51447300
AAPL,2025-06-16,197.300003,198.690002,196.559998,198.419998,43020700
AAPL,2025-06-17,197.199997,198.389999,195.210007,195.639999,38856200
AAPL,2025-06-18,195.940002,197.570007,195.070007,196.580002,45394700
AAPL,2025-06-20,198.240005,201.699997,196.860001,201.0,96813500
AAPL,2025-06-23,201.630005,202.300003,198.960007,201.5,55814300
AAPL,2025-06-24,202.589996,203.440002,200.199997,200.300003,54064000
AAPL,2025-06-25,201.449997,203.669998,200.619995,201.559998,39525700
AAPL,2025-06-26,201.429993,202.639999,199.460007,201.0,50799100
AAPL,2025-06-27,201.889999,203.220001,200.0,201.080002,73188600
AAPL,2025-06-30,202.009995,207.389999,199.259995,205.169998,91912800
AAPL,2025-07-01,206.669998,210.190002,206.139999,207.820007,78788900
AAPL,2025-07-02,208.910004,213.339996,208.139999,212.440002,67941800
AAPL,2025-07-03,212.149994,214.649994,211.809998,213.550003,34955800
AAPL,2025-07-07,212.679993,216.229996,208.800003,209.949997,50229000
AAPL,2025-07-08,210.100006,211.429993,208.449997,210.009995,42848900
AAPL,2025-07-09,209.529999,211.330002,207.220001,211.139999,48749400
AAPL,2025-07-10,210.509995,213.479996,210.029999,212.410004,44443600
AAPL,2025-07-11,210.570007,212.130005,209.860001,211.160004,39765800
AAPL,2025-07-14,209.929993,210.910004,207.539993,208.619995,38840100
AAPL,2025-07-15,209.220001,211.889999,208.919998,209.110001,42296300
AAPL,2025-07-16,210.300003,212.399994,208.639999,210.160004,47490500
AAPL,2025-07-17,210.570007,211.800003,209.589996,210.020004,48068100
AAPL,2025-07-18,210.869995,211.789993,209.699997,211.179993,48974600
AAPL,2025-07-21,212.100006,215.779999,211.630005,212.479996,51377400
AAPL,2025-07-22,213.139999,214.949997,212.229996,214.399994,46404100
AAPL,2025-07-23,215.0,215.149994,212.410004,214.149994,46989300
AAPL,2025-07-24,213.899994,215.690002,213.529999,213.759995,46022600
AAPL,2025-07-25,214.699997,215.240005,213.399994,213.880005,40268800
AAPL,2025-07-28,214.029999,214.850006,213.059998,214.050003,37858000
AAPL,2025-07-29,214.179993,214.809998,210.820007,211.270004,51411700
AAPL,2025-07-30,211.899994,212.389999,207.720001,209.050003,45512500
AAPL,2025-07-31,208.490005,209.839996,207.160004,207.570007,80698400
AAPL,2025-08-01,210.869995,213.580002,201.5,202.380005,104434500
AAPL,2025-08-04,204.509995,207.880005,201.679993,203.350006,75109300
AAPL,2025-08-05,203.399994,205.339996,202.160004,202.919998,44155100
AAPL,2025-08-06,205.630005,215.380005,205.589996,213.25,108483100
AAPL,2025-08-07,218.880005,220.850006,216.580002,220.029999,90224800
AAPL,2025-08-08,220.830002,231.0,219.25,229.350006,113854000
AAPL,2025-08-11,227.919998,229.559998,224.759995,227.179993,61806100
AAPL,2025-08-12,228.009995,230.800003,227.070007,229.649994,55626200
AAPL,2025-08-13,231.070007,235.0,230.429993,233.330002,69878500
AAPL,2025-08-14,234.059998,235.119995,230.850006,232.779999,51916300
AAPL,2025-08-15,234.0,234.279999,229.339996,231.589996,56038700
AAPL,2025-08-18,231.699997,233.119995,230.110001,230.889999,37476200
AAPL,2025-08-19,231.279999,232.869995,229.350006,230.559998,39402600
AAPL,2025-08-20,229.979996,230.470001,225.770004,226.009995,42263900
AAPL,2025-08-21,226.270004,226.520004,223.779999,224.899994,30621200
AAPL,2025-08-22,226.169998,229.089996,225.410004,227.759995,42477800
AAPL,2025-08-25,226.479996,229.300003,226.229996,227.160004,30983100
AAPL,2025-08-26,226.869995,229.490005,224.690002,229.309998,54575100
AAPL,2025-08-27,228.610001,230.899994,228.259995,230.490005,31259500
AAPL,2025-08-28,230.820007,233.410004,229.339996,232.559998,38074700
AAPL,2025-08-29,232.509995,233.380005,231.369995,232.139999,39418400
AAPL,2025-09-02,229.25,230.850006,226.970001,229.720001,44075600
AAPL,2025-09-03,237.210007,238.850006,234.360001,238.470001,66427800
AAPL,2025-09-04,238.449997,239.899994,236.740005,239.779999,47549400
AAPL,2025-09-05,240.0,241.320007,238.490005,239.690002,54870400
AAPL,2025-09-08,239.300003,240.149994,236.339996,237.880005,48999500
AAPL,2025-09-09,237.0,238.779999,233.360001,234.350006,66313900
AAPL,2025-09-10,232.190002,232.419998,225.949997,226.789993,83440800
AAPL,2025-09-11,226.880005,230.449997,226.649994,230.029999,50208600
AAPL,2025-09-12,229.220001,234.509995,229.020004,234.070007,55824200
AAPL,2025-09-15,237.0,238.190002,235.029999,236.699997,42699500
AAPL,2025-09-16,237.179993,241.220001,236.320007,238.149994,63421100
AAPL,2025-09-17,238.970001,240.100006,237.729996,238.990005,46508000
AAPL,2025-09-18,239.970001,241.199997,236.649994,237.880005,44249600
AAPL,2025-09-19,241.229996,246.300003,240.210007,245.5,163741300
AAPL,2025-09-22,248.300003,256.640015,248.119995,256.079987,105517400
AAPL,2025-09-23,255.880005,257.339996,253.580002,254.429993,60275200
AAPL,2025-09-24,255.220001,255.740005,251.039993,252.309998,42303700
AAPL,2025-09-25,253.210007,257.170013,251.710007,256.869995,55202100
AAPL,2025-09-26,254.100006,257.600006,253.779999,255.460007,46076300
AAPL,2025-09-29,254.559998,255.0,253.009995,254.429993,40127700
AAPL,2025-09-30,254.860001,255.919998,253.110001,254.630005,37704300
AAPL,2025-10-01,255.039993,258.790009,254.929993,255.449997,48713900
AAPL,2025-10-02,256.579987,258.179993,254.149994,257.130005,42630200
AAPL,2025-10-03,254.669998,259.23999,253.949997,258.019989,49155600
AAPL,2025-10-06,257.98999,259.070007,255.050003,256.690002,44664100
AAPL,2025-10-07,256.809998,257.399994,255.429993,256.480011,31955800
AAPL,2025-10-08,256.519989,258.519989,256.109985,258.059998,36496900
AAPL,2025-10-09,257.809998,258.0,253.139999,254.039993,38322000
AAPL,2025-10-10,254.940002,256.380005,244.0,245.270004,61999100
AAPL,2025-10-13,249.380005,249.690002,245.559998,247.660004,38142900
AAPL,2025-10-14,246.600006,248.850006,244.699997,247.770004,35478000
AAPL,2025-10-15,249.490005,251.820007,247.470001,249.339996,33893600
AAPL,2025-10-16,248.25,249.039993,245.130005,247.449997,39777000
AAPL,2025-10-17,248.020004,253.380005,247.270004,252.289993,49147000
AAPL,2025-10-20,255.889999,264.380005,255.630005,262.23999,90483000
AAPL,2025-10-21,261.880005,265.290009,261.829987,262.769989,46695900
AAPL,2025-10-22,262.649994,262.850006,255.429993,258.450012,45015300
AAPL,2025-10-23,259.940002,260.619995,258.01001,259.579987,32754900
AAPL,2025-10-24,261.190002,264.130005,259.179993,262.820007,38253700
AAPL,2025-10-27,264.880005,269.119995,264.649994,268.809998,44888200
AAPL,2025-10-28,268.98999,269.890015,268.149994,269.0,41534800
AAPL,2025-10-29,269.279999,271.410004,267.109985,269.700012,51086700
AAPL,2025-10-30,271.98999,274.140015,268.480011,271.399994,69886500
AAPL,2025-10-31,276.98999,277.320007,269.160004,270.369995,86167100
AAPL,2025-11-03,270.420013,270.850006,266.25,269.049988,50194600
AAPL,2025-11-04,268.329987,271.48999,267.619995,270.040009,49274800
AAPL,2025-11-05,268.609985,271.700012,266.929993,270.140015,43683100
AAPL,2025-11-06,267.890015,273.399994,267.890015,269.769989,51204000
AAPL,2025-11-07,269.799988,272.290009,266.769989,268.470001,48227400
AAPL,2025-11-10,268.959991,273.730011,267.459991,269.429993,41312400
AAPL,2025-11-11,269.809998,275.910004,269.799988,275.25,46208300
AAPL,2025-11-12,275.0,275.730011,271.700012,273.470001,48398000
AAPL,2025-11-13,274.109985,276.700012,272.089996,272.950012,49602800
AAPL,2025-11-14,271.049988,275.959991,269.600006,272.410004,47431300
AAPL,2025-11-17,268.820007,270.48999,265.730011,267.459991,45018300
AAPL,2025-11-18,269.98999,270.709991,265.320007,267.440002,45677300
AAPL,2025-11-19,265.529999,272.209991,265.5,268.559998,40424500
AAPL,2025-11-20,270.829987,275.429993,265.920013,266.25,45823600
AAPL,2025-11-21,265.950012,273.329987,265.670013,271.48999,59030800
AAPL,2025-11-24,270.899994,277.0,270.899994,275.920013,65585800
AAPL,2025-11-25,275.269989,280.380005,275.25,276.970001,46914200
AAPL,2025-11-26,276.959991,279.529999,276.630005,277.549988,33431400
AAPL,2025-11-28,277.26001,279.0,275.98999,278.850006,20135600
AAPL,2025-12-01,278.01001,283.420013,276.140015,283.100006,46587700
AAPL,2025-12-02,283.0,287.399994,282.630005,286.190002,53669500
AAPL,2025-12-03,286.200012,288.619995,283.299988,284.149994,43538700
AAPL,2025-12-04,284.100006,284.730011,278.589996,280.700012,43989100
AAPL,2025-12-05,280.540009,281.140015,278.049988,278.779999,47265800
AAPL,2025-12-08,278.130005,279.670013,276.149994,277.890015,38211800
AAPL,2025-12-09,278.160004,280.029999,276.920013,277.179993,32193300
AAPL,2025-12-10,277.75,279.75,276.440002,278.779999,33038300
AAPL,2025-12-11,279.100006,279.589996,273.809998,278.029999,33248000
AAPL,2025-12-12,277.899994,279.220001,276.820007,278.279999,39532900
AAPL,2025-12-15,280.149994,280.149994,272.839996,274.109985,50409100
AAPL,2025-12-16,272.820007,275.5,271.790009,274.609985,37648600
AAPL,2025-12-17,275.01001,276.160004,271.640015,271.839996,50138700
AAPL,2025-12-18,273.609985,273.630005,266.950012,272.190002,51630700
AAPL,2025-12-19,272.149994,274.600006,269.899994,273.670013,144632000
AAPL,2025-12-22,272.859985,273.880005,270.51001,270.970001,36571800
AAPL,2025-12-23,270.839996,272.5,269.559998,272.359985,29642000
AAPL,2025-12-24,272.339996,275.429993,272.200012,273.809998,17910600
AAPL,2025-12-26,274.160004,275.369995,272.859985,273.399994,21521800
AAPL,2025-12-29,272.690002,274.359985,272.350006,273.76001,23715200
AAPL,2025-12-30,272.809998,274.079987,272.279999,273.079987,22139600
AAPL,2025-12-31,273.059998,273.679993,271.75,271.859985,27293600
AAPL,2026-01-02,272.26001,277.839996,269.0,271.01001,37838100
AAPL,2026-01-05,270.640015,271.51001,266.140015,267.26001,45647200
AAPL,2026-01-06,267.0,267.549988,262.119995,262.359985,52352100
AAPL,2026-01-07,263.200012,263.679993,259.809998,260.329987,48309800
AAPL,2026-01-08,257.019989,259.290009,255.699997,259.040009,50419300
AAPL,2026-01-09,259.079987,260.209991,256.220001,259.369995,39997000
AAPL,2026-01-12,259.160004,261.299988,256.799988,260.25,45263800
AAPL,2026-01-13,258.720001,261.809998,258.390015,261.049988,45730800
AAPL,2026-01-14,259.48999,261.820007,256.709991,259.959991,40019400
AAPL,2026-01-15,260.649994,261.040009,257.049988,258.209991,39388600
AAPL,2026-01-16,257.899994,258.899994,254.929993,255.529999,72142800
AAPL,2026-01-20,252.729996,254.789993,243.419998,246.699997,80267500
AAPL,2026-01-21,248.699997,251.559998,245.179993,247.649994,54641700
AAPL,2026-01-22,249.199997,251.0,248.149994,248.350006,39708300
AAPL,2026-01-23,247.320007,249.410004,244.679993,248.039993,41689000
AAPL,2026-01-26,251.479996,256.559998,249.800003,255.410004,55969200
AAPL,2026-01-27,259.170013,261.950012,258.209991,258.269989,49648300
AAPL,2026-01-28,257.649994,258.859985,254.509995,256.440002,41288000
AAPL,2026-01-29,258.0,259.649994,254.410004,258.279999,67253000
AAPL,2026-01-30,255.169998,261.899994,252.179993,259.480011,92443400
AAPL,2026-02-02,260.029999,270.48999,259.209991,270.01001,73913400
AAPL,2026-02-03,269.200012,271.880005,267.609985,269.480011,64394700
AAPL,2026-02-04,272.290009,278.950012,272.290009,276.48999,90545700
AAPL,2026-02-05,278.130005,279.5,273.230011,275.910004,52977400
AAPL,2026-02-06,277.119995,280.910004,276.929993,278.119995,50453400
AAPL,2026-02-09,277.910004,278.200012,271.700012,274.619995,44623400
AAPL,2026-02-10,274.890015,275.369995,272.940002,273.679993,34376900
AAPL,2026-02-11,274.700012,280.179993,274.450012,275.5,51931300
AAPL,2026-02-12,275.589996,275.720001,260.179993,261.730011,81077200
AAPL,2026-02-13,262.01001,262.230011,255.449997,255.779999,56290700
AAPL,2026-02-17,258.049988,266.290009,255.539993,263.880005,58469100
AAPL,2026-02-18,263.600006,266.820007,262.450012,264.350006,34203300
AAPL,2026-02-19,262.600006,264.480011,260.049988,260.579987,30845300
AAPL,2026-02-20,258.970001,264.75,258.160004,264.579987,42070500
AAPL,2026-02-23,263.48999,269.429993,263.380005,266.179993,37308200
AAPL,2026-02-24,267.859985,274.890015,267.709991,272.140015,47014600
AAPL,2026-02-25,271.779999,274.940002,271.049988,274.230011,33714300
AAPL,2026-02-26,274.950012,276.109985,270.799988,272.950012,32345100
AAPL,2026-02-27,272.809998,272.809998,262.890015,264.179993,72366500
AAPL,2026-03-02,262.410004,266.529999,260.200012,264.720001,41827900
AAPL,2026-03-03,263.480011,265.559998,260.130005,263.75,38568900
AAPL,2026-03-04,264.649994,266.149994,261.420013,262.519989,39803100
AAPL,2026-03-05,260.790009,261.559998,257.25,260.290009,49658600
AAPL,2026-03-06,258.630005,258.769989,254.369995,257.459991,41120000
AAPL,2026-03-09,255.690002,261.149994,253.679993,259.880005,38218500
AAPL,2026-03-10,257.649994,262.480011,256.950012,260.829987,30590800
AAPL,2026-03-11,261.089996,262.130005,259.549988,260.809998,26218900
AAPL,2026-03-12,258.660004,258.950012,254.179993,255.759995,40794000
AAPL,2026-03-13,255.479996,256.329987,249.520004,250.119995,36930000
AAPL,2026-03-16,252.110001,253.889999,249.880005,252.820007,32074200
AAPL,2026-03-17,252.960007,255.130005,252.179993,254.229996,32361600
AAPL,2026-03-18,252.630005,254.940002,249.0,249.940002,35757900
AAPL,2026-03-19,249.399994,251.830002,247.300003,248.960007,34864100
AAPL,2026-03-20,247.979996,249.199997,246.0,247.990005,88331100
AAPL,2026-03-23,253.970001,254.600006,250.279999,251.490005,40546100
AAPL,2026-03-24,250.350006,254.830002,249.550003,251.639999,45152300
AAPL,2026-03-25,254.100006,255.0,251.600006,252.619995,28476700
AAPL,2026-03-26,252.119995,257.0,250.770004,252.889999,41796700
AAPL,2026-03-27,253.899994,255.490005,248.070007,248.800003,47900000
AAPL,2026-03-30,250.070007,250.869995,245.509995,246.630005,39446200
AAPL,2026-03-31,247.910004,255.479996,247.100006,253.789993,49598100
AAPL,2026-04-01,254.080002,256.179993,253.330002,255.630005,40059400
AAPL,2026-04-02,254.199997,256.130005,250.649994,255.919998,31289400
AAPL,2026-04-06,256.51001,262.160004,256.459991,258.859985,29329900
AAPL,2026-04-07,256.160004,256.200012,245.699997,253.5,62148000
AAPL,2026-04-08,258.450012,259.75,256.529999,258.899994,41032800
AAPL,2026-04-09,259.0,261.119995,256.070007,260.48999,28121600
AAPL,2026-04-10,259.980011,262.190002,259.019989,260.480011,31291500
AAPL,2026-04-13,259.730011,260.179993,256.660004,259.200012,36234700
AAPL,2026-04-14,259.25,261.929993,257.190002,258.829987,48370700
AAPL,2026-04-15,258.160004,266.559998,257.809998,266.429993,49913500
AAPL,2026-04-16,266.799988,267.160004,261.269989,263.399994,43323100
AAPL,2026-04-17,266.959991,272.299988,266.720001,270.230011,61436200
AAPL,2026-04-20,270.329987,274.279999,270.290009,273.049988,36590200
AAPL,2026-04-21,271.5,272.799988,265.399994,266.170013,50209800
AAPL,2026-04-22,267.820007,273.73999,266.869995,273.170013,43249200
AAPL,2026-04-23,275.049988,275.769989,271.649994,273.429993,33399600
AAPL,2026-04-24,272.76001,273.059998,269.649994,271.059998,38157100
AAPL,2026-04-27,266.089996,268.359985,265.070007,267.609985,41466800
AAPL,2026-04-28,272.339996,273.230011,268.660004,270.709991,40018900
AAPL,2026-04-29,267.549988,271.040009,267.040009,270.170013,30047900
AAPL,2026-04-30,270.5,276.0,268.140015,271.350006,91848200
AAPL,2026-05-01,278.859985,287.220001,278.369995,280.140015,79915400
AAPL,2026-05-04,279.660004,280.630005,274.859985,276.829987,46668400
AAPL,2026-05-05,276.929993,284.570007,276.5,284.179993,49311700
AAPL,2026-05-06,281.920013,288.029999,281.070007,287.51001,58336100
AAPL,2026-05-07,289.269989,292.130005,285.779999,287.440002,45224300
AAPL,2026-05-08,290.01001,294.76001,290.0,293.320007,52692800
AAPL,2026-05-11,291.980011,293.880005,290.230011,292.679993,42247300
AAPL,2026-05-12,292.559998,295.269989,292.559998,294.799988,45748100
AAPL,2026-05-13,293.5,300.920013,293.5,298.869995,52684300
AAPL,2026-05-14,299.820007,300.450012,295.380005,298.209991,35324900
AAPL,2026-05-15,297.899994,303.200012,296.519989,300.230011,54862800
AAPL,2026-05-18,300.23999,300.660004,294.910004,297.839996,34483000
AAPL,2026-05-19,296.970001,300.51001,296.350006,298.970001,42199700
GOOGL,2021-05-21,115.870499,115.944504,114.464996,114.706497,40632000
GOOGL,2021-05-24,115.744499,118.277496,115.598,118.052002,31832000
GOOGL,2021-05-25,118.599998,119.199997,117.75,118.143501,22440000
GOOGL,2021-05-26,118.325996,119.449501,118.322998,119.015503,21572000
GOOGL,2021-05-27,119.452499,119.452499,117.813004,118.134003,35224000
GOOGL,2021-05-28,118.721001,118.803497,117.642502,117.842499,21482000
GOOGL,2021-06-01,118.722,119.2855,117.713997,119.058998,23354000
GOOGL,2021-06-02,119.457497,119.681999,117.617996,118.529503,21158000
GOOGL,2021-06-03,117.286499,117.850998,116.475998,117.378998,18696000
GOOGL,2021-06-04,118.463501,119.9515,118.120499,119.678497,24458000
GOOGL,2021-06-07,119.472,120.225502,119.050003,120.114998,24120000
GOOGL,2021-06-08,120.600502,120.975998,119.738998,119.921997,24240000
GOOGL,2021-06-09,120.571503,120.643997,119.845001,120.397003,17942000
GOOGL,2021-06-10,120.346001,121.800003,120.189003,121.7565,25904000
GOOGL,2021-06-11,122.0,122.085999,120.947998,121.510002,21958000
GOOGL,2021-06-14,121.612999,122.445999,120.900002,122.445503,22098000
GOOGL,2021-06-15,122.449997,122.775497,121.056,121.419502,21562000
GOOGL,2021-06-16,121.571999,121.886002,119.470001,120.772499,26472000
GOOGL,2021-06-17,120.697502,122.522499,120.5,121.7435,25842000
GOOGL,2021-06-18,121.366997,121.602997,120.014999,120.111,46116000
GOOGL,2021-06-21,120.500504,122.0,119.898499,121.8125,27414000
GOOGL,2021-06-22,121.75,122.400002,121.064003,122.330498,22390000
GOOGL,2021-06-23,122.093498,123.095497,121.834503,122.126999,19148000
GOOGL,2021-06-24,122.699997,123.055496,122.300003,122.5,21362000
GOOGL,2021-06-25,122.0,122.633003,121.565002,122.508499,34594000
GOOGL,2021-06-28,122.678497,122.785004,121.405502,122.536003,28526000
GOOGL,2021-06-29,122.670502,123.021004,121.691002,122.272499,23108000
GOOGL,2021-06-30,121.994499,122.257004,121.3545,122.0895,24474000
GOOGL,2021-07-01,121.724998,122.586998,121.531502,122.444504,18110000
GOOGL,2021-07-02,123.150002,125.403999,123.059502,125.2575,25982000
GOOGL,2021-07-06,125.648499,126.428001,124.582497,126.190002,26404000
GOOGL,2021-07-07,127.162003,127.283997,126.153,126.473999,24060000
GOOGL,2021-07-08,124.026001,125.595497,124.022003,125.043999,23790000
GOOGL,2021-07-09,125.025002,125.734497,124.551498,125.518501,18632000
GOOGL,2021-07-12,126.178001,127.069504,125.611,126.975502,17668000
GOOGL,2021-07-13,127.038498,128.057495,126.6745,127.341499,19240000
GOOGL,2021-07-14,127.958,129.326508,127.914497,128.237,23742000
GOOGL,2021-07-15,128.649002,128.699997,126.529999,127.004997,24218000
GOOGL,2021-07-16,127.663002,127.811501,126.153503,126.970001,20424000
GOOGL,2021-07-19,126.0895,126.205002,123.504997,124.578003,27968000
GOOGL,2021-07-20,125.527496,127.042999,124.350502,126.209503,26312000
GOOGL,2021-07-21,126.133499,127.596001,126.023499,127.549004,20746000
GOOGL,2021-07-22,127.844002,128.483002,127.499001,128.421494,14302000
GOOGL,2021-07-23,130.430496,133.399002,129.800507,133.014999,41506000
GOOGL,2021-07-26,133.328506,134.237,132.301498,134.035004,30572000
GOOGL,2021-07-27,134.250504,134.399002,130.104004,131.899994,54710000
GOOGL,2021-07-28,136.311996,138.296997,135.277496,136.093994,95130000
GOOGL,2021-07-29,136.149994,136.660995,135.542999,135.777496,31716000
GOOGL,2021-07-30,135.035004,135.304504,134.255005,134.726501,25576000
GOOGL,2021-08-02,135.117004,135.336502,133.794006,134.854507,21634000
GOOGL,2021-08-03,135.134995,135.731995,133.319504,135.630005,20762000
GOOGL,2021-08-04,135.349503,135.649506,134.487,135.125504,19676000
GOOGL,2021-08-05,135.680496,136.350006,134.845993,136.251495,17870000
GOOGL,2021-08-06,136.042007,136.472504,135.210007,135.738495,20488000
GOOGL,2021-08-09,135.942505,137.184006,135.339493,136.912994,17760000
GOOGL,2021-08-10,137.341995,137.772507,136.364502,136.807007,19414000
GOOGL,2021-08-11,137.181503,137.682495,136.2715,136.279007,15352000
GOOGL,2021-08-12,135.975494,137.300003,135.425507,137.194,16506000
GOOGL,2021-08-13,137.25,137.856506,137.033005,137.727493,15948000
GOOGL,2021-08-16,137.524994,138.362503,135.298996,138.309494,22384000
GOOGL,2021-08-17,137.75,138.265503,136.082001,136.661499,21716000
GOOGL,2021-08-18,136.5,137.104507,135.321503,135.449005,19258000
GOOGL,2021-08-19,134.435501,136.352493,134.25,135.679993,21782000
GOOGL,2021-08-20,136.0,137.554001,135.25,137.429504,31194000
GOOGL,2021-08-23,137.969498,140.874496,137.607498,140.041504,28454000
GOOGL,2021-08-24,140.611496,142.080002,140.338501,141.261505,19268000
GOOGL,2021-08-25,141.625,142.189499,141.376007,142.078995,15848000
GOOGL,2021-08-26,141.75,142.417496,141.356995,141.440506,20610000
GOOGL,2021-08-27,141.652496,144.512497,141.496994,144.003998,28780000
GOOGL,2021-08-30,144.399994,145.970505,144.162994,144.5905,24434000
GOOGL,2021-08-31,145.147003,145.171494,144.281006,144.697495,22448000
GOOGL,2021-09-01,145.0,146.253998,144.883499,145.2155,21936000
GOOGL,2021-09-02,145.216003,145.519501,143.184998,143.287003,32342000
GOOGL,2021-09-03,143.080505,144.154999,142.400497,143.739502,19850000
GOOGL,2021-09-07,143.834503,144.565002,143.619003,144.280502,20124000
GOOGL,2021-09-08,144.100006,144.399994,143.0,143.690994,18344000
GOOGL,2021-09-09,143.8405,144.310501,143.177505,143.541,15314000
GOOGL,2021-09-10,144.212494,144.718506,140.738007,140.876007,36840000
GOOGL,2021-09-13,141.949493,142.949997,141.25,142.332504,22094000
GOOGL,2021-09-14,142.995499,143.363007,141.75,142.544495,19674000
GOOGL,2021-09-15,142.7715,144.4505,141.347504,144.429504,27408000
GOOGL,2021-09-16,143.9505,144.300003,142.401505,143.610001,26190000
GOOGL,2021-09-17,143.030502,143.449997,140.470001,140.800003,53384000
GOOGL,2021-09-20,138.161499,139.0,136.322006,138.719498,46518000
GOOGL,2021-09-21,139.749496,140.011505,138.278,139.033005,25332000
GOOGL,2021-09-22,139.304001,140.886993,138.551498,140.283493,25056000
GOOGL,2021-09-23,140.987503,141.696503,140.401505,141.216003,20952000
GOOGL,2021-09-24,140.538498,142.330505,140.240997,142.214996,22984000
GOOGL,2021-09-27,140.804504,141.938507,140.067505,141.072006,21882000
GOOGL,2021-09-28,138.654999,139.096497,135.360001,135.830002,45772000
GOOGL,2021-09-29,136.979996,137.151001,133.865005,134.3535,30848000
GOOGL,2021-09-30,134.261505,135.542496,133.556,133.675995,37996000
GOOGL,2021-10-01,134.447495,136.910507,134.072998,136.542999,35360000
GOOGL,2021-10-04,135.960495,135.960495,131.050003,133.6595,51202000
GOOGL,2021-10-05,134.041,137.224503,134.041,136.022995,32404000
GOOGL,2021-10-06,134.75,137.75,134.550003,137.565002,24364000
GOOGL,2021-10-07,138.891998,140.042007,138.651001,139.225006,25110000
GOOGL,2021-10-08,139.576996,140.330994,139.217499,139.785507,26526000
GOOGL,2021-10-11,139.292007,140.712006,138.858994,138.914001,17954000
GOOGL,2021-10-12,139.479996,139.507004,135.759995,136.449005,36332000
GOOGL,2021-10-13,137.402496,138.0,136.518997,137.582001,19654000
GOOGL,2021-10-14,139.473999,141.337494,138.824997,141.151001,31894000
GOOGL,2021-10-15,141.614502,141.718002,140.755005,141.367996,30274000
GOOGL,2021-10-18,141.076508,142.796005,141.069504,142.778,20396000
GOOGL,2021-10-19,143.387497,143.662506,142.600006,143.237,20164000
GOOGL,2021-10-20,143.337997,143.546005,141.376495,141.768997,23288000
GOOGL,2021-10-21,141.768997,142.156006,140.5,141.886002,26292000
GOOGL,2021-10-22,139.149994,140.582993,136.056,137.566498,50588000
GOOGL,2021-10-25,137.550003,138.0,135.423996,137.447006,34412000
GOOGL,2021-10-26,139.263504,140.082993,138.304504,139.308502,49236000
GOOGL,2021-10-27,139.404999,148.649994,139.404999,146.217499,85782000
GOOGL,2021-10-28,147.134506,147.158005,144.626999,145.848999,36206000
GOOGL,2021-10-29,145.078003,148.242004,144.649506,148.046005,43320000
GOOGL,2021-11-01,148.046005,148.046005,143.225494,143.496994,46924000
GOOGL,2021-11-02,144.579498,146.608994,144.335495,145.432495,33482000
GOOGL,2021-11-03,145.900497,146.669006,144.591003,146.598007,27494000
GOOGL,2021-11-04,147.124496,149.733505,146.307999,148.267502,38412000
GOOGL,2021-11-05,149.169495,150.327499,148.197006,148.852005,38354000
GOOGL,2021-11-08,149.824997,150.615005,148.430496,149.031006,23052000
GOOGL,2021-11-09,149.233002,149.834503,147.244995,148.918503,19530000
GOOGL,2021-11-10,147.5,148.070007,144.537506,145.893494,29970000
GOOGL,2021-11-11,146.489502,147.535507,145.600494,145.766495,16518000
GOOGL,2021-11-12,146.615494,148.850006,145.410995,148.677994,22360000
GOOGL,2021-11-15,148.900497,149.5495,147.574997,148.451996,23508000
GOOGL,2021-11-16,148.149506,148.762497,147.3125,147.876007,18904000
GOOGL,2021-11-17,148.027496,148.559494,147.240005,148.046997,19594000
GOOGL,2021-11-18,148.241501,150.580505,147.884506,149.838501,35608000
GOOGL,2021-11-19,149.975494,150.966507,148.899002,148.926498,33682000
GOOGL,2021-11-22,149.332504,149.829498,146.147507,146.302002,30594000
GOOGL,2021-11-23,146.153,146.660004,144.115005,145.781998,27218000
GOOGL,2021-11-24,145.473495,146.249496,144.373001,146.119995,18040000
GOOGL,2021-11-26,144.348495,144.557495,141.842499,142.182999,30470000
GOOGL,2021-11-29,144.0,146.297501,143.893494,145.530502,32596000
GOOGL,2021-11-30,145.008499,146.0,141.601501,141.897507,42068000
GOOGL,2021-12-01,144.0,145.9505,140.912003,141.051498,34020000
GOOGL,2021-12-02,141.25,143.864502,140.214493,142.966003,29194000
GOOGL,2021-12-03,143.681,144.399994,140.300995,142.001495,41230000
GOOGL,2021-12-06,143.040497,143.852493,140.149994,143.154999,30618000
GOOGL,2021-12-07,145.596497,147.531006,145.227493,147.269501,32240000
GOOGL,2021-12-08,147.596497,148.393005,146.406006,148.186493,24270000
GOOGL,2021-12-09,147.591003,149.100006,147.115005,147.638504,23270000
GOOGL,2021-12-10,148.699997,148.977493,146.703995,148.001495,24458000
GOOGL,2021-12-13,147.781494,147.970001,145.517502,145.826508,27070000
GOOGL,2021-12-14,143.968002,144.479996,141.214996,143.906998,38446000
GOOGL,2021-12-15,143.408997,146.720993,141.677994,146.440994,36370000
GOOGL,2021-12-16,147.170502,147.677002,143.606995,144.445007,33650000
GOOGL,2021-12-17,142.5,143.834503,141.300003,141.725006,50416000
GOOGL,2021-12-20,140.0,141.774506,139.320999,141.606995,27192000
GOOGL,2021-12-21,142.053497,143.869003,140.502502,143.472504,28756000
GOOGL,2021-12-22,143.067505,146.5,143.067505,146.414993,26322000
GOOGL,2021-12-23,146.5,148.2435,146.451996,146.916504,26384000
GOOGL,2021-12-27,147.255997,148.343994,147.169495,147.906494,15976000
GOOGL,2021-12-28,148.235992,148.298996,146.054504,146.686996,18200000
GOOGL,2021-12-29,146.644501,147.417007,145.647507,146.654999,17788000
GOOGL,2021-12-30,146.694,147.300003,145.994507,146.2005,15688000
GOOGL,2021-12-31,146.050003,146.698502,144.852005,144.852005,18136000
GOOGL,2022-01-03,145.054993,145.850998,143.712997,144.991501,28646000
GOOGL,2022-01-04,145.395996,146.485001,143.716507,144.399506,28400000
GOOGL,2022-01-05,144.419998,144.499496,137.688004,137.774994,54618000
GOOGL,2022-01-06,136.998505,139.940002,136.558502,137.747498,37348000
GOOGL,2022-01-07,138.145493,138.448502,135.766495,137.016998,29760000
GOOGL,2022-01-10,135.078003,138.819504,133.164505,138.669495,44408000
GOOGL,2022-01-11,138.007004,140.216003,136.692505,139.735992,28730000
GOOGL,2022-01-12,141.149994,142.608002,140.694504,141.430496,26108000
GOOGL,2022-01-13,141.539993,142.850006,138.408997,138.587006,31436000
GOOGL,2022-01-14,137.078995,140.742004,136.998505,139.480499,29662000
GOOGL,2022-01-18,136.175003,137.1315,135.438507,135.998001,34872000
GOOGL,2022-01-19,136.523499,137.959503,135.015503,135.116501,28648000
GOOGL,2022-01-20,136.25,137.626007,132.964493,133.307495,29908000
GOOGL,2022-01-21,132.593506,134.865494,130.086502,130.351501,55652000
GOOGL,2022-01-24,125.977997,131.203003,124.5,130.804001,76622000
GOOGL,2022-01-25,128.740005,129.399002,126.500504,126.934998,46960000
GOOGL,2022-01-26,131.119003,133.0,127.141998,129.233002,49130000
GOOGL,2022-01-27,131.304001,132.652496,128.932495,129.005005,31950000
GOOGL,2022-01-28,129.658997,133.356506,128.485001,133.350998,34362000
GOOGL,2022-01-31,134.162003,135.473007,132.209503,135.303497,39986000
GOOGL,2022-02-01,137.594498,137.792999,134.3685,137.643997,68644000
GOOGL,2022-02-02,151.25,151.546494,145.522507,148.0,123200000
GOOGL,2022-02-03,145.705505,149.675003,142.665497,143.089996,71518000
GOOGL,2022-02-04,143.444504,144.875,140.514999,143.292999,57998000
GOOGL,2022-02-07,144.25,144.25,138.899994,139.201004,54974000
GOOGL,2022-02-08,139.026505,140.0,137.014008,139.399002,54284000
GOOGL,2022-02-09,140.963501,142.524506,140.186996,141.591995,40144000
GOOGL,2022-02-10,139.703506,141.484497,137.957001,138.619995,39330000
GOOGL,2022-02-11,138.600006,139.156494,133.399994,134.282501,39958000
GOOGL,2022-02-14,133.2565,136.300003,133.2565,135.526001,34302000
GOOGL,2022-02-15,137.570496,138.108505,135.821503,136.608505,26680000
GOOGL,2022-02-16,136.6465,138.085999,134.923996,137.738007,25022000
GOOGL,2022-02-17,136.242996,137.113495,132.4785,132.539001,38950000
GOOGL,2022-02-18,133.466995,134.070007,130.196503,130.403,45620000
GOOGL,2022-02-22,129.837997,132.180496,128.223495,129.813507,44990000
GOOGL,2022-02-23,131.648499,132.050995,127.527496,127.587997,32786000
GOOGL,2022-02-24,124.953499,133.0,124.953499,132.690994,54456000
GOOGL,2022-02-25,133.552002,135.2715,131.751495,134.459503,36406000
GOOGL,2022-02-28,133.050003,135.751495,132.592499,135.057007,38864000
GOOGL,2022-03-01,134.878494,136.255493,133.218506,134.061493,26496000
GOOGL,2022-03-02,134.628006,135.262497,133.071503,134.571503,23520000
GOOGL,2022-03-03,136.009995,136.439499,133.025497,133.899506,24604000
GOOGL,2022-03-04,132.927505,133.851501,130.337494,131.906494,30430000
GOOGL,2022-03-07,131.488007,131.735001,126.294998,126.378502,45112000
GOOGL,2022-03-08,126.25,131.25,125.6745,127.1045,40428000
GOOGL,2022-03-09,131.25,133.735504,129.900497,133.419998,37026000
GOOGL,2022-03-10,131.266006,133.272003,130.912506,132.429504,27102000
GOOGL,2022-03-11,133.488495,133.795502,129.6315,129.870499,31526000
GOOGL,2022-03-14,130.25,130.408997,125.275002,125.950996,38812000
GOOGL,2022-03-15,126.975998,129.854507,125.720497,129.197998,30920000
GOOGL,2022-03-16,130.733002,133.332993,128.734497,133.280502,35576000
GOOGL,2022-03-17,133.149002,134.080505,132.184998,133.839005,28264000
GOOGL,2022-03-18,133.4245,136.244003,132.258499,136.125504,44566000
GOOGL,2022-03-21,136.163498,137.050003,134.092499,136.101501,26832000
GOOGL,2022-03-22,136.101501,141.050003,136.101501,139.867996,35496000
GOOGL,2022-03-23,138.702499,139.588501,137.835007,138.275497,25154000
GOOGL,2022-03-24,139.199997,141.619003,137.750504,141.572006,26396000
GOOGL,2022-03-25,141.916,142.035004,139.737503,141.673004,24126000
GOOGL,2022-03-28,140.900497,142.002502,139.811493,141.455505,35050000
GOOGL,2022-03-29,142.647507,143.793503,142.038498,142.505493,34318000
GOOGL,2022-03-30,142.460007,142.720505,141.600006,141.938507,19884000
GOOGL,2022-03-31,142.052994,142.108002,139.024506,139.067505,37524000
GOOGL,2022-04-01,139.5,140.470993,138.307495,140.150497,25942000
GOOGL,2022-04-04,140.358505,143.712006,140.310501,142.971497,25942000
GOOGL,2022-04-05,142.869003,142.990494,140.382507,140.591003,21418000
GOOGL,2022-04-06,138.75,139.360504,135.516998,136.548004,32468000
GOOGL,2022-04-07,136.009995,137.164505,134.227493,135.888504,26234000
GOOGL,2022-04-08,135.583496,135.669998,132.9655,133.287506,25142000
GOOGL,2022-04-11,131.823502,132.092499,128.668503,128.823502,36884000
GOOGL,2022-04-12,131.600006,131.600006,126.789001,127.7145,32710000
GOOGL,2022-04-13,128.0,130.334,127.740997,129.893997,27928000
GOOGL,2022-04-14,130.479507,130.479507,126.600998,126.730003,31598000
GOOGL,2022-04-18,127.0,128.212494,126.181999,127.676498,20808000
GOOGL,2022-04-19,127.691498,130.332993,126.999496,130.009003,26490000
GOOGL,2022-04-20,130.891998,131.399002,127.5,128.039993,31696000
GOOGL,2022-04-21,129.25,130.098495,124.526497,124.814499,36446000
GOOGL,2022-04-22,125.0,125.402,118.925003,119.635498,56884000
GOOGL,2022-04-25,119.100998,123.277496,118.511002,123.073997,46128000
GOOGL,2022-04-26,122.294502,122.510002,118.511002,118.650002,73054000
GOOGL,2022-04-27,114.469498,117.241997,112.736504,114.294502,91820000
GOOGL,2022-04-28,116.415001,119.649498,114.114998,118.522499,48884000
GOOGL,2022-04-29,116.734497,117.919998,113.814499,114.109497,42676000
GOOGL,2022-05-02,113.404999,116.745499,112.599998,116.583,35534000
GOOGL,2022-05-03,116.430496,118.442001,116.0345,117.334,24968000
GOOGL,2022-05-04,117.031502,122.8545,115.115997,122.261002,49916000
GOOGL,2022-05-05,120.204002,121.039001,115.005501,116.505501,45840000
GOOGL,2022-05-06,115.184502,117.571503,114.015503,115.746498,39710000
GOOGL,2022-05-09,113.25,115.077003,112.000504,112.511002,40802000
GOOGL,2022-05-10,115.5075,116.25,112.900497,114.394997,39900000
GOOGL,2022-05-11,113.236504,116.364502,113.236504,113.602501,37534000
GOOGL,2022-05-12,111.377502,114.294998,109.824501,112.844002,53836000
GOOGL,2022-05-13,114.532997,117.875,113.605003,116.050499,35038000
GOOGL,2022-05-16,114.955498,116.169998,113.889503,114.445,25990000
GOOGL,2022-05-17,116.8405,116.900002,114.870003,116.473,23054000
GOOGL,2022-05-18,115.0,115.400002,111.555496,111.899498,35126000
GOOGL,2022-05-19,111.431503,113.010002,110.0,110.384003,34144000
GOOGL,2022-05-20,111.950996,112.183502,105.796501,108.907997,48962000
GOOGL,2022-05-23,109.587502,112.147499,108.740997,111.487999,37184000
GOOGL,2022-05-24,105.772003,106.458504,101.884499,105.970001,76780000
GOOGL,2022-05-25,104.985497,106.5,103.856499,105.805,40258000
GOOGL,2022-05-26,105.677002,108.649498,105.224998,107.792503,37948000
GOOGL,2022-05-27,109.483002,112.318001,109.138496,112.316498,37914000
GOOGL,2022-05-31,112.746498,115.735001,112.078499,113.762001,50012000
GOOGL,2022-06-01,114.855003,117.101501,113.25,113.891998,36606000
GOOGL,2022-06-02,114.0,117.899498,112.946503,117.622498,37992000
GOOGL,2022-06-03,116.0625,116.321503,113.518501,114.541,26136000
GOOGL,2022-06-06,116.704498,119.347,116.164001,116.820503,33542000
GOOGL,2022-06-07,115.480499,117.691002,115.052002,117.149498,31590000
GOOGL,2022-06-08,116.761497,118.570503,116.599998,117.194,26108000
GOOGL,2022-06-09,116.327499,118.299004,114.776001,114.835503,25798000
GOOGL,2022-06-10,112.445,113.278999,110.365997,111.161499,41452000
GOOGL,2022-06-13,106.786499,108.791496,106.119003,106.392502,47252000
GOOGL,2022-06-14,106.535004,107.9245,105.800003,106.7155,33706000
GOOGL,2022-06-15,108.544998,111.4235,107.669502,109.764503,39698000
GOOGL,2022-06-16,107.221001,108.648499,105.138,106.033501,51684000
GOOGL,2022-06-17,106.033501,108.699501,105.045998,107.143501,51376000
GOOGL,2022-06-21,108.929497,112.489502,108.599998,111.543999,47416000
GOOGL,2022-06-22,110.556503,113.346497,110.3825,111.487503,30774000
GOOGL,2022-06-23,112.231499,112.7425,110.500504,112.241997,28362000
GOOGL,2022-06-24,112.995003,118.079002,112.952499,117.974998,41164000
GOOGL,2022-06-27,118.273003,118.579498,115.179497,115.833504,36420000
GOOGL,2022-06-28,115.802498,117.309502,111.848,112.0075,35792000
GOOGL,2022-06-29,111.552002,113.1605,110.872498,111.7015,24716000
GOOGL,2022-06-30,110.0,110.888,106.75,108.962997,43170000
GOOGL,2022-07-01,107.932999,109.25,106.730499,108.737503,35476000
GOOGL,2022-07-05,107.100502,113.376999,105.731499,113.263,39342000
GOOGL,2022-07-06,113.302002,115.5895,111.475998,114.571999,37432000
GOOGL,2022-07-07,115.080002,119.189499,114.833504,118.782997,40936000
GOOGL,2022-07-08,117.25,119.684998,116.901497,119.3535,38238000
GOOGL,2022-07-11,117.998001,117.998001,115.330498,115.676498,31196000
GOOGL,2022-07-12,116.214996,116.973999,113.690002,114.0205,29960000
GOOGL,2022-07-13,111.700996,114.195999,111.2015,111.3535,43722000
GOOGL,2022-07-14,110.210503,111.093002,108.373001,110.3675,37004000
GOOGL,2022-07-15,112.000504,113.140503,110.900002,111.777496,46770000
GOOGL,2022-07-18,112.639999,113.68,108.370003,109.029999,43164600
GOOGL,2022-07-19,110.849998,114.019997,109.559998,113.809998,36530900
GOOGL,2022-07-20,113.169998,115.400002,112.480003,113.900002,35600400
GOOGL,2022-07-21,114.279999,114.550003,111.110001,114.339996,32676200
GOOGL,2022-07-22,111.0,112.339996,106.5,107.900002,48901200
GOOGL,2022-07-25,108.410004,109.870003,106.300003,107.510002,34690900
GOOGL,2022-07-26,106.599998,107.199997,104.07,105.019997,47991000
GOOGL,2022-07-27,109.260002,113.910004,108.010002,113.059998,59858500
GOOGL,2022-07-28,112.370003,114.339996,111.459999,114.220001,32816600
GOOGL,2022-07-29,113.080002,116.709999,113.059998,116.32,37223400
GOOGL,2022-08-01,115.300003,116.720001,114.339996,114.860001,26034300
GOOGL,2022-08-02,114.0,116.349998,113.720001,115.129997,20236000
GOOGL,2022-08-03,115.709999,118.620003,115.480003,118.080002,28499000
GOOGL,2022-08-04,117.480003,118.779999,116.889999,118.190002,21602900
GOOGL,2022-08-05,116.230003,118.110001,116.0,117.470001,19159500
GOOGL,2022-08-08,118.389999,120.150002,116.879997,117.300003,19138300
GOOGL,2022-08-09,117.139999,117.32,115.709999,116.629997,19086500
GOOGL,2022-08-10,118.779999,120.919998,118.410004,119.699997,30930400
GOOGL,2022-08-11,121.279999,121.489998,118.559998,118.839996,24293700
GOOGL,2022-08-12,120.260002,121.68,119.459999,121.68,19096300
GOOGL,2022-08-15,121.129997,122.300003,120.610001,122.080002,19494800
GOOGL,2022-08-16,121.519997,122.43,120.639999,121.699997,19041200
GOOGL,2022-08-17,120.120003,121.290001,119.379997,119.550003,22847000
GOOGL,2022-08-18,119.43,120.82,118.720001,120.169998,17987700
GOOGL,2022-08-19,119.059998,119.150002,116.760002,117.209999,21809500
GOOGL,2022-08-22,115.199997,115.629997,113.849998,114.239998,21456600
GOOGL,2022-08-23,113.480003,115.010002,113.43,113.860001,15870400
GOOGL,2022-08-24,113.5,114.779999,112.870003,113.690002,17734600
GOOGL,2022-08-25,114.239998,116.720001,114.110001,116.650002,16956800
GOOGL,2022-08-26,114.720001,115.120003,110.190002,110.339996,37245700
GOOGL,2022-08-29,109.989998,110.949997,108.800003,109.419998,21191200
GOOGL,2022-08-30,110.169998,110.5,107.800003,108.940002,27513300
GOOGL,2022-08-31,110.650002,110.849998,108.129997,108.220001,28627000
GOOGL,2022-09-01,108.279999,110.449997,107.360001,109.739998,28360900
GOOGL,2022-09-02,110.589996,110.739998,107.260002,107.849998,24160700
GOOGL,2022-09-06,107.300003,108.029999,105.779999,106.809998,25068300
GOOGL,2022-09-07,107.059998,109.980003,106.900002,109.449997,23167000
GOOGL,2022-09-08,108.040001,109.599998,107.160004,108.379997,24238300
GOOGL,2022-09-09,109.07,110.989998,109.019997,110.650002,23197700
GOOGL,2022-09-12,110.989998,111.620003,109.93,110.860001,22966800
GOOGL,2022-09-13,107.800003,108.300003,104.089996,104.32,38172900
GOOGL,2022-09-14,104.57,105.279999,103.660004,105.0,26395100
GOOGL,2022-09-15,104.029999,105.269997,102.349998,102.910004,34188300
GOOGL,2022-09-16,102.07,103.129997,100.940002,102.800003,42797200
GOOGL,2022-09-19,101.75,103.330002,101.550003,103.07,23036800
GOOGL,2022-09-20,102.080002,102.370003,100.519997,101.139999,26517100
GOOGL,2022-09-21,101.669998,102.879997,99.269997,99.279999,31487300
GOOGL,2022-09-22,98.82,101.239998,98.790001,100.139999,34298600
GOOGL,2022-09-23,99.629997,99.660004,97.470001,98.739998,31625400
GOOGL,2022-09-26,98.099998,99.879997,97.800003,98.169998,27072700
GOOGL,2022-09-27,99.43,100.0,96.870003,97.5,30072800
GOOGL,2022-09-28,97.650002,100.699997,97.110001,100.050003,32466300
GOOGL,2022-09-29,98.639999,98.639999,95.959999,97.419998,31047200
GOOGL,2022-09-30,97.050003,98.900002,95.559998,95.650002,32941500
GOOGL,2022-10-03,96.760002,99.290001,96.519997,98.639999,27982000
GOOGL,2022-10-04,100.440002,101.839996,100.379997,101.639999,28850800
GOOGL,2022-10-05,99.830002,101.93,98.800003,101.43,22176900
GOOGL,2022-10-06,100.68,102.93,100.589996,101.419998,22324000
GOOGL,2022-10-07,99.849998,100.529999,98.300003,98.68,27502800
GOOGL,2022-10-10,99.0,99.099998,97.010002,97.860001,18225100
GOOGL,2022-10-11,97.43,99.25,96.309998,97.18,26507100
GOOGL,2022-10-12,97.300003,98.75,96.739998,97.559998,21876400
GOOGL,2022-10-13,95.150002,99.779999,94.379997,99.059998,34574500
GOOGL,2022-10-14,99.989998,100.690002,96.370003,96.559998,25410700
GOOGL,2022-10-17,98.860001,100.93,98.830002,99.970001,28419200
GOOGL,2022-10-18,103.129997,103.470001,99.970001,100.769997,24060700
GOOGL,2022-10-19,100.010002,101.019997,98.919998,99.629997,23811100
GOOGL,2022-10-20,100.0,102.32,99.389999,99.970001,25323200
GOOGL,2022-10-21,97.849998,101.309998,97.720001,101.129997,32458700
GOOGL,2022-10-24,101.800003,102.75,99.980003,102.519997,27176400
GOOGL,2022-10-25,102.900002,104.82,102.720001,104.480003,40611400
GOOGL,2022-10-26,96.43,98.309998,94.690002,94.93,88114100
GOOGL,2022-10-27,94.519997,95.43,91.800003,92.220001,60710900
GOOGL,2022-10-28,92.269997,96.550003,92.129997,96.290001,43697300
GOOGL,2022-10-31,95.419998,96.029999,93.980003,94.510002,31675000
GOOGL,2022-11-01,95.449997,96.029999,90.370003,90.470001,47161400
GOOGL,2022-11-02,90.940002,91.18,86.879997,86.970001,57038300
GOOGL,2022-11-03,86.32,86.519997,83.339996,83.43,61288000
GOOGL,2022-11-04,85.400002,86.639999,83.709999,86.580002,51124900
GOOGL,2022-11-07,87.279999,88.900002,86.849998,88.489998,34078900
GOOGL,2022-11-08,88.900002,90.32,87.589996,88.900002,30429000
GOOGL,2022-11-09,88.449997,89.440002,87.279999,87.32,31769100
GOOGL,2022-11-10,92.25,94.389999,91.610001,93.940002,51620100
GOOGL,2022-11-11,94.690002,96.93,93.919998,96.410004,33090500
GOOGL,2022-11-14,95.089996,96.790001,94.510002,95.699997,30179500
GOOGL,2022-11-15,98.260002,100.139999,96.709999,98.440002,41640800
GOOGL,2022-11-16,97.900002,99.639999,97.639999,98.849998,29105200
GOOGL,2022-11-17,96.970001,99.279999,96.790001,98.360001,26052600
GOOGL,2022-11-18,98.769997,98.900002,96.370003,97.43,28342300
GOOGL,2022-11-21,97.290001,98.400002,95.360001,95.599998,21647400
GOOGL,2022-11-22,95.949997,97.220001,94.050003,97.050003,23438500
GOOGL,2022-11-23,97.089996,98.760002,97.089996,98.459999,18868100
GOOGL,2022-11-25,98.239998,98.639999,97.400002,97.459999,9701400
GOOGL,2022-11-28,97.040001,97.580002,95.610001,96.050003,26237500
GOOGL,2022-11-29,95.730003,96.120003,94.110001,95.190002,20061700
GOOGL,2022-11-30,94.82,101.040001,94.419998,100.989998,43647500
GOOGL,2022-12-01,101.019997,102.25,100.25,100.989998,28687100
GOOGL,2022-12-02,99.050003,100.769997,98.900002,100.440002,21480700
GOOGL,2022-12-05,99.400002,101.379997,99.0,99.480003,24405100
GOOGL,2022-12-06,99.300003,99.779999,96.419998,96.980003,24910700
GOOGL,2022-12-07,96.410004,96.879997,94.720001,94.940002,31045400
GOOGL,2022-12-08,95.379997,95.580002,93.449997,93.709999,32213300
GOOGL,2022-12-09,93.769997,94.260002,92.75,92.830002,28225400
GOOGL,2022-12-12,92.709999,93.559998,91.610001,93.309998,29420000
GOOGL,2022-12-13,97.760002,99.529999,95.029999,95.629997,40593700
GOOGL,2022-12-14,95.199997,96.870003,93.599998,95.07,28733600
GOOGL,2022-12-15,93.129997,93.639999,90.010002,90.860001,40107000
GOOGL,2022-12-16,90.760002,91.330002,89.519997,90.260002,58011800
GOOGL,2022-12-19,90.260002,90.559998,88.209999,88.440002,29493000
GOOGL,2022-12-20,88.110001,89.18,87.440002,89.019997,23453800
GOOGL,2022-12-21,89.080002,90.220001,88.32,89.580002,24745600
GOOGL,2022-12-22,88.160004,88.540001,86.32,87.760002,27658300
GOOGL,2022-12-23,87.110001,89.550003,87.07,89.230003,23003000
GOOGL,2022-12-27,88.800003,88.940002,87.010002,87.389999,20097300
GOOGL,2022-12-28,86.980003,88.040001,85.940002,86.019997,19523200
GOOGL,2022-12-29,86.620003,88.849998,86.610001,88.449997,23333500
GOOGL,2022-12-30,86.980003,88.300003,86.57,88.230003,23986300
GOOGL,2023-01-03,89.589996,91.050003,88.519997,89.120003,28131200
GOOGL,2023-01-04,90.349998,90.650002,87.269997,88.080002,34854800
GOOGL,2023-01-05,87.470001,87.57,85.900002,86.199997,27194400
GOOGL,2023-01-06,86.790001,87.690002,84.860001,87.339996,41381500
GOOGL,2023-01-09,88.360001,90.050003,87.860001,88.019997,29003900
GOOGL,2023-01-10,85.980003,88.669998,85.830002,88.419998,30467800
GOOGL,2023-01-11,89.18,91.599998,89.010002,91.519997,26862000
GOOGL,2023-01-12,91.480003,91.870003,89.75,91.129997,30258100
GOOGL,2023-01-13,90.849998,92.190002,90.129997,92.120003,26329200
GOOGL,2023-01-17,92.059998,92.25,90.050003,91.290001,32602400
GOOGL,2023-01-18,92.139999,92.800003,90.639999,91.120003,29116700
GOOGL,2023-01-19,90.720001,93.610001,90.629997,93.050003,37000400
GOOGL,2023-01-20,95.099998,98.300003,95.019997,98.019997,63191100
GOOGL,2023-01-23,97.949997,100.040001,97.5,99.790001,40005100
GOOGL,2023-01-24,98.099998,99.610001,97.199997,97.699997,33078500
GOOGL,2023-01-25,95.57,96.160004,93.760002,95.220001,42330000
GOOGL,2023-01-26,96.5,97.57,95.379997,97.519997,30114000
GOOGL,2023-01-27,97.309998,100.32,97.309998,99.370003,33879800
GOOGL,2023-01-30,97.480003,98.290001,96.400002,96.940002,27226200
GOOGL,2023-01-31,96.870003,98.879997,96.82,98.839996,29870700
GOOGL,2023-02-01,98.709999,101.190002,97.580002,100.43,35531100
GOOGL,2023-02-02,105.800003,107.849998,105.610001,107.739998,69883800
GOOGL,2023-02-03,102.93,107.809998,102.580002,104.779999,65309300
GOOGL,2023-02-06,102.400002,104.360001,101.879997,102.900002,31999600
GOOGL,2023-02-07,103.220001,108.18,103.120003,107.639999,49010200
GOOGL,2023-02-08,102.050003,103.139999,98.040001,99.370003,94743500
GOOGL,2023-02-09,100.0,100.029999,93.629997,95.010002,119455000
GOOGL,2023-02-10,95.449997,96.75,94.25,94.57,54980700
GOOGL,2023-02-13,94.739998,95.199997,93.839996,94.610001,50076100
GOOGL,2023-02-14,94.43,94.849998,92.260002,94.68,54726100
GOOGL,2023-02-15,94.489998,97.120003,94.150002,96.940002,50169000
GOOGL,2023-02-16,95.370003,97.68,94.739998,95.510002,42462600
GOOGL,2023-02-17,94.849998,95.559998,93.209999,94.349998,34284100
GOOGL,2023-02-21,93.0,93.099998,91.720001,91.790001,33629300
GOOGL,2023-02-22,91.699997,92.110001,90.610001,91.650002,30884000
GOOGL,2023-02-23,91.919998,91.940002,89.760002,90.889999,41206400
GOOGL,2023-02-24,89.440002,89.889999,88.580002,89.129997,36585100
GOOGL,2023-02-27,89.870003,90.160004,89.339996,89.870003,27502300
GOOGL,2023-02-28,89.330002,91.230003,89.32,90.059998,30142000
GOOGL,2023-03-01,89.980003,91.029999,89.669998,90.360001,31111200
GOOGL,2023-03-02,89.660004,92.279999,89.589996,92.0,32204400
GOOGL,2023-03-03,92.480003,93.730003,92.449997,93.650002,35160100
GOOGL,2023-03-06,94.019997,95.970001,94.0,95.129997,32639300
GOOGL,2023-03-07,94.980003,95.669998,93.529999,93.860001,27835500
GOOGL,2023-03-08,94.120003,95.959999,94.0,94.25,34103300
GOOGL,2023-03-09,94.050003,95.529999,91.900002,92.32,28813500
GOOGL,2023-03-10,92.169998,92.790001,90.400002,90.629997,35941000
GOOGL,2023-03-13,90.089996,92.57,89.419998,91.110001,37335600
GOOGL,2023-03-14,92.559998,94.360001,92.440002,93.970001,36050200
GOOGL,2023-03-15,93.220001,96.93,92.639999,96.110001,50622100
GOOGL,2023-03-16,96.199997,101.190002,95.5,100.32,65492000
GOOGL,2023-03-17,100.260002,102.839996,100.099998,101.620003,61028500
GOOGL,2023-03-20,100.120003,101.75,99.870003,101.220001,32960400
GOOGL,2023-03-21,101.25,105.099998,101.220001,104.919998,42110300
GOOGL,2023-03-22,104.269997,106.589996,103.330002,103.370003,43427400
GOOGL,2023-03-23,105.059998,106.300003,104.459999,105.599998,40797800
GOOGL,2023-03-24,104.989998,105.489998,103.839996,105.440002,30393300
GOOGL,2023-03-27,104.620003,104.760002,101.93,102.459999,31120900
GOOGL,2023-03-28,102.440002,102.449997,99.739998,101.029999,32057900
GOOGL,2023-03-29,102.279999,102.489998,100.650002,101.389999,28779600
GOOGL,2023-03-30,100.910004,101.160004,99.779999,100.889999,33086200
GOOGL,2023-03-31,101.300003,103.889999,101.040001,103.730003,36863400
GOOGL,2023-04-03,102.389999,104.529999,101.93,104.360001,25035400
GOOGL,2023-04-04,104.330002,105.580002,104.040001,104.720001,24420100
GOOGL,2023-04-05,105.779999,106.099998,103.660004,104.470001,28290500
GOOGL,2023-04-06,105.260002,109.169998,104.330002,108.419998,48711500
GOOGL,2023-04-10,106.980003,107.589996,105.120003,106.440002,27067400
GOOGL,2023-04-11,106.550003,106.730003,104.68,105.349998,26311800
GOOGL,2023-04-12,106.580002,106.75,104.339996,104.639999,24370300
GOOGL,2023-04-13,105.839996,107.489998,105.839996,107.43,24843600
GOOGL,2023-04-14,106.889999,108.940002,106.839996,108.870003,26578000
GOOGL,2023-04-17,104.660004,106.160004,104.519997,105.970001,37571200
GOOGL,2023-04-18,106.489998,106.540001,104.07,104.5,26596400
GOOGL,2023-04-19,103.580002,104.980003,103.07,104.18,20905700
GOOGL,2023-04-20,103.910004,106.25,103.870003,105.290001,27820800
GOOGL,2023-04-21,105.470001,106.0,104.779999,105.410004,25800100
GOOGL,2023-04-24,105.489998,106.629997,104.699997,105.970001,23542800
GOOGL,2023-04-25,105.830002,106.690002,103.839996,103.849998,46664100
GOOGL,2023-04-26,104.919998,106.349998,102.629997,103.709999,53347600
GOOGL,2023-04-27,104.449997,108.370003,103.540001,107.589996,50089200
GOOGL,2023-04-28,107.040001,107.349998,105.089996,107.339996,36139800
GOOGL,2023-05-01,106.839996,107.989998,106.82,107.199997,26681700
GOOGL,2023-05-02,107.139999,107.199997,103.709999,105.32,30997200
GOOGL,2023-05-03,105.529999,107.489998,104.959999,105.410004,21795400
GOOGL,2023-05-04,105.489998,105.599998,103.970001,104.690002,23419500
GOOGL,2023-05-05,104.82,105.879997,104.110001,105.57,26639300
GOOGL,2023-05-08,105.18,107.959999,105.160004,107.769997,26511400
GOOGL,2023-05-09,108.389999,110.150002,107.190002,107.349998,36360100
GOOGL,2023-05-10,107.970001,112.940002,107.93,111.75,63153400
GOOGL,2023-05-11,115.400002,117.919998,114.410004,116.57,78900000
GOOGL,2023-05-12,116.68,118.029999,116.110001,117.510002,41102300
GOOGL,2023-05-15,116.110001,118.480003,116.010002,116.510002,36266800
GOOGL,2023-05-16,116.489998,120.75,116.43,119.510002,45035600
GOOGL,2023-05-17,119.610001,121.669998,118.889999,120.839996,33323600
GOOGL,2023-05-18,120.949997,123.309998,120.830002,122.830002,35234200
GOOGL,2023-05-19,123.550003,125.970001,122.150002,122.760002,41353400
GOOGL,2023-05-22,122.940002,126.43,122.739998,125.050003,35253000
GOOGL,2023-05-23,124.160004,124.629997,122.209999,122.559998,34046300
GOOGL,2023-05-24,121.120003,121.910004,119.860001,120.900002,34182600
GOOGL,2023-05-25,124.519997,125.32,121.959999,123.480003,42317000
GOOGL,2023-05-26,123.169998,125.260002,122.449997,124.610001,35635900
GOOGL,2023-05-30,125.639999,125.660004,122.0,123.669998,35076700
GOOGL,2023-05-31,122.75,124.059998,122.5,122.870003,37325800
GOOGL,2023-06-01,122.82,124.419998,122.620003,123.720001,30772700
GOOGL,2023-06-02,123.989998,126.150002,123.760002,124.669998,26980100
GOOGL,2023-06-05,124.010002,127.43,123.839996,126.010002,32305500
GOOGL,2023-06-06,126.010002,128.289993,125.360001,127.309998,26638300
GOOGL,2023-06-07,126.970001,129.039993,122.120003,122.5,52539000
GOOGL,2023-06-08,122.230003,123.230003,121.239998,122.139999,29389200
GOOGL,2023-06-09,122.25,123.760002,121.910004,122.230003,23778300
GOOGL,2023-06-12,122.790001,124.050003,121.660004,123.639999,28306400
GOOGL,2023-06-13,124.980003,125.160004,123.18,123.830002,22278300
GOOGL,2023-06-14,123.099998,124.050003,121.449997,123.669998,30592300
GOOGL,2023-06-15,123.139999,125.459999,122.400002,125.089996,35246300
GOOGL,2023-06-16,125.93,126.110001,123.279999,123.529999,45535600
GOOGL,2023-06-20,122.93,124.57,122.139999,123.099998,26097500
GOOGL,2023-06-21,122.400002,122.660004,120.099998,120.550003,30306300
GOOGL,2023-06-22,120.0,123.239998,118.830002,123.150002,26952200
GOOGL,2023-06-23,121.379997,122.790001,121.059998,122.339996,34913600
GOOGL,2023-06-26,120.760002,122.0,118.269997,118.339996,33969900
GOOGL,2023-06-27,117.080002,119.080002,116.099998,118.330002,39535900
GOOGL,2023-06-28,117.089996,120.389999,116.849998,120.18,27091400
GOOGL,2023-06-29,119.239998,120.059998,118.300003,119.099998,24090900
GOOGL,2023-06-30,120.169998,121.080002,119.690002,119.699997,29532200
GOOGL,2023-07-03,119.239998,120.190002,118.82,119.900002,14467900
GOOGL,2023-07-05,119.239998,122.610001,119.230003,121.75,27584800
GOOGL,2023-07-06,119.800003,120.300003,118.400002,120.110001,24745200
GOOGL,2023-07-07,120.099998,121.050003,119.400002,119.480003,21709500
GOOGL,2023-07-10,118.300003,118.309998,116.139999,116.449997,35315200
GOOGL,2023-07-11,116.290001,117.709999,115.349998,117.139999,23078800
GOOGL,2023-07-12,118.800003,120.330002,118.410004,118.93,30404400
GOOGL,2023-07-13,120.93,124.830002,120.449997,124.540001,44297900
GOOGL,2023-07-14,124.800003,126.779999,123.489998,125.419998,33283100
GOOGL,2023-07-17,125.940002,127.099998,124.199997,124.650002,25716200
GOOGL,2023-07-18,124.599998,124.68,122.959999,123.760002,26193600
GOOGL,2023-07-19,124.599998,125.18,121.800003,122.029999,37224000
GOOGL,2023-07-20,121.419998,124.089996,118.220001,119.199997,37906800
GOOGL,2023-07-21,120.620003,120.989998,118.730003,120.019997,72937900
GOOGL,2023-07-24,121.660004,123.0,120.980003,121.529999,29686100
GOOGL,2023-07-25,121.360001,123.150002,121.019997,122.209999,52509600
GOOGL,2023-07-26,130.070007,130.979996,128.320007,129.270004,61682100
GOOGL,2023-07-27,131.669998,133.240005,128.789993,129.399994,44952100
GOOGL,2023-07-28,130.779999,133.740005,130.570007,132.580002,36591200
GOOGL,2023-07-31,132.729996,133.529999,131.779999,132.720001,28055500
GOOGL,2023-08-01,130.779999,132.630005,130.679993,131.550003,23166800
GOOGL,2023-08-02,129.449997,130.089996,127.559998,128.380005,26273300
GOOGL,2023-08-03,127.970001,129.389999,127.419998,128.449997,20089500
GOOGL,2023-08-04,129.279999,131.509995,127.910004,128.110001,26147200
GOOGL,2023-08-07,129.160004,131.610001,129.020004,131.529999,22746300
GOOGL,2023-08-08,130.619995,131.509995,129.539993,131.399994,23535200
GOOGL,2023-08-09,131.660004,132.039993,129.0,129.660004,24912900
GOOGL,2023-08-10,131.320007,132.050003,129.449997,129.690002,20857800
GOOGL,2023-08-11,128.660004,129.929993,128.169998,129.559998,19591100
GOOGL,2023-08-14,129.389999,131.369995,128.960007,131.330002,24695600
GOOGL,2023-08-15,131.100006,131.419998,129.279999,129.779999,19770700
GOOGL,2023-08-16,128.699997,130.279999,127.870003,128.699997,25216100
GOOGL,2023-08-17,129.800003,131.990005,129.289993,129.919998,33446300
GOOGL,2023-08-18,128.509995,129.25,126.379997,127.459999,30504800
GOOGL,2023-08-21,127.18,128.729996,126.559998,128.369995,25248700
GOOGL,2023-08-22,128.509995,130.279999,128.320007,129.080002,22054900
GOOGL,2023-08-23,130.179993,133.410004,129.869995,132.369995,27819700
GOOGL,2023-08-24,133.949997,134.25,129.570007,129.779999,28500700
GOOGL,2023-08-25,129.539993,130.759995,127.25,129.880005,26762900
GOOGL,2023-08-28,131.309998,132.539993,130.139999,131.009995,20543300
GOOGL,2023-08-29,132.240005,136.570007,132.240005,134.570007,43075600
GOOGL,2023-08-30,134.779999,136.279999,134.070007,135.880005,28315800
GOOGL,2023-08-31,136.009995,138.0,135.789993,136.169998,30053800
GOOGL,2023-09-01,137.460007,137.460007,134.850006,135.660004,21543700
GOOGL,2023-09-05,135.440002,136.419998,134.580002,135.770004,19403100
GOOGL,2023-09-06,136.020004,136.529999,133.669998,134.460007,18684500
GOOGL,2023-09-07,133.589996,135.580002,132.949997,135.259995,18844300
GOOGL,2023-09-08,134.910004,136.660004,134.850006,136.380005,23558300
GOOGL,2023-09-11,136.539993,137.479996,135.789993,136.919998,20763400
GOOGL,2023-09-12,136.259995,136.869995,135.190002,135.339996,18405500
GOOGL,2023-09-13,135.089996,136.899994,134.149994,136.710007,20749500
GOOGL,2023-09-14,137.600006,138.699997,136.240005,138.100006,24751000
GOOGL,2023-09-15,137.979996,138.520004,136.479996,137.399994,38919600
GOOGL,2023-09-18,136.610001,139.160004,136.610001,138.210007,21861300
GOOGL,2023-09-19,137.419998,138.410004,136.619995,138.039993,20353700
GOOGL,2023-09-20,138.080002,138.080002,133.619995,133.740005,29927500
GOOGL,2023-09-21,131.440002,132.229996,130.070007,130.440002,31503900
GOOGL,2023-09-22,130.759995,132.029999,129.600006,130.25,26397300
GOOGL,2023-09-25,129.830002,131.169998,128.960007,131.110001,20094600
GOOGL,2023-09-26,129.770004,130.360001,127.220001,128.570007,25718700
GOOGL,2023-09-27,128.570007,130.899994,128.570007,130.539993,22746500
GOOGL,2023-09-28,129.839996,133.300003,129.789993,132.309998,22513100
GOOGL,2023-09-29,133.279999,134.050003,130.360001,130.860001,30859800
GOOGL,2023-10-02,131.210007,134.419998,131.169998,134.169998,22288000
GOOGL,2023-10-03,133.940002,134.259995,131.839996,132.429993,22989400
GOOGL,2023-10-04,132.789993,135.570007,132.529999,135.240005,26752300
GOOGL,2023-10-05,135.070007,135.490005,133.449997,135.070007,19832600
GOOGL,2023-10-06,134.009995,138.160004,134.009995,137.580002,27597600
GOOGL,2023-10-09,136.940002,138.940002,135.610001,138.419998,19278100
GOOGL,2023-10-10,138.5,139.720001,137.330002,138.059998,27786600
GOOGL,2023-10-11,138.580002,141.110001,138.580002,140.550003,25884300
GOOGL,2023-10-12,141.050003,141.220001,138.259995,138.970001,24765500
GOOGL,2023-10-13,139.380005,140.0,136.619995,137.360001,23420500
GOOGL,2023-10-16,138.169998,139.630005,137.990005,139.100006,28501900
GOOGL,2023-10-17,138.630005,139.899994,137.179993,139.720001,23515800
GOOGL,2023-10-18,139.449997,140.720001,137.380005,137.960007,23375000
GOOGL,2023-10-19,138.5,139.660004,137.380005,137.75,26066000
GOOGL,2023-10-20,137.330002,137.869995,135.080002,135.600006,26335700
GOOGL,2023-10-23,135.039993,137.660004,133.949997,136.5,26317900
GOOGL,2023-10-24,137.830002,139.360001,137.419998,138.809998,44814300
GOOGL,2023-10-25,128.160004,128.309998,125.07,125.610001,84366200
GOOGL,2023-10-26,123.269997,124.330002,121.269997,122.279999,57061100
GOOGL,2023-10-27,122.879997,123.309998,120.209999,122.169998,44566500
GOOGL,2023-10-30,123.209999,125.400002,122.75,124.459999,28940100
GOOGL,2023-10-31,125.059998,125.370003,122.690002,124.080002,26292300
GOOGL,2023-11-01,124.07,126.489998,123.720001,126.449997,30082400
GOOGL,2023-11-02,128.419998,128.979996,126.93,127.489998,27124600
GOOGL,2023-11-03,128.020004,129.529999,127.860001,129.100006,26393100
GOOGL,2023-11-06,129.050003,130.339996,128.669998,130.25,19052700
GOOGL,2023-11-07,130.710007,131.910004,129.880005,130.970001,29757300
GOOGL,2023-11-08,130.970001,132.210007,130.779999,131.839996,26425800
GOOGL,2023-11-09,131.960007,132.550003,130.070007,130.240005,23747800
GOOGL,2023-11-10,130.100006,132.800003,129.410004,132.589996,26913300
GOOGL,2023-11-13,131.779999,132.589996,131.25,132.089996,18324800
GOOGL,2023-11-14,134.190002,135.699997,133.320007,133.619995,32395200
GOOGL,2023-11-15,134.869995,135.029999,133.570007,134.619995,23861500
GOOGL,2023-11-16,135.190002,137.220001,134.320007,136.929993,28013200
GOOGL,2023-11-17,136.0,136.059998,133.649994,135.309998,37240600
GOOGL,2023-11-20,133.690002,136.660004,133.619995,136.25,27815500
GOOGL,2023-11-21,136.289993,137.179993,135.960007,136.970001,22635300
GOOGL,2023-11-22,137.470001,139.419998,137.470001,138.490005,17813900
GOOGL,2023-11-24,138.029999,138.130005,135.990005,136.690002,12514300
GOOGL,2023-11-27,136.029999,138.419998,136.0,136.410004,23436500
GOOGL,2023-11-28,136.080002,137.25,135.419998,137.199997,18730000
GOOGL,2023-11-29,137.570007,138.289993,134.839996,134.990005,23967200
GOOGL,2023-11-30,135.050003,135.550003,131.279999,132.529999,38988300
GOOGL,2023-12-01,131.860001,132.110001,130.669998,131.860001,31442300
GOOGL,2023-12-04,129.880005,130.029999,127.900002,129.270004,36669900
GOOGL,2023-12-05,128.949997,132.139999,128.25,130.990005,27384800
GOOGL,2023-12-06,131.440002,131.839996,129.880005,130.020004,23576200
GOOGL,2023-12-07,135.039993,138.559998,134.699997,136.929993,56767100
GOOGL,2023-12-08,134.199997,136.399994,134.029999,134.990005,32260100
GOOGL,2023-12-11,132.380005,133.339996,131.360001,133.289993,31138000
GOOGL,2023-12-12,131.809998,133.0,131.259995,132.520004,29032800
GOOGL,2023-12-13,133.380005,133.5,131.570007,132.570007,30104800
GOOGL,2023-12-14,133.380005,133.720001,129.690002,131.940002,38722400
GOOGL,2023-12-15,131.619995,133.509995,131.179993,132.600006,50847100
GOOGL,2023-12-18,132.630005,137.149994,132.429993,135.800003,32258000
GOOGL,2023-12-19,136.839996,137.470001,136.080002,136.649994,25476800
GOOGL,2023-12-20,138.970001,141.699997,138.070007,138.339996,49107200
GOOGL,2023-12-21,139.490005,140.690002,139.179993,140.419998,27488300
GOOGL,2023-12-22,140.770004,141.990005,140.710007,141.490005,26532200
GOOGL,2023-12-26,141.589996,142.679993,141.190002,141.520004,16780300
GOOGL,2023-12-27,141.589996,142.080002,139.889999,140.369995,19628600
GOOGL,2023-12-28,140.779999,141.139999,139.75,140.229996,16045700
GOOGL,2023-12-29,139.630005,140.360001,138.779999,139.690002,18733000
GOOGL,2024-01-02,138.550003,139.449997,136.479996,138.169998,23711200
GOOGL,2024-01-03,137.25,139.630005,137.080002,138.919998,24212100
GOOGL,2024-01-04,138.419998,139.160004,136.350006,136.389999,27137700
GOOGL,2024-01-05,136.75,137.160004,135.149994,135.729996,22513900
GOOGL,2024-01-08,136.289993,139.009995,136.259995,138.839996,21404000
GOOGL,2024-01-09,138.5,141.490005,138.149994,140.949997,24759600
GOOGL,2024-01-10,141.0,143.0,140.910004,142.279999,21320200
GOOGL,2024-01-11,143.490005,145.220001,140.639999,142.080002,24008700
GOOGL,2024-01-12,142.669998,143.199997,141.820007,142.649994,18785500
GOOGL,2024-01-16,142.0,144.350006,141.449997,142.490005,22670500
GOOGL,2024-01-17,141.350006,141.839996,138.899994,141.470001,20968600
GOOGL,2024-01-18,142.050003,144.210007,141.990005,143.479996,25746400
GOOGL,2024-01-19,144.740005,146.449997,144.380005,146.380005,34271900
GOOGL,2024-01-22,147.100006,148.389999,145.839996,145.990005,32200400
GOOGL,2024-01-23,145.889999,147.179993,145.5,147.039993,21636100
GOOGL,2024-01-24,148.539993,149.850006,148.100006,148.699997,25233500
GOOGL,2024-01-25,150.070007,153.050003,149.539993,151.869995,29149100
GOOGL,2024-01-26,151.100006,152.539993,151.009995,152.190002,26115500
GOOGL,2024-01-29,152.059998,153.779999,151.429993,153.509995,27784300
GOOGL,2024-01-30,152.800003,153.619995,151.190002,151.460007,36331800
GOOGL,2024-01-31,143.619995,144.0,139.869995,140.100006,71910000
GOOGL,2024-02-01,142.119995,143.059998,140.789993,141.160004,40466500
GOOGL,2024-02-02,139.259995,142.619995,136.5,142.380005,62499600
GOOGL,2024-02-05,142.820007,145.470001,142.779999,143.679993,38505400
GOOGL,2024-02-06,144.649994,145.360001,143.190002,144.100006,29128200
GOOGL,2024-02-07,144.759995,145.619995,143.929993,145.539993,25208900
GOOGL,2024-02-08,145.830002,146.330002,145.100006,145.910004,22563800
GOOGL,2024-02-09,146.679993,149.440002,146.179993,149.0,26829500
GOOGL,2024-02-12,148.419998,149.339996,147.369995,147.529999,21564100
GOOGL,2024-02-13,144.919998,146.669998,143.690002,145.139999,27837700
GOOGL,2024-02-14,146.080002,146.520004,144.089996,145.940002,22704200
GOOGL,2024-02-15,143.139999,143.520004,140.460007,142.770004,37590700
GOOGL,2024-02-16,142.990005,143.190002,140.139999,140.520004,31468900
GOOGL,2024-02-20,139.660004,142.080002,139.490005,141.119995,25144700
GOOGL,2024-02-21,141.449997,142.690002,140.679993,142.550003,23223300
GOOGL,2024-02-22,144.929993,145.0,142.800003,144.089996,27191900
GOOGL,2024-02-23,143.669998,144.679993,143.429993,143.960007,19493800
GOOGL,2024-02-26,142.139999,142.440002,137.389999,137.570007,53641800
GOOGL,2024-02-27,138.020004,139.25,137.089996,138.880005,33099200
GOOGL,2024-02-28,137.899994,138.009995,135.410004,136.380005,37328600
GOOGL,2024-02-29,137.279999,138.860001,136.399994,138.460007,42133000
GOOGL,2024-03-01,138.429993,138.869995,136.919998,137.139999,31151100
GOOGL,2024-03-04,135.660004,135.660004,131.910004,133.350006,55999400
GOOGL,2024-03-05,131.880005,133.240005,130.669998,132.669998,40194800
GOOGL,2024-03-06,133.119995,133.580002,130.850006,131.399994,35318600
GOOGL,2024-03-07,132.789993,134.940002,131.610001,134.380005,37738200
GOOGL,2024-03-08,134.210007,138.089996,134.0,135.410004,39370400
GOOGL,2024-03-11,136.130005,139.100006,136.130005,137.669998,32437800
GOOGL,2024-03-12,137.029999,139.380005,137.029999,138.5,27563400
GOOGL,2024-03-13,139.0,141.089996,138.990005,139.789993,23347200
GOOGL,2024-03-14,141.190002,143.589996,140.460007,143.100006,42753400
GOOGL,2024-03-15,142.5,143.179993,140.029999,141.179993,49475400
GOOGL,2024-03-18,148.610001,152.149994,147.169998,147.679993,69273700
GOOGL,2024-03-19,148.160004,148.789993,146.080002,147.029999,24070400
GOOGL,2024-03-20,148.0,148.860001,146.740005,148.740005,21311500
GOOGL,2024-03-21,149.470001,150.369995,146.899994,147.600006,24755600
GOOGL,2024-03-22,149.119995,151.580002,148.979996,150.770004,29211800
GOOGL,2024-03-25,149.940002,150.380005,147.820007,150.070007,19229300
GOOGL,2024-03-26,150.220001,152.259995,149.979996,150.669998,22149100
GOOGL,2024-03-27,151.179993,151.639999,148.899994,150.869995,22879200
GOOGL,2024-03-28,150.850006,151.429993,150.169998,150.929993,24485400
GOOGL,2024-04-01,150.690002,155.740005,150.610001,155.490005,31730800
GOOGL,2024-04-02,153.5,154.699997,152.149994,154.559998,24586000
GOOGL,2024-04-03,153.600006,155.080002,152.729996,154.919998,24705000
GOOGL,2024-04-04,153.5,154.770004,150.449997,150.529999,34724700
GOOGL,2024-04-05,150.029999,153.419998,149.600006,152.5,23459200
GOOGL,2024-04-08,152.779999,155.270004,152.610001,154.850006,20702000
GOOGL,2024-04-09,156.089996,158.559998,155.190002,156.600006,31079500
GOOGL,2024-04-10,156.210007,156.610001,154.679993,156.139999,22838600
GOOGL,2024-04-11,156.910004,159.679993,156.460007,159.410004,27166400
GOOGL,2024-04-12,157.960007,160.220001,157.139999,157.729996,25353700
GOOGL,2024-04-15,158.860001,159.240005,154.589996,154.860001,27136500
GOOGL,2024-04-16,154.190002,155.649994,153.429993,154.399994,20779500
GOOGL,2024-04-17,155.619995,157.080002,154.580002,155.470001,21763100
GOOGL,2024-04-18,155.339996,156.940002,154.619995,156.009995,19883000
GOOGL,2024-04-19,156.199997,156.360001,152.300003,154.089996,32615600
GOOGL,2024-04-22,154.309998,157.639999,154.059998,156.279999,26446200
GOOGL,2024-04-23,156.960007,158.970001,156.279999,158.259995,21151600
GOOGL,2024-04-24,157.490005,159.570007,157.169998,159.130005,22779100
GOOGL,2024-04-25,151.330002,156.490005,150.869995,156.0,57109700
GOOGL,2024-04-26,174.369995,174.710007,169.649994,171.949997,64665300
GOOGL,2024-04-29,169.059998,169.550003,165.210007,166.149994,45610000
GOOGL,2024-04-30,165.610001,168.100006,162.600006,162.779999,33562900
GOOGL,2024-05-01,164.300003,167.119995,163.089996,163.860001,33493200
GOOGL,2024-05-02,164.789993,166.729996,163.889999,166.619995,24294500
GOOGL,2024-05-03,167.559998,167.960007,163.050003,167.240005,34662400
GOOGL,2024-05-06,167.460007,168.139999,166.029999,168.100006,21871300
GOOGL,2024-05-07,168.5,171.759995,168.389999,171.25,28039700
GOOGL,2024-05-08,169.0,170.149994,168.740005,169.380005,19569100
GOOGL,2024-05-09,169.389999,170.690002,168.179993,169.960007,15346700
GOOGL,2024-05-10,168.029999,169.850006,166.190002,168.649994,29799900
GOOGL,2024-05-13,164.259995,169.279999,164.0,169.139999,31327600
GOOGL,2024-05-14,169.770004,171.25,168.800003,170.339996,25127100
GOOGL,2024-05-15,170.630005,172.649994,170.509995,172.509995,26948400
GOOGL,2024-05-16,173.289993,175.119995,172.690002,174.179993,27867900
GOOGL,2024-05-17,174.179993,176.270004,173.690002,176.059998,24479300
GOOGL,2024-05-20,176.190002,178.770004,176.080002,176.919998,22554400
GOOGL,2024-05-21,176.899994,178.149994,175.809998,177.850006,16989400
GOOGL,2024-05-22,176.639999,177.149994,175.210007,176.380005,17880000
GOOGL,2024-05-23,177.070007,178.25,172.949997,173.550003,21024900
GOOGL,2024-05-24,174.979996,175.770004,173.649994,174.990005,16579400
GOOGL,2024-05-28,174.449997,177.270004,174.369995,176.399994,20572200
GOOGL,2024-05-29,175.429993,176.839996,174.720001,175.899994,23388700
GOOGL,2024-05-30,175.199997,175.220001,171.789993,172.110001,22931500
GOOGL,2024-05-31,171.860001,173.059998,169.440002,172.5,37638900
GOOGL,2024-06-03,172.539993,174.529999,171.160004,173.169998,27459100
GOOGL,2024-06-04,173.279999,173.850006,171.889999,173.789993,26879600
GOOGL,2024-06-05,175.199997,176.649994,173.929993,175.410004,22068500
GOOGL,2024-06-06,175.899994,177.149994,175.75,176.729996,23251000
GOOGL,2024-06-07,177.050003,177.869995,174.300003,174.460007,19661400
GOOGL,2024-06-10,174.970001,177.059998,172.759995,175.009995,23726700
GOOGL,2024-06-11,176.220001,176.839996,173.770004,176.619995,21540600
GOOGL,2024-06-12,178.25,180.410004,176.110001,177.789993,27864700
GOOGL,2024-06-13,176.110001,176.740005,174.880005,175.160004,20913300
GOOGL,2024-06-14,174.220001,177.059998,174.149994,176.789993,18063600
GOOGL,2024-06-17,175.460007,178.360001,174.809998,177.240005,19618500
GOOGL,2024-06-18,177.139999,177.389999,174.100006,175.089996,21869900
GOOGL,2024-06-20,175.369995,177.289993,174.990005,176.300003,20160100
GOOGL,2024-06-21,177.0,180.850006,176.610001,179.630005,57759000
GOOGL,2024-06-24,180.160004,180.889999,178.669998,179.220001,18298000
GOOGL,2024-06-25,179.619995,184.289993,179.419998,184.029999,23130200
GOOGL,2024-06-26,182.630005,184.509995,182.479996,183.880005,19839000
GOOGL,2024-06-27,184.179993,186.050003,184.020004,185.410004,18848900
GOOGL,2024-06-28,184.320007,185.130005,181.960007,182.149994,29156600
GOOGL,2024-07-01,183.029999,183.880005,181.300003,182.990005,16006100
GOOGL,2024-07-02,182.050003,185.570007,181.559998,185.240005,17372500
GOOGL,2024-07-03,184.850006,186.089996,184.0,185.820007,10242100
GOOGL,2024-07-05,185.860001,190.860001,185.800003,190.600006,20967500
GOOGL,2024-07-08,189.899994,190.169998,187.779999,189.029999,21035900
GOOGL,2024-07-09,190.309998,191.360001,188.720001,188.979996,15121400
GOOGL,2024-07-10,189.149994,191.75,189.029999,191.179993,15952500
GOOGL,2024-07-11,189.850006,190.860001,185.080002,185.570007,25625800
GOOGL,2024-07-12,185.080002,187.110001,184.490005,185.070007,22898400
GOOGL,2024-07-15,184.919998,188.240005,184.919998,186.529999,16474000
GOOGL,2024-07-16,187.360001,188.679993,183.369995,183.919998,18290700
GOOGL,2024-07-17,182.970001,183.550003,179.899994,181.020004,20734100
GOOGL,2024-07-18,181.929993,182.5,176.470001,177.690002,25315700
GOOGL,2024-07-19,178.880005,180.289993,177.130005,177.660004,18881900
GOOGL,2024-07-22,180.589996,182.699997,180.229996,181.669998,24100300
GOOGL,2024-07-23,182.050003,183.610001,181.539993,181.789993,36352700
GOOGL,2024-07-24,173.600006,176.190002,171.820007,172.630005,49585200
GOOGL,2024-07-25,172.520004,173.419998,167.190002,167.279999,44852000
GOOGL,2024-07-26,167.149994,168.089996,164.059998,167.0,41336900
GOOGL,2024-07-29,168.830002,170.429993,167.990005,169.529999,20293800
GOOGL,2024-07-30,170.240005,171.229996,168.440002,170.289993,18959700
GOOGL,2024-07-31,173.240005,174.25,170.009995,171.539993,25729100
GOOGL,2024-08-01,170.25,174.050003,168.880005,170.759995,24531400
GOOGL,2024-08-02,166.440002,168.509995,164.669998,166.660004,29130100
GOOGL,2024-08-05,155.5,164.429993,154.929993,159.25,53630700
GOOGL,2024-08-06,159.330002,160.570007,156.410004,158.289993,49004600
GOOGL,2024-08-07,161.25,162.979996,158.470001,158.940002,25138600
GOOGL,2024-08-08,160.509995,163.690002,160.210007,162.029999,25578800
GOOGL,2024-08-09,160.009995,163.789993,159.059998,163.669998,28602300
GOOGL,2024-08-12,164.350006,164.899994,161.839996,162.289993,15895300
GOOGL,2024-08-13,163.410004,164.729996,162.970001,164.160004,18551700
GOOGL,2024-08-14,162.399994,163.220001,157.710007,160.369995,40591100
GOOGL,2024-08-15,160.5,161.639999,159.610001,161.300003,31524300
GOOGL,2024-08-16,161.470001,165.059998,161.130005,162.960007,24208600
GOOGL,2024-08-19,165.279999,166.690002,164.259995,166.669998,22416200
GOOGL,2024-08-20,166.899994,168.639999,166.820007,167.179993,18341500
GOOGL,2024-08-21,165.149994,166.850006,164.669998,165.850006,22902000
GOOGL,2024-08-22,167.259995,167.589996,163.309998,163.800003,22493300
GOOGL,2024-08-23,164.720001,166.179993,163.830002,165.619995,13955700
GOOGL,2024-08-26,166.380005,167.550003,164.460007,166.160004,14190400
GOOGL,2024-08-27,165.839996,166.440002,164.460007,164.679993,11821900
GOOGL,2024-08-28,165.039993,165.600006,161.529999,162.850006,16407400
GOOGL,2024-08-29,164.309998,165.970001,160.25,161.779999,19699800
GOOGL,2024-08-30,162.619995,163.660004,161.690002,163.380005,22123800
GOOGL,2024-09-03,161.720001,161.850006,156.479996,157.360001,38945300
GOOGL,2024-09-04,156.660004,159.0,155.960007,156.449997,19353800
GOOGL,2024-09-05,156.300003,159.449997,155.979996,157.240005,18688700
GOOGL,2024-09-06,157.300003,157.830002,150.550003,150.919998,37912100
GOOGL,2024-09-09,152.509995,153.399994,147.220001,148.710007,39260500
GOOGL,2024-09-10,150.449997,151.270004,148.339996,148.660004,31118800
GOOGL,2024-09-11,149.919998,151.5,147.520004,151.160004,29607700
GOOGL,2024-09-12,153.800003,154.820007,152.649994,154.690002,29621500
GOOGL,2024-09-13,155.429993,158.380005,155.210007,157.460007,29591200
GOOGL,2024-09-16,157.309998,158.25,156.600006,158.059998,18379800
GOOGL,2024-09-17,159.020004,160.550003,158.380005,159.320007,20715600
GOOGL,2024-09-18,159.860001,160.5,158.600006,159.809998,23677300
GOOGL,2024-09-19,163.710007,163.789993,161.339996,162.139999,26587700
GOOGL,2024-09-20,163.5,163.729996,162.059998,163.589996,40896400
GOOGL,2024-09-23,164.350006,165.490005,161.669998,161.850006,24150900
GOOGL,2024-09-24,163.029999,163.220001,160.690002,162.289993,23332100
GOOGL,2024-09-25,161.470001,162.809998,161.300003,161.490005,18869200
GOOGL,2024-09-26,163.639999,164.080002,162.279999,162.729996,20319300
GOOGL,2024-09-27,162.809998,165.699997,162.630005,163.949997,21101300
GOOGL,2024-09-30,163.320007,166.149994,163.259995,165.850006,20413900
GOOGL,2024-10-01,167.690002,169.160004,164.580002,166.990005,28338100
GOOGL,2024-10-02,166.419998,167.520004,164.729996,165.860001,17760200
GOOGL,2024-10-03,164.410004,166.639999,163.919998,165.860001,15073100
GOOGL,2024-10-04,168.059998,168.229996,165.479996,167.059998,19047400
GOOGL,2024-10-07,167.720001,168.479996,162.75,162.979996,22463100
GOOGL,2024-10-08,163.940002,164.729996,162.869995,164.380005,23072700
GOOGL,2024-10-09,163.449997,164.839996,159.740005,161.860001,31181800
GOOGL,2024-10-10,160.869995,163.070007,160.399994,162.080002,14144100
GOOGL,2024-10-11,162.130005,163.899994,161.240005,163.240005,15344300
GOOGL,2024-10-14,163.639999,166.229996,163.399994,164.960007,19016100
GOOGL,2024-10-15,165.789993,167.679993,164.630005,165.460007,20247200
GOOGL,2024-10-16,164.529999,165.800003,163.740005,165.160004,16406000
GOOGL,2024-10-17,165.729996,166.369995,162.759995,162.929993,21453400
GOOGL,2024-10-18,163.190002,164.710007,163.080002,163.419998,19757700
GOOGL,2024-10-21,162.949997,164.5,162.619995,164.070007,20946500
GOOGL,2024-10-22,162.979996,165.770004,162.979996,165.139999,16568100
GOOGL,2024-10-23,164.759995,165.820007,161.929993,162.779999,18280500
GOOGL,2024-10-24,162.830002,163.330002,161.009995,162.720001,22412500
GOOGL,2024-10-25,163.669998,165.589996,163.419998,165.270004,19828900
GOOGL,2024-10-28,168.75,168.75,163.949997,166.720001,32138600
GOOGL,2024-10-29,167.729996,170.380005,167.089996,169.679993,42169000
GOOGL,2024-10-30,180.679993,182.020004,174.059998,174.460007,68890800
GOOGL,2024-10-31,173.130005,176.820007,171.0,171.110001,44769000
GOOGL,2024-11-01,170.070007,172.320007,168.880005,171.289993,31796500
GOOGL,2024-11-04,169.929993,170.729996,168.009995,169.240005,21492700
GOOGL,2024-11-05,169.429993,170.529999,168.839996,169.740005,18242100
GOOGL,2024-11-06,173.800003,176.940002,173.5,176.509995,33695500
GOOGL,2024-11-07,177.410004,181.080002,177.190002,180.75,25352900
GOOGL,2024-11-08,180.649994,180.899994,178.080002,178.350006,22006200
GOOGL,2024-11-11,178.580002,180.550003,178.470001,180.350006,17450400
GOOGL,2024-11-12,179.820007,182.490005,179.389999,181.619995,25134900
GOOGL,2024-11-13,180.460007,180.960007,178.539993,178.880005,23184000
GOOGL,2024-11-14,178.279999,178.820007,174.320007,175.580002,31007500
GOOGL,2024-11-15,173.729996,174.139999,171.220001,172.490005,32504600
GOOGL,2024-11-18,173.419998,175.440002,172.899994,175.300003,20135300
GOOGL,2024-11-19,173.720001,178.869995,173.559998,178.119995,23434900
GOOGL,2024-11-20,177.339996,177.679993,173.779999,175.979996,18997100
GOOGL,2024-11-21,173.899994,174.130005,163.699997,167.630005,59734400
GOOGL,2024-11-22,165.850006,166.460007,163.899994,164.759995,38604600
GOOGL,2024-11-25,166.089996,168.630005,165.610001,167.649994,33135300
GOOGL,2024-11-26,167.630005,169.820007,167.580002,169.119995,20486700
GOOGL,2024-11-27,169.0,169.479996,168.020004,169.229996,19266500
GOOGL,2024-11-29,168.5,169.429993,167.160004,168.949997,14257200
GOOGL,2024-12-02,168.770004,172.080002,168.570007,171.490005,23789100
GOOGL,2024-12-03,171.490005,172.679993,170.850006,171.339996,22248700
GOOGL,2024-12-04,171.149994,174.910004,171.059998,174.369995,31615100
GOOGL,2024-12-05,175.360001,176.059998,172.330002,172.639999,21356200
GOOGL,2024-12-06,172.029999,175.080002,171.860001,174.710007,21462400
GOOGL,2024-12-09,173.960007,176.259995,173.649994,175.369995,25389600
GOOGL,2024-12-10,182.850006,186.360001,181.050003,185.169998,54813000
GOOGL,2024-12-11,185.309998,195.610001,184.850006,195.399994,67894100
GOOGL,2024-12-12,195.0,195.179993,191.710007,191.960007,34817500
GOOGL,2024-12-13,191.009995,192.729996,189.639999,189.820007,25143500
GOOGL,2024-12-16,192.869995,199.0,192.619995,196.660004,44934900
GOOGL,2024-12-17,197.25,201.419998,194.979996,195.419998,43504000
GOOGL,2024-12-18,195.220001,197.0,187.740005,188.399994,34166100
GOOGL,2024-12-19,191.630005,193.029999,188.380005,188.509995,32265200
GOOGL,2024-12-20,185.779999,192.889999,185.220001,191.410004,63462900
GOOGL,2024-12-23,192.619995,195.100006,190.149994,194.630005,25675000
GOOGL,2024-12-24,194.839996,196.110001,193.779999,196.110001,10403300
GOOGL,2024-12-26,195.149994,196.75,194.380005,195.600006,12046600
GOOGL,2024-12-27,194.949997,195.320007,190.649994,192.759995,18891400
GOOGL,2024-12-30,189.800003,192.550003,189.119995,191.240005,14264700
GOOGL,2024-12-31,191.080002,191.960007,188.509995,189.300003,17466900
GOOGL,2025-01-02,190.649994,192.0,187.5,189.429993,20370800
GOOGL,2025-01-03,191.369995,193.210007,189.979996,191.789993,18596200
GOOGL,2025-01-06,193.979996,198.220001,193.850006,196.869995,29563600
GOOGL,2025-01-07,197.110001,201.0,194.600006,195.490005,26487200
GOOGL,2025-01-08,192.570007,196.289993,192.380005,193.949997,24864800
GOOGL,2025-01-10,194.300003,196.520004,190.309998,192.039993,26665200
GOOGL,2025-01-13,190.070007,191.179993,187.360001,191.009995,21823700
GOOGL,2025-01-14,191.240005,191.979996,188.309998,189.660004,17174900
GOOGL,2025-01-15,193.089996,196.360001,191.860001,195.550003,21776000
GOOGL,2025-01-16,194.139999,195.479996,192.809998,192.910004,17815400
GOOGL,2025-01-17,196.529999,197.229996,193.75,196.0,27735100
GOOGL,2025-01-21,199.070007,202.289993,197.869995,198.050003,29971300
GOOGL,2025-01-22,199.059998,200.479996,197.529999,198.369995,26200600
GOOGL,2025-01-23,198.139999,200.300003,195.199997,197.979996,26951400
GOOGL,2025-01-24,198.100006,200.899994,198.0,200.210007,23877500
GOOGL,2025-01-27,192.410004,196.880005,190.729996,191.809998,41728900
GOOGL,2025-01-28,192.75,195.479996,190.679993,195.300003,24157900
GOOGL,2025-01-29,195.559998,196.789993,193.429993,195.410004,18218300
GOOGL,2025-01-30,198.0,201.399994,197.669998,200.869995,24354700
GOOGL,2025-01-31,202.0,205.479996,201.800003,204.020004,32001100
GOOGL,2025-02-03,200.690002,203.75,200.100006,201.229996,27838300
GOOGL,2025-02-04,203.389999,207.050003,202.809998,206.380005,43856400
GOOGL,2025-02-05,191.070007,192.75,188.029999,191.330002,70373900
GOOGL,2025-02-06,189.5,192.100006,188.720001,191.600006,29297400
GOOGL,2025-02-07,191.050003,191.179993,183.240005,185.339996,49315000
GOOGL,2025-02-10,187.350006,188.199997,185.860001,186.470001,23105600
GOOGL,2025-02-11,185.029999,186.940002,184.279999,185.320007,21239500
GOOGL,2025-02-12,183.220001,185.110001,181.830002,183.610001,22072600
GOOGL,2025-02-13,184.320007,186.279999,183.139999,186.139999,21402500
GOOGL,2025-02-14,185.059998,186.399994,184.320007,185.229996,20448400
GOOGL,2025-02-18,185.600006,185.960007,181.740005,183.770004,29916700
GOOGL,2025-02-19,184.070007,185.460007,183.589996,185.270004,19549400
GOOGL,2025-02-20,184.800003,185.309998,182.720001,184.559998,20441500
GOOGL,2025-02-21,185.149994,185.339996,179.080002,179.660004,35199200
GOOGL,2025-02-24,181.990005,183.119995,178.889999,179.25,29854200
GOOGL,2025-02-25,178.039993,178.740005,174.690002,175.419998,41913400
GOOGL,2025-02-26,175.070007,176.080002,171.580002,172.729996,35431300
GOOGL,2025-02-27,173.990005,174.559998,167.940002,168.5,39991000
GOOGL,2025-02-28,168.679993,170.610001,166.770004,170.279999,48130600
GOOGL,2025-03-03,171.929993,173.369995,165.929993,167.009995,40770500
GOOGL,2025-03-04,166.240005,173.289993,165.800003,170.919998,45388000
GOOGL,2025-03-05,170.520004,173.779999,169.059998,173.020004,30954900
GOOGL,2025-03-06,170.529999,174.809998,170.5,172.350006,28302000
GOOGL,2025-03-07,171.259995,174.970001,170.270004,173.860001,27385800
GOOGL,2025-03-10,168.259995,168.460007,163.690002,165.869995,43604000
GOOGL,2025-03-11,164.910004,166.75,161.369995,164.039993,39587400
GOOGL,2025-03-12,166.580002,167.639999,163.529999,167.110001,28372400
GOOGL,2025-03-13,166.039993,166.130005,162.110001,162.759995,31756200
GOOGL,2025-03-14,163.270004,166.490005,162.449997,165.490005,31995900
GOOGL,2025-03-17,165.029999,166.300003,163.669998,164.289993,31184300
GOOGL,2025-03-18,163.679993,164.25,156.720001,160.669998,42074800
GOOGL,2025-03-19,161.759995,165.869995,161.0,163.889999,34275600
GOOGL,2025-03-20,161.570007,164.889999,160.960007,162.800003,28138500
GOOGL,2025-03-21,161.210007,164.240005,160.889999,163.990005,36625800
GOOGL,2025-03-24,167.070007,168.320007,165.139999,167.679993,30879100
GOOGL,2025-03-25,168.979996,170.630005,168.320007,170.559998,24174400
GOOGL,2025-03-26,169.0,169.610001,164.839996,165.059998,28901600
GOOGL,2025-03-27,164.630005,165.419998,162.0,162.240005,24508300
GOOGL,2025-03-28,160.490005,161.820007,153.630005,154.330002,48669300
GOOGL,2025-03-31,153.110001,155.539993,150.660004,154.639999,54603500
GOOGL,2025-04-01,153.619995,158.100006,153.619995,157.070007,30672900
GOOGL,2025-04-02,155.149994,158.410004,154.699997,157.039993,25041700
GOOGL,2025-04-03,151.110001,152.779999,150.389999,150.720001,46883400
GOOGL,2025-04-04,148.009995,151.070007,145.380005,145.600006,62259500
GOOGL,2025-04-07,141.550003,152.850006,140.529999,146.75,76794100
GOOGL,2025-04-08,151.220001,152.240005,143.029999,144.699997,52200200
GOOGL,2025-04-09,144.419998,159.550003,143.910004,158.710007,70406200
GOOGL,2025-04-10,156.539993,157.720001,149.929993,152.820007,48022000
GOOGL,2025-04-11,152.899994,157.669998,152.820007,157.139999,33636200
GOOGL,2025-04-14,160.0,161.720001,157.559998,159.070007,30333000
GOOGL,2025-04-15,159.130005,159.649994,155.210007,156.309998,27551500
GOOGL,2025-04-16,153.100006,155.889999,151.509995,153.330002,28187400
GOOGL,2025-04-17,154.289993,154.679993,148.5,151.160004,33046600
GOOGL,2025-04-21,148.880005,148.949997,146.100006,147.669998,26049100
GOOGL,2025-04-22,148.889999,152.190002,148.539993,151.470001,26971800
GOOGL,2025-04-23,155.610001,157.529999,153.809998,155.350006,31128800
GOOGL,2025-04-24,156.149994,159.589996,155.789993,159.279999,45894000
GOOGL,2025-04-25,165.070007,166.100006,161.039993,161.960007,56034000
GOOGL,2025-04-28,162.429993,163.149994,158.600006,160.610001,29745800
GOOGL,2025-04-29,160.320007,160.740005,157.520004,160.160004,26809000
GOOGL,2025-04-30,157.979996,159.270004,155.399994,158.800003,34981100
GOOGL,2025-05-01,160.449997,161.949997,158.910004,161.300003,30203200
GOOGL,2025-05-02,163.410004,164.970001,161.869995,164.029999,25715000
GOOGL,2025-05-05,163.0,165.389999,162.720001,164.210007,21341800
GOOGL,2025-05-06,162.169998,164.800003,161.190002,163.229996,21277200
GOOGL,2025-05-07,164.080002,165.0,147.839996,151.380005,127490100
GOOGL,2025-05-08,155.0,155.929993,152.899994,154.279999,57498700
GOOGL,2025-05-09,154.169998,155.050003,152.199997,152.75,32435300
GOOGL,2025-05-12,157.490005,159.100006,156.25,158.460007,44138800
GOOGL,2025-05-13,158.789993,160.570007,156.160004,159.529999,42382100
GOOGL,2025-05-14,159.960007,167.0,159.610001,165.369995,48755900
GOOGL,2025-05-15,165.839996,166.210007,162.369995,163.960007,33146700
GOOGL,2025-05-16,167.729996,169.350006,165.619995,166.190002,42846900
GOOGL,2025-05-19,164.509995,166.639999,164.220001,166.539993,30426100
GOOGL,2025-05-20,166.429993,168.5,162.899994,163.979996,46607700
GOOGL,2025-05-21,163.690002,173.139999,163.559998,168.559998,73416000
GOOGL,2025-05-22,171.850006,176.770004,170.710007,170.869995,74864400
GOOGL,2025-05-23,169.059998,169.960007,167.889999,168.470001,35211400
GOOGL,2025-05-27,170.160004,173.169998,170.0,172.899994,37995700
GOOGL,2025-05-28,173.160004,175.270004,171.910004,172.360001,34784000
GOOGL,2025-05-29,174.0,174.419998,170.630005,171.860001,29317300
GOOGL,2025-05-30,171.350006,172.210007,167.440002,171.740005,52639900
GOOGL,2025-06-02,167.839996,169.869995,167.389999,169.029999,38612300
GOOGL,2025-06-03,167.490005,168.479996,165.279999,166.179993,45084900
GOOGL,2025-06-04,166.740005,168.220001,166.360001,168.050003,26900800
GOOGL,2025-06-05,170.339996,170.929993,167.589996,168.210007,36379100
GOOGL,2025-06-06,170.830002,174.5,170.830002,173.679993,35731800
GOOGL,2025-06-09,174.539993,176.470001,174.369995,176.089996,28935900
GOOGL,2025-06-10,176.199997,181.110001,174.910004,178.600006,61766100
GOOGL,2025-06-11,179.770004,180.369995,176.75,177.350006,31646800
GOOGL,2025-06-12,176.179993,176.720001,174.75,175.699997,20941900
GOOGL,2025-06-13,172.440002,177.130005,172.389999,174.669998,27663100
GOOGL,2025-06-16,174.729996,176.940002,174.649994,176.770004,27389200
GOOGL,2025-06-17,175.699997,177.360001,174.580002,175.949997,24973000
GOOGL,2025-06-18,176.009995,176.559998,173.199997,173.320007,28707500
GOOGL,2025-06-20,173.949997,174.339996,165.460007,166.639999,75659900
GOOGL,2025-06-23,166.270004,167.339996,162.0,165.190002,57671000
GOOGL,2025-06-24,166.919998,168.220001,166.130005,166.770004,40524300
GOOGL,2025-06-25,167.630005,172.360001,167.550003,170.679993,35479000
GOOGL,2025-06-26,172.429993,173.690002,169.940002,173.539993,31796700
GOOGL,2025-06-27,173.539993,178.679993,171.729996,178.529999,108140200
GOOGL,2025-06-30,180.779999,181.229996,174.580002,176.229996,63378900
GOOGL,2025-07-01,175.740005,176.089996,173.529999,175.839996,35904500
GOOGL,2025-07-02,175.539993,178.860001,175.070007,178.639999,29128900
GOOGL,2025-07-03,178.5,179.669998,177.050003,179.529999,21689700
GOOGL,2025-07-07,179.059998,179.300003,175.679993,176.789993,34175600
GOOGL,2025-07-08,177.850006,177.949997,172.809998,174.360001,40442500
GOOGL,2025-07-09,175.25,179.440002,172.770004,176.619995,43025600
GOOGL,2025-07-10,175.630005,178.429993,174.380005,177.619995,29252400
GOOGL,2025-07-11,176.789993,181.429993,176.479996,180.190002,34282900
GOOGL,2025-07-14,181.009995,183.669998,179.679993,181.559998,32536600
GOOGL,2025-07-15,182.809998,184.220001,181.600006,182.0,33448300
GOOGL,2025-07-16,183.240005,184.330002,182.029999,182.970001,33104200
GOOGL,2025-07-17,182.139999,184.059998,180.479996,183.580002,31992600
GOOGL,2025-07-18,185.399994,186.419998,183.710007,185.059998,34014500
GOOGL,2025-07-21,186.25,190.289993,186.149994,190.100006,45803100
GOOGL,2025-07-22,191.5,191.649994,187.460007,191.339996,44660200
GOOGL,2025-07-23,191.5,192.529999,189.179993,190.229996,58681900
GOOGL,2025-07-24,197.029999,197.949997,191.0,192.169998,74881700
GOOGL,2025-07-25,191.979996,194.330002,191.259995,193.179993,39785900
GOOGL,2025-07-28,193.649994,194.050003,190.839996,192.580002,38139500
GOOGL,2025-07-29,192.429993,195.919998,192.080002,195.75,41389200
GOOGL,2025-07-30,195.600006,197.600006,194.690002,196.529999,32445400
GOOGL,2025-07-31,195.710007,195.990005,191.089996,191.899994,51329200
GOOGL,2025-08-01,189.029999,190.830002,187.820007,189.130005,34832200
GOOGL,2025-08-04,190.289993,195.270004,190.119995,195.039993,31547400
GOOGL,2025-08-05,194.710007,197.860001,193.889999,194.669998,31602300
GOOGL,2025-08-06,194.5,196.630005,193.669998,196.089996,21562900
GOOGL,2025-08-07,197.059998,197.539993,194.330002,196.520004,26321800
GOOGL,2025-08-08,197.220001,202.610001,197.169998,201.419998,39161800
GOOGL,2025-08-11,200.940002,201.479996,199.070007,201.0,25832400
GOOGL,2025-08-12,201.369995,204.5,200.589996,203.339996,30397900
GOOGL,2025-08-13,204.130005,204.529999,197.509995,201.960007,28342900
GOOGL,2025-08-14,201.5,204.440002,201.229996,202.940002,25230400
GOOGL,2025-08-15,203.850006,206.440002,201.279999,203.899994,34931400
GOOGL,2025-08-18,204.199997,205.270004,202.490005,203.5,18526600
GOOGL,2025-08-19,203.029999,203.440002,199.960007,201.570007,24240200
GOOGL,2025-08-20,200.729996,201.279999,196.600006,199.320007,28955500
GOOGL,2025-08-21,199.75,202.479996,199.429993,199.75,19774600
GOOGL,2025-08-22,202.729996,208.539993,201.300003,206.089996,42827000
GOOGL,2025-08-25,206.429993,210.520004,205.279999,208.490005,29928900
GOOGL,2025-08-26,207.509995,207.850006,205.699997,207.139999,28464100
GOOGL,2025-08-27,205.699997,208.910004,205.649994,207.479996,23022900
GOOGL,2025-08-28,207.25,212.220001,206.899994,211.639999,32339300
GOOGL,2025-08-29,210.509995,214.649994,210.199997,212.910004,39728400
GOOGL,2025-09-02,208.440002,211.679993,206.199997,211.350006,47523000
GOOGL,2025-09-03,226.210007,231.309998,224.789993,230.660004,103336100
GOOGL,2025-09-04,229.649994,232.369995,226.110001,232.300003,51684200
GOOGL,2025-09-05,232.199997,235.759995,231.899994,235.0,46588900
GOOGL,2025-09-08,235.470001,238.130005,233.669998,234.039993,32474700
GOOGL,2025-09-09,234.169998,240.470001,233.229996,239.630005,38061000
GOOGL,2025-09-10,238.899994,241.660004,237.850006,239.169998,35141100
GOOGL,2025-09-11,239.880005,242.25,236.25,240.369995,30599300
GOOGL,2025-09-12,240.369995,242.080002,238.0,240.800003,26771600
GOOGL,2025-09-15,244.660004,252.410004,244.660004,251.610001,58383800
GOOGL,2025-09-16,252.080002,253.039993,249.470001,251.160004,34109700
GOOGL,2025-09-17,251.220001,251.600006,246.279999,249.529999,34108000
GOOGL,2025-09-18,251.679993,253.990005,249.800003,252.029999,31239500
GOOGL,2025-09-19,253.25,256.0,251.809998,254.720001,55571400
GOOGL,2025-09-22,254.429993,255.779999,250.300003,252.529999,32290500
GOOGL,2025-09-23,253.039993,254.360001,250.479996,251.660004,26628000
GOOGL,2025-09-24,251.660004,252.350006,246.440002,247.139999,28201000
GOOGL,2025-09-25,244.399994,246.490005,240.740005,245.789993,31020400
GOOGL,2025-09-26,247.070007,249.419998,245.970001,246.539993,18503200
GOOGL,2025-09-29,247.850006,251.149994,242.770004,244.050003,32505800
GOOGL,2025-09-30,242.809998,243.289993,239.25,243.100006,34724300
GOOGL,2025-10-01,240.75,246.300003,238.610001,244.899994,31658200
GOOGL,2025-10-02,245.149994,246.809998,242.300003,245.690002,25483300
GOOGL,2025-10-03,244.490005,246.300003,241.660004,245.350006,30249600
GOOGL,2025-10-06,244.779999,251.320007,244.580002,250.429993,28894700
GOOGL,2025-10-07,248.270004,250.440002,245.520004,245.759995,23181300
GOOGL,2025-10-08,244.960007,246.009995,243.820007,244.619995,21307100
GOOGL,2025-10-09,244.470001,244.759995,239.149994,241.529999,27892100
GOOGL,2025-10-10,241.429993,244.089996,235.839996,236.570007,33180300
GOOGL,2025-10-13,240.210007,244.5,239.710007,244.149994,24995000
GOOGL,2025-10-14,241.229996,247.119995,240.509995,245.449997,22111600
GOOGL,2025-10-15,247.25,252.110001,245.990005,251.029999,27007700
GOOGL,2025-10-16,251.770004,256.959991,250.100006,251.460007,27997200
GOOGL,2025-10-17,250.759995,254.220001,247.809998,253.300003,29671600
GOOGL,2025-10-20,254.690002,257.329987,254.229996,256.549988,22350200
GOOGL,2025-10-21,254.740005,254.880005,244.149994,250.460007,47312100
GOOGL,2025-10-22,254.369995,256.359985,249.289993,251.690002,35029400
GOOGL,2025-10-23,252.979996,255.039993,251.850006,253.080002,19901400
GOOGL,2025-10-24,256.579987,261.679993,255.320007,259.920013,28655100
GOOGL,2025-10-27,264.820007,270.140015,264.279999,269.269989,35235200
GOOGL,2025-10-28,269.690002,270.730011,266.5,267.470001,29738600
GOOGL,2025-10-29,267.75,275.339996,267.670013,274.570007,43580300
GOOGL,2025-10-30,291.589996,291.589996,280.059998,281.480011,74876000
GOOGL,2025-10-31,283.209991,286.0,277.029999,281.190002,39267900
GOOGL,2025-11-03,282.179993,285.529999,279.799988,283.720001,29786000
GOOGL,2025-11-04,276.75,281.269989,276.26001,277.540009,30078400
GOOGL,2025-11-05,278.869995,286.420013,277.339996,284.309998,31010300
GOOGL,2025-11-06,285.329987,288.350006,281.140015,284.75,37173600
GOOGL,2025-11-07,283.209991,283.779999,275.190002,278.829987,34479600
GOOGL,2025-11-10,284.420013,290.799988,282.859985,290.100006,29557300
GOOGL,2025-11-11,287.75,291.920013,287.320007,291.309998,19842100
GOOGL,2025-11-12,291.679993,292.01001,283.690002,286.709991,24829900
GOOGL,2025-11-13,282.339996,282.839996,277.23999,278.570007,29494000
GOOGL,2025-11-14,271.410004,278.559998,270.700012,276.410004,31647200
GOOGL,2025-11-17,285.779999,293.950012,283.570007,285.019989,52670200
GOOGL,2025-11-18,287.920013,288.799988,278.200012,284.279999,49158700
GOOGL,2025-11-19,287.160004,303.809998,286.630005,292.809998,68198900
GOOGL,2025-11-20,304.540009,306.420013,288.670013,289.450012,62025200
GOOGL,2025-11-21,296.420013,303.920013,293.850006,299.660004,74137700
GOOGL,2025-11-24,311.130005,319.480011,309.600006,318.579987,85165100
GOOGL,2025-11-25,326.209991,328.829987,317.649994,323.440002,88632100
GOOGL,2025-11-26,320.679993,324.5,316.790009,319.950012,51373400
GOOGL,2025-11-28,323.369995,326.850006,316.790009,320.179993,26018600
GOOGL,2025-12-01,317.700012,319.850006,313.890015,314.890015,41183000
GOOGL,2025-12-02,316.73999,318.380005,313.910004,315.809998,35854700
GOOGL,2025-12-03,315.890015,321.579987,314.100006,319.630005,41838300
GOOGL,2025-12-04,322.230011,322.359985,314.700012,317.619995,31240900
GOOGL,2025-12-05,319.48999,323.160004,319.170013,321.269989,28851700
GOOGL,2025-12-08,320.049988,320.440002,311.220001,313.720001,33909400
GOOGL,2025-12-09,312.369995,317.98999,311.899994,317.079987,30194000
GOOGL,2025-12-10,315.829987,321.309998,314.679993,320.209991,33428900
GOOGL,2025-12-11,320.079987,321.119995,308.600006,312.429993,42353700
GOOGL,2025-12-12,313.700012,314.869995,305.559998,309.290009,35940200
GOOGL,2025-12-15,311.320007,311.420013,304.880005,308.220001,29151900
GOOGL,2025-12-16,304.950012,310.769989,302.589996,306.570007,30585000
GOOGL,2025-12-17,308.01001,308.089996,296.119995,296.720001,43930400
GOOGL,2025-12-18,301.720001,303.959991,299.230011,302.459991,33518000
GOOGL,2025-12-19,301.730011,307.25,300.970001,307.160004,59943200
GOOGL,2025-12-22,309.880005,310.130005,305.299988,309.779999,26429900
GOOGL,2025-12-23,309.630005,314.940002,309.320007,314.350006,25478700
GOOGL,2025-12-24,314.769989,315.079987,311.920013,314.089996,10097400
GOOGL,2025-12-26,314.480011,315.089996,312.279999,313.51001,10899000
GOOGL,2025-12-29,311.369995,314.019989,310.619995,313.559998,19621800
GOOGL,2025-12-30,312.5,316.950012,312.459991,313.850006,17380900
GOOGL,2025-12-31,312.850006,314.579987,311.440002,313.0,16377700
GOOGL,2026-01-02,316.899994,322.5,310.329987,315.149994,32009400
GOOGL,2026-01-05,317.660004,319.019989,314.630005,316.540009,30195600
GOOGL,2026-01-06,316.399994,320.940002,311.779999,314.339996,31212100
GOOGL,2026-01-07,314.359985,326.149994,314.190002,321.980011,35104400
GOOGL,2026-01-08,328.970001,330.320007,321.5,325.440002,31896100
GOOGL,2026-01-09,327.089996,330.829987,325.799988,328.570007,26214200
GOOGL,2026-01-12,325.799988,334.040009,325.0,331.859985,33923900
GOOGL,2026-01-13,334.950012,340.48999,333.619995,335.970001,33517600
GOOGL,2026-01-14,335.059998,336.519989,330.480011,335.839996,28525600
GOOGL,2026-01-15,337.649994,337.690002,330.73999,332.779999,28442400
GOOGL,2026-01-16,334.410004,334.649994,327.700012,330.0,40341600
GOOGL,2026-01-20,320.869995,327.730011,320.429993,322.0,35361000
GOOGL,2026-01-21,320.920013,332.480011,319.350006,328.380005,35386600
GOOGL,2026-01-22,334.450012,335.149994,328.75,330.540009,26253600
GOOGL,2026-01-23,332.48999,333.690002,327.450012,327.929993,27280000
GOOGL,2026-01-26,327.809998,335.839996,327.0,333.26001,26042100
GOOGL,2026-01-27,335.369995,337.910004,333.480011,334.549988,21636200
GOOGL,2026-01-28,336.059998,337.540009,331.940002,336.01001,27434400
GOOGL,2026-01-29,340.299988,342.290009,326.540009,338.25,39785600
GOOGL,2026-01-30,340.0,340.0,332.290009,338.0,31024000
GOOGL,2026-02-02,336.220001,344.829987,335.630005,343.690002,32006100
GOOGL,2026-02-03,347.339996,349.0,337.470001,339.709991,36506700
GOOGL,2026-02-04,342.959991,343.309998,328.519989,333.040009,70618400
GOOGL,2026-02-05,312.220001,332.690002,306.459991,331.25,88205800
GOOGL,2026-02-06,327.179993,330.380005,319.920013,322.859985,56380500
GOOGL,2026-02-09,320.929993,327.700012,317.26001,324.320007,39640100
GOOGL,2026-02-10,320.970001,321.670013,314.609985,318.579987,39170000
GOOGL,2026-02-11,318.970001,321.059998,309.660004,310.959991,45406400
GOOGL,2026-02-12,312.089996,316.23999,307.200012,309.0,47761300
GOOGL,2026-02-13,307.730011,308.630005,303.709991,305.720001,38499700
GOOGL,2026-02-17,300.040009,304.440002,296.25,302.019989,39247600
GOOGL,2026-02-18,302.089996,305.380005,301.25,303.329987,28482100
GOOGL,2026-02-19,301.820007,305.470001,300.040009,302.850006,25834400
GOOGL,2026-02-20,304.320007,316.5,303.899994,314.980011,53210800
GOOGL,2026-02-23,319.049988,319.519989,309.869995,311.48999,31423000
GOOGL,2026-02-24,310.519989,312.269989,305.929993,310.899994,25615600
GOOGL,2026-02-25,312.059998,313.640015,309.440002,312.899994,29963600
GOOGL,2026-02-26,312.640015,313.140015,302.350006,307.380005,36431200
GOOGL,2026-02-27,304.140015,312.369995,303.799988,311.76001,44640600
GOOGL,2026-03-02,303.230011,308.48999,301.299988,306.519989,34790200
GOOGL,2026-03-03,298.589996,303.940002,296.709991,303.579987,35497000
GOOGL,2026-03-04,302.890015,305.470001,300.75,303.130005,29536200
GOOGL,2026-03-05,303.040009,303.299988,297.98999,300.880005,35752300
GOOGL,2026-03-06,296.089996,300.529999,295.179993,298.519989,25576900
GOOGL,2026-03-09,294.359985,306.799988,294.079987,306.359985,29312100
GOOGL,2026-03-10,306.170013,309.51001,305.570007,307.040009,23239700
GOOGL,2026-03-11,306.75,311.420013,305.920013,308.700012,24125700
GOOGL,2026-03-12,306.820007,308.940002,301.029999,303.549988,24928300
GOOGL,2026-03-13,307.01001,307.690002,300.440002,302.279999,23693100
GOOGL,2026-03-16,304.350006,306.48999,303.019989,305.559998,23519700
GOOGL,2026-03-17,305.859985,311.420013,305.5,310.920013,21955200
GOOGL,2026-03-18,309.269989,312.470001,306.929993,307.690002,20009800
GOOGL,2026-03-19,304.01001,308.059998,302.350006,307.130005,25075800
GOOGL,2026-03-20,305.459991,306.0,298.269989,301.0,44364100
GOOGL,2026-03-23,302.109985,305.980011,300.929993,302.059998,29326900
GOOGL,2026-03-24,299.200012,299.920013,290.329987,290.440002,36864300
GOOGL,2026-03-25,293.440002,296.0,289.23999,290.929993,29460700
GOOGL,2026-03-26,287.910004,287.950012,278.5,280.920013,39080600
GOOGL,2026-03-27,277.279999,279.369995,273.950012,274.339996,35890600
GOOGL,2026-03-30,276.420013,277.089996,272.109985,273.5,35141200
GOOGL,2026-03-31,278.040009,288.079987,277.089996,287.559998,43875400
GOOGL,2026-04-01,290.839996,300.519989,290.410004,297.390015,37684500
GOOGL,2026-04-02,290.690002,298.079987,289.450012,295.769989,21666500
GOOGL,2026-04-06,295.869995,300.619995,295.179993,299.98999,16945500
GOOGL,2026-04-07,302.730011,305.630005,297.720001,305.459991,23205400
GOOGL,2026-04-08,320.450012,322.079987,315.019989,317.320007,33547100
GOOGL,2026-04-09,315.910004,319.540009,311.059998,318.48999,23739200
GOOGL,2026-04-10,320.019989,321.829987,316.320007,317.23999,19152600
GOOGL,2026-04-13,317.140015,321.630005,315.470001,321.309998,18866400
GOOGL,2026-04-14,324.790009,333.290009,323.75,332.910004,27721400
GOOGL,2026-04-15,332.890015,337.480011,330.899994,337.119995,24918800
GOOGL,2026-04-16,338.75,339.880005,334.519989,336.019989,20541500
GOOGL,2026-04-17,337.649994,342.320007,336.23999,341.679993,25581900
GOOGL,2026-04-20,340.76001,341.399994,336.609985,337.420013,18784200
GOOGL,2026-04-21,337.690002,339.339996,331.350006,332.290009,23123800
GOOGL,2026-04-22,337.019989,339.820007,335.170013,339.320007,20293000
GOOGL,2026-04-23,341.179993,341.959991,336.179993,338.890015,18650300
GOOGL,2026-04-24,338.730011,345.269989,335.390015,344.399994,26426100
GOOGL,2026-04-27,345.980011,353.179993,342.730011,350.339996,28576900
GOOGL,2026-04-28,348.549988,352.420013,346.119995,349.779999,27824100
GOOGL,2026-04-29,347.570007,355.790009,344.209991,349.940002,35376300
GOOGL,2026-04-30,374.070007,385.839996,365.820007,384.799988,72040000
GOOGL,2026-05-01,381.630005,386.76001,379.049988,385.690002,30105200
GOOGL,2026-05-04,385.630005,387.380005,379.790009,383.25,26298600
GOOGL,2026-05-05,386.230011,392.820007,384.019989,388.429993,23878600
GOOGL,2026-05-06,394.25,399.850006,392.76001,398.040009,31308500
GOOGL,2026-05-07,399.920013,400.100006,392.679993,397.98999,24433500
GOOGL,2026-05-08,397.0,402.0,396.359985,400.799988,21461800
GOOGL,2026-05-11,393.649994,397.440002,388.470001,388.640015,30753700
GOOGL,2026-05-12,387.339996,388.519989,382.769989,387.350006,26017500
GOOGL,2026-05-13,385.600006,403.700012,385.0,402.619995,28144600
GOOGL,2026-05-14,397.279999,402.929993,395.839996,401.070007,21136700
GOOGL,2026-05-15,396.320007,399.540009,393.179993,396.779999,20309700
GOOGL,2026-05-18,395.690002,408.609985,394.529999,396.940002,26837200
GOOGL,2026-05-19,396.959991,397.149994,386.109985,387.660004,39458400
MSFT,2021-05-21,247.570007,248.330002,244.740005,245.169998,21863100
MSFT,2021-05-24,247.789993,251.160004,247.509995,250.779999,21411500
MSFT,2021-05-25,251.770004,252.75,250.820007,251.720001,17704300
MSFT,2021-05-26,251.429993,252.940002,250.75,251.490005,17771600
MSFT,2021-05-27,251.169998,251.479996,249.25,249.309998,24426200
MSFT,2021-05-28,251.0,252.080002,249.559998,249.679993,18270200
MSFT,2021-06-01,251.229996,251.289993,246.960007,247.399994,23213300
MSFT,2021-06-02,248.130005,249.270004,245.839996,247.300003,19406700
MSFT,2021-06-03,245.220001,246.339996,243.0,245.710007,25307700
MSFT,2021-06-04,247.759995,251.649994,247.509995,250.789993,25281100
MSFT,2021-06-07,249.979996,254.089996,249.809998,253.809998,23079200
MSFT,2021-06-08,255.160004,256.01001,252.509995,252.570007,22455000
MSFT,2021-06-09,253.809998,255.529999,253.210007,253.589996,17937600
MSFT,2021-06-10,254.289993,257.459991,253.669998,257.23999,24563600
MSFT,2021-06-11,257.98999,258.48999,256.609985,257.890015,18999700
MSFT,2021-06-14,257.899994,259.950012,256.799988,259.890015,19150500
MSFT,2021-06-15,259.769989,259.98999,257.679993,258.359985,18038900
MSFT,2021-06-16,259.399994,260.579987,254.419998,257.380005,27220000
MSFT,2021-06-17,256.070007,261.75,256.01001,260.899994,27565500
MSFT,2021-06-18,259.630005,262.299988,258.75,259.429993,37202200
MSFT,2021-06-21,259.820007,263.519989,257.920013,262.630005,26696100
MSFT,2021-06-22,262.720001,265.790009,262.399994,265.51001,24694100
MSFT,2021-06-23,265.98999,266.829987,264.429993,265.269989,19518700
MSFT,2021-06-24,266.160004,267.850006,265.470001,266.690002,21446900
MSFT,2021-06-25,266.230011,267.25,264.76001,265.019989,25611100
MSFT,2021-06-28,266.190002,268.899994,265.910004,268.720001,19590000
MSFT,2021-06-29,268.869995,271.649994,267.980011,271.399994,19937800
MSFT,2021-06-30,270.690002,271.359985,269.600006,270.899994,21656500
MSFT,2021-07-01,269.609985,271.839996,269.600006,271.600006,16725300
MSFT,2021-07-02,272.820007,278.0,272.5,277.649994,26458000
MSFT,2021-07-06,278.029999,279.369995,274.299988,277.660004,31565600
MSFT,2021-07-07,279.399994,280.690002,277.149994,279.929993,23260000
MSFT,2021-07-08,276.899994,278.730011,274.869995,277.420013,24618600
MSFT,2021-07-09,275.720001,278.049988,275.320007,277.940002,23916700
MSFT,2021-07-12,279.160004,279.769989,276.579987,277.320007,18931700
MSFT,2021-07-13,277.519989,282.850006,277.390015,280.980011,26120100
MSFT,2021-07-14,282.350006,283.660004,280.549988,282.51001,23113700
MSFT,2021-07-15,282.0,282.51001,279.829987,281.029999,22604200
MSFT,2021-07-16,282.070007,284.100006,279.459991,280.75,26186800
MSFT,2021-07-19,278.929993,280.369995,274.450012,277.01001,32935600
MSFT,2021-07-20,278.029999,280.970001,276.26001,279.320007,26259700
MSFT,2021-07-21,278.899994,281.519989,277.290009,281.399994,24364300
MSFT,2021-07-22,283.839996,286.420013,283.420013,286.140015,23384100
MSFT,2021-07-23,287.369995,289.98999,286.5,289.670013,22768100
MSFT,2021-07-26,289.0,289.690002,286.640015,289.049988,23176100
MSFT,2021-07-27,289.429993,289.579987,282.950012,286.540009,33604100
MSFT,2021-07-28,288.98999,290.149994,283.829987,286.220001,33566900
MSFT,2021-07-29,286.23999,288.619995,286.079987,286.5,18168300
MSFT,2021-07-30,285.170013,286.660004,283.910004,284.910004,20944800
MSFT,2021-08-02,286.359985,286.769989,283.73999,284.820007,16267400
MSFT,2021-08-03,285.420013,287.230011,284.0,287.119995,17879000
MSFT,2021-08-04,286.220001,287.589996,284.649994,286.51001,16191300
MSFT,2021-08-05,286.880005,289.630005,286.100006,289.519989,13900200
MSFT,2021-08-06,288.51001,289.5,287.619995,289.459991,16589300
MSFT,2021-08-09,289.75,291.549988,287.809998,288.329987,16117600
MSFT,2021-08-10,288.799988,289.25,285.200012,286.440002,18616600
MSFT,2021-08-11,287.209991,288.660004,285.859985,286.950012,13955900
MSFT,2021-08-12,286.630005,289.970001,286.339996,289.809998,14561300
MSFT,2021-08-13,289.480011,292.899994,289.299988,292.850006,18249000
MSFT,2021-08-16,293.190002,294.820007,290.019989,294.600006,22507600
MSFT,2021-08-17,292.390015,293.429993,291.079987,293.079987,20075300
MSFT,2021-08-18,292.040009,294.820007,290.269989,290.730011,21813000
MSFT,2021-08-19,288.690002,297.470001,288.640015,296.769989,29850500
MSFT,2021-08-20,299.720001,305.839996,298.059998,304.359985,40817600
MSFT,2021-08-23,303.25,305.399994,301.850006,304.649994,22830200
MSFT,2021-08-24,305.019989,305.649994,302.0,302.619995,18175800
MSFT,2021-08-25,304.299988,304.589996,300.420013,302.01001,20006100
MSFT,2021-08-26,300.98999,302.429993,298.950012,299.089996,17666100
MSFT,2021-08-27,298.98999,300.869995,296.829987,299.720001,22605700
MSFT,2021-08-30,301.119995,304.220001,301.059998,303.589996,16348100
MSFT,2021-08-31,304.420013,304.5,301.5,301.880005,26285300
MSFT,2021-09-01,302.869995,305.190002,301.48999,301.829987,18983800
MSFT,2021-09-02,302.200012,303.359985,300.179993,301.149994,16285600
MSFT,2021-09-03,300.98999,302.600006,300.26001,301.140015,14747900
MSFT,2021-09-07,301.01001,301.089996,298.200012,300.179993,17180400
MSFT,2021-09-08,299.779999,300.609985,297.470001,300.209991,15046800
MSFT,2021-09-09,300.820007,302.140015,297.0,297.25,19927000
MSFT,2021-09-10,298.420013,299.920013,295.380005,295.709991,19633400
MSFT,2021-09-13,297.549988,298.540009,294.079987,296.98999,23652900
MSFT,2021-09-14,299.559998,301.390015,298.100006,299.790009,21853400
MSFT,2021-09-15,303.26001,305.320007,301.820007,304.820007,28356300
MSFT,2021-09-16,303.76001,305.309998,300.76001,305.220001,19550800
MSFT,2021-09-17,304.170013,304.5,299.529999,299.869995,41372500
MSFT,2021-09-20,296.329987,298.720001,289.519989,294.299988,38278700
MSFT,2021-09-21,295.690002,297.540009,294.070007,294.799988,22364100
MSFT,2021-09-22,296.730011,300.220001,294.51001,298.579987,26626300
MSFT,2021-09-23,298.850006,300.899994,297.529999,299.559998,18604600
MSFT,2021-09-24,298.230011,299.799988,296.929993,299.350006,14999000
MSFT,2021-09-27,296.140015,296.470001,292.940002,294.170013,23571700
MSFT,2021-09-28,289.799988,290.779999,282.75,283.519989,43186200
MSFT,2021-09-29,285.100006,286.769989,283.01001,284.0,26353700
MSFT,2021-09-30,285.709991,287.829987,281.619995,281.920013,32343600
MSFT,2021-10-01,282.119995,289.980011,281.290009,289.100006,30086300
MSFT,2021-10-04,287.399994,287.75,280.25,283.109985,31350700
MSFT,2021-10-05,284.049988,290.399994,284.049988,288.76001,24993000
MSFT,2021-10-06,285.779999,293.630005,285.51001,293.109985,28002600
MSFT,2021-10-07,295.179993,296.640015,293.920013,294.850006,20430500
MSFT,2021-10-08,296.220001,296.640015,293.76001,294.850006,17685700
MSFT,2021-10-11,292.920013,297.970001,292.75,294.230011,19298600
MSFT,2021-10-12,295.339996,295.440002,292.350006,292.880005,17974100
MSFT,2021-10-13,294.910004,297.279999,293.48999,296.309998,23416300
MSFT,2021-10-14,299.209991,303.269989,297.829987,302.75,27262900
MSFT,2021-10-15,302.339996,304.450012,300.519989,304.209991,25384800
MSFT,2021-10-18,303.570007,308.209991,302.690002,307.290009,22729300
MSFT,2021-10-19,308.350006,309.299988,307.220001,308.230011,17682100
MSFT,2021-10-20,309.209991,309.700012,306.109985,307.410004,16537100
MSFT,2021-10-21,307.170013,311.019989,306.359985,310.76001,16918100
MSFT,2021-10-22,310.399994,311.089996,307.799988,309.160004,17449300
MSFT,2021-10-25,309.359985,309.399994,306.459991,308.130005,17554500
MSFT,2021-10-26,311.0,312.399994,308.600006,310.109985,28107300
MSFT,2021-10-27,316.0,326.100006,316.0,323.170013,52588700
MSFT,2021-10-28,324.329987,324.869995,321.359985,324.350006,26297900
MSFT,2021-10-29,324.130005,332.0,323.899994,331.619995,34766000
MSFT,2021-11-01,331.359985,331.48999,326.369995,329.369995,27073200
MSFT,2021-11-02,330.309998,333.450012,330.0,333.130005,26487100
MSFT,2021-11-03,333.899994,334.899994,330.649994,334.0,21500100
MSFT,2021-11-04,332.890015,336.540009,329.51001,336.440002,23992200
MSFT,2021-11-05,338.51001,338.790009,334.420013,336.059998,22570100
MSFT,2021-11-08,337.299988,337.649994,334.440002,336.98999,20897000
MSFT,2021-11-09,337.109985,338.720001,334.529999,335.950012,21307400
MSFT,2021-11-10,334.570007,334.630005,329.920013,330.799988,25500900
MSFT,2021-11-11,331.25,333.769989,330.51001,332.429993,16849800
MSFT,2021-11-12,333.920013,337.230011,333.790009,336.720001,23831000
MSFT,2021-11-15,337.540009,337.880005,334.029999,336.070007,16723000
MSFT,2021-11-16,335.679993,340.670013,335.51001,339.51001,20886800
MSFT,2021-11-17,338.940002,342.190002,338.0,339.119995,19053400
MSFT,2021-11-18,338.179993,342.450012,337.119995,341.269989,22463500
MSFT,2021-11-19,342.640015,345.100006,342.200012,343.109985,21963400
MSFT,2021-11-22,344.619995,349.670013,339.549988,339.829987,31031100
MSFT,2021-11-23,337.049988,339.450012,333.559998,337.679993,30427600
MSFT,2021-11-24,336.279999,338.160004,333.910004,337.910004,21661300
MSFT,2021-11-26,334.350006,337.929993,328.119995,329.679993,24217200
MSFT,2021-11-29,334.940002,339.029999,334.73999,336.630005,28563500
MSFT,2021-11-30,335.320007,337.779999,328.98999,330.589996,42885600
MSFT,2021-12-01,335.130005,339.279999,329.390015,330.079987,33337600
MSFT,2021-12-02,330.299988,333.48999,327.799988,329.48999,30766000
MSFT,2021-12-03,331.98999,332.700012,318.029999,323.01001,41779300
MSFT,2021-12-06,323.950012,327.450012,319.230011,326.190002,30032600
MSFT,2021-12-07,331.640015,335.799988,330.100006,334.920013,31021900
MSFT,2021-12-08,335.309998,335.5,330.799988,334.970001,24761000
MSFT,2021-12-09,334.410004,336.48999,332.119995,333.100006,22214200
MSFT,2021-12-10,334.980011,343.0,334.790009,342.540009,38095700
MSFT,2021-12-13,340.679993,343.790009,339.079987,339.399994,28899400
MSFT,2021-12-14,333.220001,334.640015,324.109985,328.339996,44438700
MSFT,2021-12-15,328.609985,335.190002,324.5,334.649994,35381100
MSFT,2021-12-16,335.709991,336.76001,323.019989,324.899994,35034800
MSFT,2021-12-17,320.880005,324.920013,317.25,323.799988,47750300
MSFT,2021-12-20,320.049988,322.799988,317.570007,319.910004,28326500
MSFT,2021-12-21,323.290009,327.730011,319.799988,327.290009,24740600
MSFT,2021-12-22,328.299988,333.609985,325.75,333.200012,24831500
MSFT,2021-12-23,332.75,336.390015,332.730011,334.690002,19617800
MSFT,2021-12-27,335.459991,342.480011,335.429993,342.450012,19947000
MSFT,2021-12-28,343.149994,343.809998,340.320007,341.25,15661500
MSFT,2021-12-29,341.299988,344.299988,339.679993,341.950012,15042000
MSFT,2021-12-30,341.910004,343.130005,338.820007,339.320007,15994500
MSFT,2021-12-31,338.51001,339.359985,335.850006,336.320007,18000800
MSFT,2022-01-03,335.350006,338.0,329.779999,334.75,28865100
MSFT,2022-01-04,334.829987,335.200012,326.119995,329.01001,32674300
MSFT,2022-01-05,325.859985,326.070007,315.980011,316.380005,40054300
MSFT,2022-01-06,313.149994,318.700012,311.48999,313.880005,39646100
MSFT,2022-01-07,314.149994,316.5,310.089996,314.040009,32720000
MSFT,2022-01-10,309.48999,314.720001,304.690002,314.269989,44289500
MSFT,2022-01-11,313.380005,316.609985,309.890015,314.980011,29386800
MSFT,2022-01-12,319.670013,323.410004,317.079987,318.269989,34372200
MSFT,2022-01-13,320.470001,320.880005,304.0,304.799988,45366000
MSFT,2022-01-14,304.25,310.820007,303.75,310.200012,39846400
MSFT,2022-01-18,304.070007,309.799988,301.73999,302.649994,42333200
MSFT,2022-01-19,306.290009,313.910004,302.700012,303.329987,45933900
MSFT,2022-01-20,309.070007,311.649994,301.140015,301.600006,35380700
MSFT,2022-01-21,302.690002,304.109985,295.609985,296.029999,57984400
MSFT,2022-01-24,292.200012,297.109985,276.049988,296.369995,85731500
MSFT,2022-01-25,291.519989,294.98999,285.170013,288.48999,72848600
MSFT,2022-01-26,307.98999,308.5,293.029999,296.709991,90428900
MSFT,2022-01-27,302.660004,307.299988,297.929993,299.839996,53481300
MSFT,2022-01-28,300.230011,308.480011,294.450012,308.26001,49743700
MSFT,2022-01-31,308.950012,312.380005,306.369995,310.980011,46444500
MSFT,2022-02-01,310.410004,310.630005,305.130005,308.76001,40950400
MSFT,2022-02-02,309.630005,315.119995,308.880005,313.459991,36636000
MSFT,2022-02-03,309.48999,311.230011,299.959991,301.25,43730000
MSFT,2022-02-04,300.209991,308.799988,299.970001,305.940002,35096500
MSFT,2022-02-07,306.170013,307.839996,299.899994,300.950012,28533300
MSFT,2022-02-08,301.25,305.559998,299.950012,304.559998,32421200
MSFT,2022-02-09,309.869995,311.929993,307.390015,311.209991,31284700
MSFT,2022-02-10,304.040009,309.119995,300.700012,302.380005,45386200
MSFT,2022-02-11,303.190002,304.290009,294.220001,295.040009,39175600
MSFT,2022-02-14,293.769989,296.76001,291.350006,295.0,36359500
MSFT,2022-02-15,300.01001,300.799988,297.019989,300.470001,27058300
MSFT,2022-02-16,298.369995,300.869995,293.679993,299.5,29982100
MSFT,2022-02-17,296.359985,296.799988,290.0,290.730011,32461600
MSFT,2022-02-18,293.049988,293.859985,286.309998,287.929993,34264000
MSFT,2022-02-22,285.0,291.540009,284.5,287.720001,41736100
MSFT,2022-02-23,290.179993,291.700012,280.100006,280.269989,37811200
MSFT,2022-02-24,272.51001,295.160004,271.519989,294.589996,56989700
MSFT,2022-02-25,295.140015,297.630005,291.649994,297.309998,32546700
MSFT,2022-02-28,294.309998,299.140015,293.0,298.790009,34627500
MSFT,2022-03-01,296.399994,299.970001,292.149994,294.950012,31217800
MSFT,2022-03-02,295.359985,301.470001,293.700012,300.190002,31873000
MSFT,2022-03-03,302.890015,303.130005,294.049988,295.920013,27314500
MSFT,2022-03-04,294.290009,295.660004,287.170013,289.859985,32356500
MSFT,2022-03-07,288.529999,289.690002,278.529999,278.910004,43157200
MSFT,2022-03-08,277.799988,283.959991,270.0,275.850006,48159500
MSFT,2022-03-09,283.440002,289.600006,280.779999,288.5,35204500
MSFT,2022-03-10,283.019989,286.600006,280.579987,285.589996,30628000
MSFT,2022-03-11,287.959991,289.51001,279.429993,280.070007,27209300
MSFT,2022-03-14,280.339996,285.399994,275.820007,276.440002,30660700
MSFT,2022-03-15,280.350006,287.820007,278.730011,287.149994,34245100
MSFT,2022-03-16,289.109985,294.570007,283.200012,294.390015,37826300
MSFT,2022-03-17,293.290009,295.609985,289.369995,295.220001,30816600
MSFT,2022-03-18,295.369995,301.0,292.730011,300.429993,43390600
MSFT,2022-03-21,298.890015,300.140015,294.899994,299.160004,28351200
MSFT,2022-03-22,299.799988,305.0,298.769989,304.059998,27599700
MSFT,2022-03-23,300.51001,303.230011,297.720001,299.48999,25715400
MSFT,2022-03-24,299.140015,304.200012,298.320007,304.100006,24484500
MSFT,2022-03-25,305.230011,305.5,299.290009,303.679993,22566500
MSFT,2022-03-28,304.329987,310.799988,304.329987,310.700012,29578200
MSFT,2022-03-29,313.910004,315.820007,309.049988,315.410004,30393400
MSFT,2022-03-30,313.76001,315.950012,311.579987,313.859985,28163600
MSFT,2022-03-31,313.899994,315.140015,307.890015,308.309998,33422100
MSFT,2022-04-01,309.369995,310.130005,305.540009,309.420013,27110500
MSFT,2022-04-04,310.089996,315.109985,309.709991,314.970001,24289600
MSFT,2022-04-05,313.269989,314.869995,309.869995,310.880005,23156700
MSFT,2022-04-06,305.190002,307.0,296.709991,299.5,40110400
MSFT,2022-04-07,296.660004,303.649994,296.350006,301.369995,31411200
MSFT,2022-04-08,300.440002,301.119995,296.279999,296.970001,24361900
MSFT,2022-04-11,291.790009,292.609985,285.0,285.26001,34569300
MSFT,2022-04-12,289.23999,290.73999,280.48999,282.059998,30966700
MSFT,2022-04-13,282.730011,288.579987,281.299988,287.619995,21907200
MSFT,2022-04-14,288.089996,288.309998,279.320007,279.829987,28221600
MSFT,2022-04-18,278.910004,282.459991,278.339996,280.519989,20778000
MSFT,2022-04-19,279.380005,286.170013,278.410004,285.299988,22297700
MSFT,2022-04-20,289.399994,289.700012,285.369995,286.359985,22906700
MSFT,2022-04-21,288.579987,293.299988,280.059998,280.809998,29454600
MSFT,2022-04-22,281.679993,283.200012,273.380005,274.029999,29405800
MSFT,2022-04-25,273.290009,281.109985,270.769989,280.720001,35678900
MSFT,2022-04-26,277.5,278.359985,270.0,270.220001,46518400
MSFT,2022-04-27,282.100006,290.970001,279.160004,283.220001,63477700
MSFT,2022-04-28,285.190002,290.980011,281.459991,289.630005,33646600
MSFT,2022-04-29,288.609985,289.880005,276.5,277.519989,37073900
MSFT,2022-05-02,277.709991,284.940002,276.220001,284.470001,35151100
MSFT,2022-05-03,283.959991,284.130005,280.149994,281.779999,25978600
MSFT,2022-05-04,282.589996,290.880005,276.730011,289.980011,33599300
MSFT,2022-05-05,285.540009,286.350006,274.339996,277.350006,43260400
MSFT,2022-05-06,274.809998,279.25,271.269989,274.730011,37780300
MSFT,2022-05-09,270.059998,272.359985,263.320007,264.579987,47726000
MSFT,2022-05-10,271.690002,273.75,265.070007,269.5,39336400
MSFT,2022-05-11,265.679993,271.359985,259.299988,260.549988,48975900
MSFT,2022-05-12,257.690002,259.880005,250.020004,255.350006,51033800
MSFT,2022-05-13,257.350006,263.040009,255.350006,261.119995,34925100
MSFT,2022-05-16,259.959991,265.820007,255.779999,261.5,32550900
MSFT,2022-05-17,266.109985,268.329987,262.459991,266.820007,28828800
MSFT,2022-05-18,263.0,263.600006,252.770004,254.080002,31356000
MSFT,2022-05-19,253.899994,257.670013,251.880005,253.139999,32692300
MSFT,2022-05-20,257.23999,258.540009,246.440002,252.559998,39199300
MSFT,2022-05-23,255.490005,261.5,253.429993,260.649994,33175400
MSFT,2022-05-24,257.890015,261.329987,253.5,259.619995,29043900
MSFT,2022-05-25,258.140015,264.579987,257.130005,262.519989,28547900
MSFT,2022-05-26,262.269989,267.109985,261.429993,265.899994,25002100
MSFT,2022-05-27,268.480011,273.339996,267.559998,273.23999,26910800
MSFT,2022-05-31,272.529999,274.769989,268.929993,271.869995,37827700
MSFT,2022-06-01,275.200012,277.690002,270.040009,272.420013,25292200
MSFT,2022-06-02,264.450012,274.649994,261.600006,274.579987,44008200
MSFT,2022-06-03,270.309998,273.450012,268.410004,270.019989,28059000
MSFT,2022-06-06,272.059998,274.179993,267.220001,268.75,22400300
MSFT,2022-06-07,266.640015,273.130005,265.940002,272.5,22860700
MSFT,2022-06-08,271.709991,273.0,269.609985,270.410004,17372300
MSFT,2022-06-09,267.779999,272.709991,264.630005,264.790009,26439700
MSFT,2022-06-10,260.579987,260.579987,252.529999,252.990005,31422800
MSFT,2022-06-13,245.110001,249.020004,241.529999,242.259995,46135800
MSFT,2022-06-14,243.860001,245.740005,241.509995,244.490005,28651500
MSFT,2022-06-15,248.309998,255.300003,246.419998,251.759995,33111700
MSFT,2022-06-16,245.979996,247.419998,243.020004,244.970001,33169200
MSFT,2022-06-17,244.699997,250.5,244.029999,247.649994,43084800
MSFT,2022-06-21,250.259995,254.75,249.509995,253.740005,29928300
MSFT,2022-06-22,251.889999,257.170013,250.369995,253.130005,25939900
MSFT,2022-06-23,255.570007,259.369995,253.630005,258.859985,25861400
MSFT,2022-06-24,261.809998,267.980011,261.720001,267.700012,33923200
MSFT,2022-06-27,268.209991,268.299988,263.279999,264.890015,24615100
MSFT,2022-06-28,263.980011,266.910004,256.320007,256.480011,27295500
MSFT,2022-06-29,257.589996,261.970001,255.759995,260.26001,20069800
MSFT,2022-06-30,257.049988,259.529999,252.899994,256.829987,31730900
MSFT,2022-07-01,256.390015,259.769989,254.610001,259.579987,22837700
MSFT,2022-07-05,256.160004,262.980011,254.740005,262.850006,22941000
MSFT,2022-07-06,263.75,267.98999,262.399994,266.209991,23824400
MSFT,2022-07-07,265.119995,269.059998,265.019989,268.399994,20859900
MSFT,2022-07-08,264.790009,268.100006,263.290009,267.660004,19658800
MSFT,2022-07-11,265.649994,266.529999,262.179993,264.51001,19455200
MSFT,2022-07-12,265.880005,265.940002,252.039993,253.669998,35868500
MSFT,2022-07-13,250.190002,253.550003,248.110001,252.720001,29497400
MSFT,2022-07-14,250.570007,255.139999,245.940002,254.080002,25102800
MSFT,2022-07-15,255.720001,260.369995,254.770004,256.720001,29774100
MSFT,2022-07-18,259.75,260.839996,253.300003,254.25,20975000
MSFT,2022-07-19,257.579987,259.720001,253.679993,259.529999,25012600
MSFT,2022-07-20,259.899994,264.869995,258.910004,262.269989,22788300
MSFT,2022-07-21,259.790009,264.890015,257.029999,264.839996,22404700
MSFT,2022-07-22,265.23999,265.329987,259.070007,260.359985,21881300
MSFT,2022-07-25,261.0,261.5,256.809998,258.829987,21056000
MSFT,2022-07-26,259.859985,259.880005,249.570007,251.899994,39348000
MSFT,2022-07-27,261.160004,270.049988,258.850006,268.73999,45994000
MSFT,2022-07-28,269.75,277.839996,267.869995,276.410004,33459300
MSFT,2022-07-29,277.700012,282.0,276.630005,280.73999,32152800
MSFT,2022-08-01,277.820007,281.279999,275.839996,278.01001,21539600
MSFT,2022-08-02,276.0,277.890015,272.380005,274.820007,22754200
MSFT,2022-08-03,276.76001,283.5,276.609985,282.470001,23518900
MSFT,2022-08-04,281.799988,283.799988,280.170013,283.649994,18098700
MSFT,2022-08-05,279.149994,283.649994,278.679993,282.910004,16774600
MSFT,2022-08-08,284.049988,285.920013,279.320007,280.320007,18739200
MSFT,2022-08-09,279.640015,283.079987,277.609985,282.299988,23405200
MSFT,2022-08-10,288.170013,289.809998,286.940002,289.160004,24687800
MSFT,2022-08-11,290.850006,291.209991,286.51001,287.019989,20065900
MSFT,2022-08-12,288.480011,291.910004,286.940002,291.910004,22619700
MSFT,2022-08-15,291.0,294.179993,290.109985,293.470001,18085700
MSFT,2022-08-16,291.98999,294.040009,290.420013,292.709991,18102900
MSFT,2022-08-17,289.73999,293.350006,289.470001,291.320007,18253400
MSFT,2022-08-18,290.190002,291.910004,289.079987,290.170013,17186200
MSFT,2022-08-19,288.899994,289.25,285.559998,286.149994,20570000
MSFT,2022-08-22,282.079987,282.459991,277.220001,277.75,25061100
MSFT,2022-08-23,276.440002,278.859985,275.399994,276.440002,17527400
MSFT,2022-08-24,275.410004,277.230011,275.109985,275.790009,18137000
MSFT,2022-08-25,277.329987,279.019989,274.519989,278.850006,16583400
MSFT,2022-08-26,279.079987,280.339996,267.980011,268.089996,27549300
MSFT,2022-08-29,265.850006,267.399994,263.850006,265.230011,20338500
MSFT,2022-08-30,266.670013,267.049988,260.660004,262.970001,22767100
MSFT,2022-08-31,265.390015,267.109985,261.329987,261.470001,24791800
MSFT,2022-09-01,258.869995,260.890015,255.410004,260.399994,23263400
MSFT,2022-09-02,261.700012,264.73999,254.470001,256.059998,22855400
MSFT,2022-09-06,256.200012,257.829987,251.940002,253.25,21328200
MSFT,2022-09-07,254.699997,258.829987,253.220001,258.089996,24126700
MSFT,2022-09-08,257.51001,260.429993,254.789993,258.519989,20319900
MSFT,2022-09-09,260.5,265.230011,260.290009,264.459991,22084700
MSFT,2022-09-12,265.779999,267.450012,265.160004,266.649994,18747700
MSFT,2022-09-13,258.839996,260.399994,251.589996,251.990005,33353300
MSFT,2022-09-14,253.529999,254.229996,249.860001,252.220001,23913000
MSFT,2022-09-15,249.770004,251.399994,244.020004,245.380005,31530900
MSFT,2022-09-16,244.259995,245.300003,242.059998,244.740005,39791800
MSFT,2022-09-19,242.470001,245.139999,240.850006,244.520004,26826900
MSFT,2022-09-20,242.070007,243.509995,239.639999,242.449997,26660300
MSFT,2022-09-21,244.270004,247.660004,238.899994,238.949997,28625600
MSFT,2022-09-22,237.869995,243.860001,237.570007,240.979996,31061200
MSFT,2022-09-23,239.539993,241.130005,235.199997,237.919998,34176000
MSFT,2022-09-26,237.050003,241.449997,236.899994,237.449997,27694200
MSFT,2022-09-27,239.979996,241.800003,234.5,236.410004,27018700
MSFT,2022-09-28,236.809998,242.330002,234.729996,241.070007,29029700
MSFT,2022-09-29,238.889999,239.949997,234.410004,237.5,27484200
MSFT,2022-09-30,238.289993,240.539993,232.729996,232.899994,35694800
MSFT,2022-10-03,235.410004,241.610001,234.660004,240.740005,28880400
MSFT,2022-10-04,245.089996,250.360001,244.979996,248.880005,34888400
MSFT,2022-10-05,245.990005,250.580002,244.100006,249.199997,20347100
MSFT,2022-10-06,247.929993,250.339996,246.080002,246.789993,20239900
MSFT,2022-10-07,240.899994,241.320007,233.169998,234.240005,37769600
MSFT,2022-10-10,233.050003,234.559998,226.729996,229.25,29743600
MSFT,2022-10-11,227.619995,229.059998,224.110001,225.410004,30474000
MSFT,2022-10-12,225.399994,227.860001,223.960007,225.75,21903900
MSFT,2022-10-13,219.850006,236.100006,219.130005,234.240005,42551800
MSFT,2022-10-14,235.539993,237.240005,228.339996,228.559998,30198600
MSFT,2022-10-17,235.820007,238.960007,235.139999,237.529999,28142300
MSFT,2022-10-18,243.240005,243.929993,235.369995,238.5,26329600
MSFT,2022-10-19,237.039993,239.610001,234.289993,236.479996,19985700
MSFT,2022-10-20,235.770004,241.309998,234.869995,236.149994,21811000
MSFT,2022-10-21,234.740005,243.0,234.5,242.119995,26299700
MSFT,2022-10-24,243.759995,247.839996,241.300003,247.25,24911200
MSFT,2022-10-25,247.259995,251.039993,245.830002,250.660004,34775500
MSFT,2022-10-26,231.169998,238.300003,230.059998,231.320007,82543200
MSFT,2022-10-27,231.039993,233.690002,225.779999,226.75,40424600
MSFT,2022-10-28,226.240005,236.600006,226.050003,235.869995,40647700
MSFT,2022-10-31,233.759995,234.919998,231.149994,232.130005,28357300
MSFT,2022-11-01,234.600006,235.740005,227.330002,228.169998,30592300
MSFT,2022-11-02,229.460007,231.300003,220.039993,220.100006,38407000
MSFT,2022-11-03,220.089996,220.410004,213.979996,214.25,36633900
MSFT,2022-11-04,217.550003,221.589996,213.429993,221.389999,36789100
MSFT,2022-11-07,221.990005,228.410004,221.279999,227.869995,33498000
MSFT,2022-11-08,228.699997,231.649994,225.839996,228.869995,28192500
MSFT,2022-11-09,227.369995,228.630005,224.330002,224.509995,27852900
MSFT,2022-11-10,235.429993,243.330002,235.0,242.979996,46268000
MSFT,2022-11-11,242.990005,247.990005,241.929993,247.110001,34620200
MSFT,2022-11-14,241.990005,243.910004,239.210007,241.550003,31123300
MSFT,2022-11-15,245.660004,247.0,240.029999,241.970001,31390100
MSFT,2022-11-16,242.789993,243.800003,240.419998,241.729996,24093300
MSFT,2022-11-17,237.779999,243.25,237.630005,241.679993,23123500
MSFT,2022-11-18,243.509995,243.740005,239.029999,241.220001,27613500
MSFT,2022-11-21,241.429993,244.669998,241.190002,242.050003,26394700
MSFT,2022-11-22,243.589996,245.309998,240.710007,245.029999,19665700
MSFT,2022-11-23,245.110001,248.279999,244.270004,247.580002,19508500
MSFT,2022-11-25,247.309998,248.699997,246.729996,247.490005,9200800
MSFT,2022-11-28,246.080002,246.649994,240.800003,241.759995,24778200
MSFT,2022-11-29,241.399994,242.789993,238.210007,240.330002,17956300
MSFT,2022-11-30,240.570007,255.330002,239.860001,255.139999,47594200
MSFT,2022-12-01,253.869995,256.119995,250.919998,254.690002,26041500
MSFT,2022-12-02,249.820007,256.059998,249.690002,255.020004,21528500
MSFT,2022-12-05,252.009995,253.820007,248.059998,250.199997,23435300
MSFT,2022-12-06,250.820007,251.860001,243.779999,245.119995,22463700
MSFT,2022-12-07,244.830002,246.160004,242.210007,244.369995,20481500
MSFT,2022-12-08,244.839996,248.740005,243.059998,247.399994,22611800
MSFT,2022-12-09,244.699997,248.309998,244.160004,245.419998,20609700
MSFT,2022-12-12,247.449997,252.539993,247.169998,252.509995,30665100
MSFT,2022-12-13,261.690002,263.920013,253.070007,256.920013,42196900
MSFT,2022-12-14,257.130005,262.589996,254.309998,257.220001,35410900
MSFT,2022-12-15,253.720001,254.199997,247.339996,249.009995,35560400
MSFT,2022-12-16,248.550003,249.839996,243.509995,244.690002,86102000
MSFT,2022-12-19,244.860001,245.210007,238.710007,240.449997,29696400
MSFT,2022-12-20,239.399994,242.910004,238.419998,241.800003,25150800
MSFT,2022-12-21,241.690002,245.619995,240.110001,244.429993,23690600
MSFT,2022-12-22,241.259995,241.990005,233.869995,238.190002,28651700
MSFT,2022-12-23,236.110001,238.869995,233.940002,238.729996,21207000
MSFT,2022-12-27,238.699997,238.929993,235.830002,236.960007,16688600
MSFT,2022-12-28,236.889999,239.720001,234.169998,234.529999,17457100
MSFT,2022-12-29,235.649994,241.919998,235.649994,241.009995,19770700
MSFT,2022-12-30,238.210007,239.960007,236.660004,239.820007,21938500
MSFT,2023-01-03,243.080002,245.75,237.399994,239.580002,25740000
MSFT,2023-01-04,232.279999,232.869995,225.960007,229.100006,50623400
MSFT,2023-01-05,227.199997,227.550003,221.759995,222.309998,39585600
MSFT,2023-01-06,223.0,225.759995,219.350006,224.929993,43613600
MSFT,2023-01-09,226.449997,231.240005,226.410004,227.119995,27369800
MSFT,2023-01-10,227.759995,231.309998,227.330002,228.850006,27033900
MSFT,2023-01-11,231.289993,235.949997,231.110001,235.770004,28669300
MSFT,2023-01-12,235.259995,239.899994,233.559998,238.509995,27269500
MSFT,2023-01-13,237.0,239.369995,234.919998,239.229996,21333300
MSFT,2023-01-17,237.970001,240.910004,237.089996,240.350006,29831300
MSFT,2023-01-18,241.570007,242.380005,235.520004,235.809998,30028700
MSFT,2023-01-19,233.779999,235.520004,230.679993,231.929993,28623000
MSFT,2023-01-20,234.860001,240.740005,234.509995,240.220001,35389800
MSFT,2023-01-23,241.100006,245.169998,239.649994,242.580002,31934000
MSFT,2023-01-24,242.5,243.949997,240.440002,242.039993,40234400
MSFT,2023-01-25,234.479996,243.300003,230.899994,240.610001,66526600
MSFT,2023-01-26,243.649994,248.309998,242.0,248.0,33454500
MSFT,2023-01-27,248.990005,249.830002,246.830002,248.160004,26498900
MSFT,2023-01-30,244.509995,245.600006,242.199997,242.710007,25867400
MSFT,2023-01-31,243.449997,247.949997,242.949997,247.809998,26541100
MSFT,2023-02-01,248.0,255.179993,245.470001,252.75,31259900
MSFT,2023-02-02,258.820007,264.690002,257.25,264.600006,39940400
MSFT,2023-02-03,259.540009,264.200012,257.100006,258.350006,29077300
MSFT,2023-02-06,257.440002,258.299988,254.779999,256.769989,22518000
MSFT,2023-02-07,260.529999,268.769989,260.079987,267.559998,50841400
MSFT,2023-02-08,273.200012,276.76001,266.209991,266.730011,54686000
MSFT,2023-02-09,273.799988,273.980011,262.799988,263.619995,42375100
MSFT,2023-02-10,261.529999,264.089996,260.660004,263.100006,25818500
MSFT,2023-02-13,267.640015,274.600006,267.149994,271.320007,44630900
MSFT,2023-02-14,272.670013,274.970001,269.279999,272.170013,37047900
MSFT,2023-02-15,268.320007,270.730011,266.179993,269.320007,28922400
MSFT,2023-02-16,264.019989,266.73999,261.899994,262.149994,29603600
MSFT,2023-02-17,259.390015,260.089996,256.0,258.059998,30000100
MSFT,2023-02-21,254.479996,255.490005,251.589996,252.669998,28397400
MSFT,2023-02-22,254.089996,254.339996,250.339996,251.509995,22491100
MSFT,2023-02-23,255.559998,256.839996,250.479996,254.770004,29219100
MSFT,2023-02-24,249.960007,251.0,248.100006,249.220001,24990900
MSFT,2023-02-27,252.460007,252.820007,249.389999,250.160004,21190000
MSFT,2023-02-28,249.070007,251.490005,248.729996,249.419998,22491000
MSFT,2023-03-01,250.759995,250.929993,245.789993,246.270004,27565300
MSFT,2023-03-02,246.550003,251.399994,245.610001,251.110001,24808200
MSFT,2023-03-03,252.190002,255.619995,251.389999,255.289993,30760100
MSFT,2023-03-06,256.429993,260.119995,255.979996,256.869995,24109800
MSFT,2023-03-07,256.299988,257.690002,253.389999,254.149994,21473200
MSFT,2023-03-08,254.039993,254.539993,250.809998,253.699997,17340200
MSFT,2023-03-09,255.820007,259.559998,251.580002,252.320007,26653400
MSFT,2023-03-10,251.080002,252.789993,247.600006,248.589996,28333900
MSFT,2023-03-13,247.399994,257.910004,245.729996,253.919998,33339700
MSFT,2023-03-14,256.75,261.070007,255.860001,260.790009,33620300
MSFT,2023-03-15,259.980011,266.480011,259.209991,265.440002,46028000
MSFT,2023-03-16,265.209991,276.559998,263.279999,276.200012,54768800
MSFT,2023-03-17,278.26001,283.329987,276.320007,279.429993,69527400
MSFT,2023-03-20,276.980011,277.480011,269.850006,272.230011,43466600
MSFT,2023-03-21,274.880005,275.0,269.519989,273.779999,34558700
MSFT,2023-03-22,273.399994,281.040009,272.179993,272.290009,34873300
MSFT,2023-03-23,277.940002,281.059998,275.200012,277.660004,36610900
MSFT,2023-03-24,277.23999,280.630005,275.279999,280.570007,28172000
MSFT,2023-03-27,280.5,281.459991,275.519989,276.380005,26840200
MSFT,2023-03-28,275.790009,276.140015,272.049988,275.230011,21878600
MSFT,2023-03-29,278.959991,281.140015,278.410004,280.51001,25087000
MSFT,2023-03-30,284.230011,284.459991,281.480011,284.049988,25053400
MSFT,2023-03-31,283.730011,289.269989,283.0,288.299988,32766000
MSFT,2023-04-03,286.519989,288.269989,283.950012,287.230011,24883300
MSFT,2023-04-04,287.230011,290.450012,285.670013,287.179993,25824300
MSFT,2023-04-05,285.850006,287.149994,282.920013,284.339996,22064800
MSFT,2023-04-06,283.209991,292.079987,282.029999,291.600006,29770300
MSFT,2023-04-10,289.209991,289.600006,284.709991,289.390015,23103000
MSFT,2023-04-11,285.75,285.980011,281.640015,282.829987,27276600
MSFT,2023-04-12,284.790009,287.01001,281.959991,283.48999,27403400
MSFT,2023-04-13,283.589996,289.899994,283.170013,289.839996,24222700
MSFT,2023-04-14,287.0,288.480011,283.690002,286.140015,20987900
MSFT,2023-04-17,289.929993,291.600006,286.160004,288.799988,23836200
MSFT,2023-04-18,291.570007,291.76001,287.01001,288.369995,20161800
MSFT,2023-04-19,285.98999,289.049988,284.540009,288.450012,17150300
MSFT,2023-04-20,285.25,289.029999,285.079987,286.109985,23244400
MSFT,2023-04-21,285.01001,286.269989,283.059998,285.76001,21676400
MSFT,2023-04-24,282.089996,284.950012,278.720001,281.769989,26611000
MSFT,2023-04-25,279.51001,281.600006,275.369995,275.420013,45772200
MSFT,2023-04-26,296.700012,299.570007,292.730011,295.369995,64599200
MSFT,2023-04-27,295.970001,305.200012,295.25,304.829987,46462600
MSFT,2023-04-28,304.01001,308.929993,303.309998,307.26001,36469600
MSFT,2023-05-01,306.970001,308.600006,305.149994,305.559998,21294100
MSFT,2023-05-02,307.76001,309.179993,303.910004,305.410004,26404400
MSFT,2023-05-03,306.619995,308.609985,304.089996,304.399994,22360800
MSFT,2023-05-04,306.23999,307.76001,303.399994,305.410004,22519900
MSFT,2023-05-05,305.720001,311.970001,304.269989,310.649994,28197100
MSFT,2023-05-08,310.130005,310.200012,306.089996,308.649994,21318600
MSFT,2023-05-09,308.0,310.040009,306.309998,307.0,21340800
MSFT,2023-05-10,308.619995,313.0,307.670013,312.309998,30078000
MSFT,2023-05-11,310.100006,311.119995,306.26001,310.109985,31680200
MSFT,2023-05-12,310.549988,310.649994,306.600006,308.970001,19774700
MSFT,2023-05-15,309.100006,309.899994,307.589996,309.459991,16336500
MSFT,2023-05-16,309.829987,313.709991,309.829987,311.73999,26730300
MSFT,2023-05-17,312.290009,314.429993,310.73999,314.0,24315000
MSFT,2023-05-18,314.529999,319.040009,313.720001,318.519989,27276000
MSFT,2023-05-19,316.73999,318.75,316.369995,318.339996,27546700
MSFT,2023-05-22,318.600006,322.589996,318.01001,321.179993,24115700
MSFT,2023-05-23,320.029999,322.720001,315.25,315.26001,30797200
MSFT,2023-05-24,314.730011,316.5,312.609985,313.850006,23384900
MSFT,2023-05-25,323.23999,326.899994,320.0,325.920013,43301700
MSFT,2023-05-26,324.019989,333.399994,323.880005,332.890015,36630600
MSFT,2023-05-30,335.230011,335.73999,330.519989,331.209991,29503100
MSFT,2023-05-31,332.290009,335.940002,327.329987,328.390015,45950600
MSFT,2023-06-01,325.929993,333.529999,324.720001,332.579987,26773900
MSFT,2023-06-02,334.25,337.5,332.549988,335.399994,25873800
MSFT,2023-06-05,335.220001,338.559998,334.660004,335.940002,21307100
MSFT,2023-06-06,335.329987,335.369995,332.170013,333.679993,20396200
MSFT,2023-06-07,331.649994,334.48999,322.5,323.380005,40717100
MSFT,2023-06-08,323.940002,326.640015,323.350006,325.26001,23277700
MSFT,2023-06-09,324.98999,329.98999,324.410004,326.790009,22529000
MSFT,2023-06-12,328.579987,332.100006,325.160004,331.850006,24260300
MSFT,2023-06-13,334.470001,336.980011,330.390015,334.290009,22951300
MSFT,2023-06-14,334.339996,339.040009,332.809998,337.339996,26003800
MSFT,2023-06-15,337.480011,349.839996,337.200012,348.100006,38899100
MSFT,2023-06-16,351.320007,351.470001,341.950012,342.329987,46552000
MSFT,2023-06-20,339.309998,342.079987,335.859985,338.049988,26375400
MSFT,2023-06-21,336.369995,337.730011,332.070007,333.559998,25117800
MSFT,2023-06-22,334.119995,340.119995,333.339996,339.709991,23556800
MSFT,2023-06-23,334.359985,337.959991,333.450012,335.019989,23146900
MSFT,2023-06-26,333.720001,336.109985,328.48999,328.600006,21520600
MSFT,2023-06-27,331.859985,336.149994,329.299988,334.570007,24354100
MSFT,2023-06-28,334.660004,337.980011,333.809998,335.850006,20259500
MSFT,2023-06-29,334.709991,336.109985,332.619995,335.049988,16997000
MSFT,2023-06-30,337.75,342.730011,337.200012,340.540009,26832800
MSFT,2023-07-03,339.190002,340.899994,336.570007,337.98999,12508700
MSFT,2023-07-05,335.089996,341.649994,334.730011,338.149994,18172400
MSFT,2023-07-06,337.299988,342.98999,335.5,341.269989,28161200
MSFT,2023-07-07,339.320007,341.790009,337.0,337.220001,21214800
MSFT,2023-07-10,334.600006,335.230011,327.589996,331.829987,32791400
MSFT,2023-07-11,331.059998,332.859985,327.0,332.470001,26698200
MSFT,2023-07-12,336.600006,341.649994,335.670013,337.200012,29995300
MSFT,2023-07-13,339.559998,343.73999,339.019989,342.660004,20567200
MSFT,2023-07-14,347.589996,351.429993,344.309998,345.23999,28352700
MSFT,2023-07-17,345.679993,346.98999,342.200012,345.730011,20363900
MSFT,2023-07-18,345.829987,366.779999,342.170013,359.48999,64738600
MSFT,2023-07-19,361.75,362.459991,352.440002,355.079987,39732900
MSFT,2023-07-20,353.570007,357.970001,345.369995,346.869995,33778400
MSFT,2023-07-21,349.149994,350.299988,339.829987,343.769989,69405400
MSFT,2023-07-24,345.850006,346.920013,342.309998,345.109985,26678100
MSFT,2023-07-25,347.109985,351.890015,345.070007,350.980011,41637700
MSFT,2023-07-26,341.440002,344.670013,333.109985,337.769989,58383700
MSFT,2023-07-27,340.480011,341.329987,329.049988,330.720001,39635300
MSFT,2023-07-28,333.670013,340.01001,333.170013,338.369995,28484900
MSFT,2023-07-31,336.920013,337.700012,333.359985,335.920013,25446000
MSFT,2023-08-01,335.190002,338.540009,333.700012,336.339996,18311900
MSFT,2023-08-02,333.630005,333.630005,326.359985,327.5,27761300
MSFT,2023-08-03,326.0,329.880005,325.950012,326.660004,18253700
MSFT,2023-08-04,331.880005,335.140015,327.23999,327.779999,23741500
MSFT,2023-08-07,328.369995,331.109985,327.519989,330.109985,17741500
MSFT,2023-08-08,326.959991,328.75,323.0,326.049988,22327600
MSFT,2023-08-09,326.470001,327.109985,321.049988,322.230011,22373300
MSFT,2023-08-10,326.019989,328.26001,321.179993,322.929993,20113700
MSFT,2023-08-11,320.26001,322.410004,319.209991,321.01001,24355500
MSFT,2023-08-14,321.390015,324.059998,320.079987,324.040009,18836100
MSFT,2023-08-15,323.0,325.089996,320.899994,321.859985,16966300
MSFT,2023-08-16,320.799988,324.420013,319.799988,320.399994,20698900
MSFT,2023-08-17,320.540009,321.869995,316.209991,316.880005,21257200
MSFT,2023-08-18,314.48999,318.380005,311.549988,316.480011,24755000
MSFT,2023-08-21,317.929993,322.769989,317.040009,321.880005,24040000
MSFT,2023-08-22,325.5,326.079987,321.459991,322.459991,16084600
MSFT,2023-08-23,323.820007,329.200012,323.459991,327.0,21166400
MSFT,2023-08-24,332.850006,332.980011,319.959991,319.970001,23281400
MSFT,2023-08-25,321.470001,325.359985,318.799988,322.980011,21684100
MSFT,2023-08-28,325.660004,326.149994,321.720001,323.700012,14808500
MSFT,2023-08-29,321.880005,328.980011,321.880005,328.410004,19284600
MSFT,2023-08-30,328.670013,329.809998,326.450012,328.790009,15222100
MSFT,2023-08-31,329.200012,330.910004,326.779999,327.76001,26411000
MSFT,2023-09-01,331.309998,331.98999,326.779999,328.660004,14942000
MSFT,2023-09-05,329.0,334.850006,328.660004,333.549988,18553900
MSFT,2023-09-06,333.380005,334.459991,330.179993,332.880005,17535800
MSFT,2023-09-07,331.290009,333.079987,329.029999,329.910004,18381000
MSFT,2023-09-08,330.089996,336.160004,329.459991,334.269989,19530100
MSFT,2023-09-11,337.23999,338.420013,335.429993,337.940002,16583300
MSFT,2023-09-12,335.820007,336.790009,331.480011,331.769989,17565500
MSFT,2023-09-13,331.309998,336.850006,331.170013,336.059998,16544400
MSFT,2023-09-14,339.149994,340.859985,336.570007,338.700012,20267000
MSFT,2023-09-15,336.920013,337.399994,329.649994,330.220001,37679800
MSFT,2023-09-18,327.799988,330.399994,326.359985,329.059998,16834200
MSFT,2023-09-19,326.170013,329.390015,324.51001,328.649994,16505900
MSFT,2023-09-20,329.51001,329.589996,320.51001,320.769989,21436500
MSFT,2023-09-21,319.26001,325.350006,315.0,319.529999,35560400
MSFT,2023-09-22,321.320007,321.450012,316.149994,317.01001,21447900
MSFT,2023-09-25,316.589996,317.670013,315.0,317.540009,17836000
MSFT,2023-09-26,315.130005,315.880005,310.019989,312.140015,26297600
MSFT,2023-09-27,312.299988,314.299988,309.690002,312.790009,19410100
MSFT,2023-09-28,310.98999,315.480011,309.450012,313.640015,19683600
MSFT,2023-09-29,317.75,319.470001,314.980011,315.75,24147300
MSFT,2023-10-02,316.279999,321.890015,315.179993,321.799988,20570000
MSFT,2023-10-03,320.829987,321.390015,311.209991,313.390015,21033500
MSFT,2023-10-04,314.029999,320.040009,314.0,318.959991,20720100
MSFT,2023-10-05,319.089996,319.980011,314.899994,319.359985,16965600
MSFT,2023-10-06,316.549988,329.190002,316.299988,327.26001,25673600
MSFT,2023-10-09,324.75,330.299988,323.179993,329.820007,19891200
MSFT,2023-10-10,330.959991,331.100006,327.670013,328.390015,20557100
MSFT,2023-10-11,331.209991,332.820007,329.140015,332.420013,20063200
MSFT,2023-10-12,330.570007,333.630005,328.720001,331.160004,19313100
MSFT,2023-10-13,332.380005,333.829987,326.359985,327.730011,21072400
MSFT,2023-10-16,331.049988,336.140015,330.600006,332.640015,22158000
MSFT,2023-10-17,329.589996,333.459991,327.410004,332.059998,18338500
MSFT,2023-10-18,332.48999,335.589996,328.299988,330.109985,23153600
MSFT,2023-10-19,332.149994,336.880005,330.910004,331.320007,25052100
MSFT,2023-10-20,331.720001,331.920013,325.450012,326.670013,25027700
MSFT,2023-10-23,325.470001,332.730011,324.390015,329.320007,24374700
MSFT,2023-10-24,331.299988,331.839996,327.600006,330.529999,31153600
MSFT,2023-10-25,345.019989,346.200012,337.619995,340.670013,55053800
MSFT,2023-10-26,340.540009,341.630005,326.940002,327.890015,37828500
MSFT,2023-10-27,330.429993,336.720001,328.399994,329.809998,29856500
MSFT,2023-10-30,333.410004,339.450012,331.829987,337.309998,22828100
MSFT,2023-10-31,338.850006,339.0,334.690002,338.109985,20265300
MSFT,2023-11-01,339.790009,347.420013,339.649994,346.070007,28158800
MSFT,2023-11-02,347.23999,348.829987,344.769989,348.320007,24348100
MSFT,2023-11-03,349.630005,354.390015,347.329987,352.799988,23637700
MSFT,2023-11-06,353.450012,357.540009,353.350006,356.529999,23828300
MSFT,2023-11-07,359.399994,362.459991,357.630005,360.529999,25833900
MSFT,2023-11-08,361.679993,363.869995,360.549988,363.200012,26767800
MSFT,2023-11-09,362.299988,364.790009,360.359985,360.690002,24847300
MSFT,2023-11-10,361.48999,370.100006,361.070007,369.670013,28042100
MSFT,2023-11-13,368.220001,368.470001,365.899994,366.679993,19986500
MSFT,2023-11-14,371.01001,371.950012,367.350006,370.269989,27683900
MSFT,2023-11-15,371.279999,373.130005,367.109985,369.670013,26860100
MSFT,2023-11-16,370.959991,376.350006,370.179993,376.170013,27182300
MSFT,2023-11-17,373.609985,374.369995,367.0,369.850006,40157000
MSFT,2023-11-20,371.220001,378.869995,371.0,377.440002,52465100
MSFT,2023-11-21,375.670013,376.220001,371.119995,373.070007,28423100
MSFT,2023-11-22,378.0,379.790009,374.970001,377.850006,23345300
MSFT,2023-11-24,377.329987,377.970001,375.140015,377.429993,10176600
MSFT,2023-11-27,376.779999,380.640015,376.200012,378.609985,22179200
MSFT,2023-11-28,378.350006,383.0,378.160004,382.700012,20453100
MSFT,2023-11-29,383.76001,384.299988,377.440002,378.850006,28963400
MSFT,2023-11-30,378.48999,380.089996,375.470001,378.910004,30554400
MSFT,2023-12-01,376.76001,378.160004,371.309998,374.51001,33040500
MSFT,2023-12-04,369.100006,369.519989,362.899994,369.140015,32063300
MSFT,2023-12-05,366.450012,373.079987,365.619995,372.519989,23065000
MSFT,2023-12-06,373.540009,374.179993,368.029999,368.799988,21182100
MSFT,2023-12-07,368.230011,371.450012,366.320007,370.950012,23118900
MSFT,2023-12-08,369.200012,374.459991,368.230011,374.230011,20154400
MSFT,2023-12-11,368.480011,371.600006,366.100006,371.299988,27708800
MSFT,2023-12-12,370.850006,374.420013,370.459991,374.380005,24838300
MSFT,2023-12-13,376.019989,377.640015,370.769989,374.369995,30955500
MSFT,2023-12-14,373.309998,373.76001,364.130005,365.929993,43277500
MSFT,2023-12-15,366.850006,372.399994,366.279999,370.730011,78502300
MSFT,2023-12-18,369.450012,373.0,368.679993,372.649994,21802900
MSFT,2023-12-19,371.48999,373.26001,369.839996,373.26001,20603700
MSFT,2023-12-20,375.0,376.029999,370.529999,370.619995,26316700
MSFT,2023-12-21,372.559998,374.410004,370.040009,373.540009,17708000
MSFT,2023-12-22,373.679993,375.179993,372.709991,374.579987,17107500
MSFT,2023-12-26,375.0,376.940002,373.5,374.660004,12673100
MSFT,2023-12-27,373.690002,375.059998,372.809998,374.070007,14905400
MSFT,2023-12-28,375.369995,376.459991,374.160004,375.279999,14327000
MSFT,2023-12-29,376.0,377.160004,373.480011,376.040009,18730800
MSFT,2024-01-02,373.859985,375.899994,366.769989,370.869995,25258600
MSFT,2024-01-03,369.01001,373.26001,368.51001,370.600006,23083500
MSFT,2024-01-04,370.670013,373.100006,367.170013,367.940002,20901500
MSFT,2024-01-05,368.970001,372.059998,366.5,367.75,21004600
MSFT,2024-01-08,369.299988,375.200012,369.01001,374.690002,23134000
MSFT,2024-01-09,372.01001,375.98999,371.190002,375.790009,20830000
MSFT,2024-01-10,376.369995,384.170013,376.320007,382.769989,25514200
MSFT,2024-01-11,386.0,390.679993,380.380005,384.630005,27850800
MSFT,2024-01-12,385.48999,388.679993,384.649994,388.470001,21661200
MSFT,2024-01-16,393.660004,394.029999,387.619995,390.269989,27202300
MSFT,2024-01-17,387.980011,390.109985,384.809998,389.470001,22234100
MSFT,2024-01-18,391.720001,393.98999,390.119995,393.869995,23392100
MSFT,2024-01-19,395.76001,398.670013,393.5,398.670013,29331100
MSFT,2024-01-22,400.019989,400.619995,393.589996,396.51001,27016900
MSFT,2024-01-23,395.75,399.380005,393.929993,398.899994,20525900
MSFT,2024-01-24,401.540009,405.630005,400.450012,402.559998,24867000
MSFT,2024-01-25,404.320007,407.01001,402.529999,404.869995,21021200
MSFT,2024-01-26,404.369995,406.170013,402.429993,403.929993,17803300
MSFT,2024-01-29,406.059998,409.980011,404.329987,409.720001,24510200
MSFT,2024-01-30,412.26001,413.049988,406.450012,408.589996,33477600
MSFT,2024-01-31,406.959991,415.320007,397.209991,397.579987,47871100
MSFT,2024-02-01,401.829987,408.0,401.799988,403.779999,30657700
MSFT,2024-02-02,403.809998,412.649994,403.559998,411.220001,28256700
MSFT,2024-02-05,409.899994,411.160004,403.98999,405.649994,25352300
MSFT,2024-02-06,405.880005,407.970001,402.910004,405.48999,18382600
MSFT,2024-02-07,407.440002,414.299988,407.399994,414.049988,22340500
MSFT,2024-02-08,414.049988,415.559998,412.529999,414.109985,21225300
MSFT,2024-02-09,415.25,420.820007,415.089996,420.549988,22032800
MSFT,2024-02-12,420.559998,420.73999,414.75,415.26001,21202900
MSFT,2024-02-13,404.940002,410.070007,403.390015,406.320007,27824900
MSFT,2024-02-14,408.070007,409.839996,404.570007,409.48999,20401200
MSFT,2024-02-15,408.140015,409.130005,404.290009,406.559998,21825500
MSFT,2024-02-16,407.959991,408.290009,403.440002,404.059998,22296500
MSFT,2024-02-20,403.23999,404.48999,398.01001,402.790009,24307900
MSFT,2024-02-21,400.170013,402.290009,397.220001,402.179993,18518900
MSFT,2024-02-22,410.190002,412.829987,408.570007,411.649994,27009900
MSFT,2024-02-23,415.670013,415.859985,408.970001,410.339996,16295900
MSFT,2024-02-26,411.459991,412.160004,407.359985,407.540009,16193500
MSFT,2024-02-27,407.98999,408.320007,403.850006,407.480011,14835800
MSFT,2024-02-28,408.179993,409.299988,405.320007,407.720001,13183100
MSFT,2024-02-29,408.640015,414.200012,405.920013,413.640015,31947300
MSFT,2024-03-01,411.269989,415.869995,410.880005,415.5,17823400
MSFT,2024-03-04,413.440002,417.350006,412.320007,414.920013,17596000
MSFT,2024-03-05,413.959991,414.25,400.640015,402.649994,26919200
MSFT,2024-03-06,402.970001,405.160004,398.390015,402.089996,22344100
MSFT,2024-03-07,406.119995,409.779999,402.23999,409.140015,18718500
MSFT,2024-03-08,407.959991,410.420013,404.329987,406.220001,18002200
MSFT,2024-03-11,403.76001,405.679993,401.26001,404.519989,16120800
MSFT,2024-03-12,407.619995,415.570007,406.790009,415.279999,22457000
MSFT,2024-03-13,418.100006,418.179993,411.450012,415.100006,17115900
MSFT,2024-03-14,420.23999,427.820007,417.98999,425.220001,34157300
MSFT,2024-03-15,419.290009,422.600006,412.790009,416.420013,45079900
MSFT,2024-03-18,414.25,420.730011,413.779999,417.320007,20106000
MSFT,2024-03-19,417.829987,421.670013,415.549988,421.410004,19837900
MSFT,2024-03-20,422.0,425.959991,420.660004,425.230011,17860100
MSFT,2024-03-21,429.829987,430.820007,427.160004,429.369995,21296200
MSFT,2024-03-22,429.700012,429.859985,426.070007,428.73999,17648500
MSFT,2024-03-25,425.23999,427.410004,421.609985,422.859985,18060500
MSFT,2024-03-26,425.609985,425.98999,421.350006,421.649994,16725600
MSFT,2024-03-27,424.440002,424.450012,419.01001,421.429993,16705000
MSFT,2024-03-28,420.959991,421.869995,419.119995,420.720001,21871200
MSFT,2024-04-01,423.950012,427.890015,422.220001,424.570007,16316000
MSFT,2024-04-02,420.109985,422.380005,417.839996,421.440002,17912000
MSFT,2024-04-03,419.730011,423.26001,419.089996,420.450012,16502300
MSFT,2024-04-04,424.98999,428.670013,417.570007,417.880005,19370900
MSFT,2024-04-05,420.01001,426.51001,418.320007,425.519989,16554800
MSFT,2024-04-08,425.170013,427.279999,423.299988,424.589996,14272400
MSFT,2024-04-09,426.440002,427.73999,421.619995,426.279999,12496900
MSFT,2024-04-10,422.190002,424.029999,419.700012,423.26001,16216600
MSFT,2024-04-11,425.820007,429.369995,422.359985,427.929993,17966400
MSFT,2024-04-12,424.049988,425.179993,419.769989,421.899994,19253800
MSFT,2024-04-15,426.600006,426.820007,413.429993,413.640015,20273500
MSFT,2024-04-16,414.570007,418.399994,413.730011,414.579987,16765600
MSFT,2024-04-17,417.25,418.880005,410.329987,411.839996,15855500
MSFT,2024-04-18,410.630005,411.890015,403.950012,404.269989,21029900
MSFT,2024-04-19,404.029999,405.480011,397.769989,399.119995,30565800
MSFT,2024-04-22,400.079987,402.850006,395.75,400.959991,20286900
MSFT,2024-04-23,404.23999,408.200012,403.059998,407.570007,15734500
MSFT,2024-04-24,409.559998,412.470001,406.779999,409.059998,15065300
MSFT,2024-04-25,394.029999,399.890015,388.029999,399.040009,40586500
MSFT,2024-04-26,412.170013,413.0,405.76001,406.320007,29694700
MSFT,2024-04-29,405.25,406.320007,399.190002,402.25,19582100
MSFT,2024-04-30,401.48999,402.160004,389.170013,389.329987,28781400
MSFT,2024-05-01,392.609985,401.720001,390.309998,394.940002,23562500
MSFT,2024-05-02,397.660004,399.929993,394.649994,397.839996,17709400
MSFT,2024-05-03,402.279999,407.149994,401.859985,406.660004,17446700
MSFT,2024-05-06,408.76001,413.929993,406.369995,413.540009,16996600
MSFT,2024-05-07,414.660004,414.670013,409.089996,409.339996,20018200
MSFT,2024-05-08,408.170013,412.230011,406.709991,410.540009,11792300
MSFT,2024-05-09,410.570007,412.720001,409.100006,412.320007,14689700
MSFT,2024-05-10,412.940002,415.380005,411.799988,414.73999,13402300
MSFT,2024-05-13,418.01001,418.350006,410.820007,413.720001,15440200
MSFT,2024-05-14,412.019989,417.48999,411.549988,416.559998,15109300
MSFT,2024-05-15,417.899994,423.809998,417.269989,423.079987,22239500
MSFT,2024-05-16,421.799988,425.420013,420.350006,420.98999,17530100
MSFT,2024-05-17,422.540009,422.920013,418.029999,420.209991,15352200
MSFT,2024-05-20,420.209991,426.769989,419.98999,425.339996,16272100
MSFT,2024-05-21,426.829987,432.970001,424.850006,429.040009,21453300
MSFT,2024-05-22,430.089996,432.410004,427.130005,430.519989,18073700
MSFT,2024-05-23,432.970001,433.600006,425.420013,427.0,17211700
MSFT,2024-05-24,427.190002,431.059998,424.410004,430.160004,11855300
MSFT,2024-05-28,429.630005,430.820007,426.600006,430.320007,15718000
MSFT,2024-05-29,425.690002,430.940002,425.690002,429.170013,15517100
MSFT,2024-05-30,424.299988,424.299988,414.23999,414.670013,28394500
MSFT,2024-05-31,416.75,416.75,404.51001,415.130005,47995300
MSFT,2024-06-03,415.529999,416.429993,408.920013,413.519989,17484700
MSFT,2024-06-04,412.429993,416.440002,409.679993,416.070007,14348900
MSFT,2024-06-05,417.809998,424.079987,416.299988,424.01001,16988000
MSFT,2024-06-06,424.01001,425.309998,420.579987,424.519989,14861300
MSFT,2024-06-07,426.200012,426.279999,423.0,423.850006,13621700
MSFT,2024-06-10,424.700012,428.079987,423.890015,427.869995,13982900
MSFT,2024-06-11,425.480011,432.820007,425.25,432.679993,14551100
MSFT,2024-06-12,435.320007,443.399994,433.25,441.059998,22366200
MSFT,2024-06-13,440.850006,443.390015,439.369995,441.579987,15960600
MSFT,2024-06-14,438.279999,443.140015,436.720001,442.570007,13582000
MSFT,2024-06-17,442.589996,450.940002,440.720001,448.369995,20790000
MSFT,2024-06-18,449.709991,450.140015,444.890015,446.339996,17112500
MSFT,2024-06-20,446.299988,446.529999,441.269989,445.700012,19877400
MSFT,2024-06-21,447.380005,450.579987,446.51001,449.779999,34187100
MSFT,2024-06-24,449.799988,452.75,446.410004,447.670013,15913700
MSFT,2024-06-25,448.25,451.420013,446.75,450.950012,16413400
MSFT,2024-06-26,449.0,453.600006,448.190002,452.160004,16507000
MSFT,2024-06-27,452.179993,456.170013,451.769989,452.850006,14806300
MSFT,2024-06-28,453.070007,455.380005,446.410004,446.950012,28362300
MSFT,2024-07-01,448.660004,457.369995,445.660004,456.730011,17662800
MSFT,2024-07-02,453.200012,459.589996,453.109985,459.279999,13979800
MSFT,2024-07-03,458.190002,461.019989,457.880005,460.769989,9932800
MSFT,2024-07-05,459.609985,468.350006,458.970001,467.559998,16000300
MSFT,2024-07-08,466.549988,467.700012,464.459991,466.23999,12962300
MSFT,2024-07-09,467.0,467.329987,458.0,459.540009,17207200
MSFT,2024-07-10,461.220001,466.459991,458.859985,466.25,18196100
MSFT,2024-07-11,462.980011,464.779999,451.549988,454.700012,23111200
MSFT,2024-07-12,454.329987,456.359985,450.649994,453.549988,16324300
MSFT,2024-07-15,453.299988,457.26001,451.429993,453.959991,14429400
MSFT,2024-07-16,454.220001,454.299988,446.660004,449.519989,17175700
MSFT,2024-07-17,442.589996,444.850006,439.179993,443.519989,21778000
MSFT,2024-07-18,444.339996,444.649994,434.399994,440.369995,20794800
MSFT,2024-07-19,433.100006,441.140015,432.0,437.109985,20940400
MSFT,2024-07-22,441.790009,444.600006,438.910004,442.940002,15808800
MSFT,2024-07-23,443.899994,448.390015,443.100006,444.850006,13107100
MSFT,2024-07-24,440.450012,441.480011,427.589996,428.899994,26805800
MSFT,2024-07-25,428.799988,429.799988,417.51001,418.399994,29943800
MSFT,2024-07-26,418.200012,428.920013,417.269989,425.269989,23583800
MSFT,2024-07-29,431.579987,432.149994,424.700012,426.730011,15125800
MSFT,2024-07-30,427.720001,429.049988,417.359985,422.920013,32687600
MSFT,2024-07-31,420.5,421.779999,412.209991,418.350006,42891400
MSFT,2024-08-01,420.790009,427.459991,413.089996,417.109985,30296400
MSFT,2024-08-02,412.48999,415.0,404.339996,408.48999,29437900
MSFT,2024-08-05,389.170013,401.040009,385.579987,395.149994,40709200
MSFT,2024-08-06,400.0,405.670013,398.5,399.609985,24946500
MSFT,2024-08-07,408.640015,410.079987,397.470001,398.429993,20650900
MSFT,2024-08-08,402.440002,405.859985,399.940002,402.690002,20203000
MSFT,2024-08-09,404.029999,408.049988,402.26001,406.019989,19276700
MSFT,2024-08-12,407.059998,408.76001,404.23999,406.809998,16762900
MSFT,2024-08-13,409.589996,414.950012,409.570007,414.01001,19414300
MSFT,2024-08-14,414.799988,417.720001,412.450012,416.859985,18267000
MSFT,2024-08-15,419.799988,421.109985,417.660004,421.029999,20752100
MSFT,2024-08-16,420.600006,421.339996,417.299988,418.470001,22775600
MSFT,2024-08-19,418.959991,421.75,416.459991,421.529999,15234000
MSFT,2024-08-20,421.700012,425.859985,421.640015,424.799988,16387600
MSFT,2024-08-21,424.079987,426.399994,421.720001,424.140015,16067300
MSFT,2024-08-22,424.359985,426.790009,414.609985,415.549988,19361900
MSFT,2024-08-23,416.980011,419.26001,412.089996,416.790009,18493800
MSFT,2024-08-26,416.369995,417.279999,411.339996,413.48999,13152800
MSFT,2024-08-27,412.859985,414.359985,410.25,413.839996,13492900
MSFT,2024-08-28,414.880005,415.0,407.309998,410.600006,14882700
MSFT,2024-08-29,414.940002,422.049988,410.600006,413.119995,17045200
MSFT,2024-08-30,415.600006,417.48999,412.130005,417.140015,24308300
MSFT,2024-09-03,417.910004,419.880005,407.029999,409.440002,20313600
MSFT,2024-09-04,405.910004,411.23999,404.369995,408.899994,15135800
MSFT,2024-09-05,407.619995,413.100006,406.130005,408.390015,14195500
MSFT,2024-09-06,409.059998,410.649994,400.799988,401.700012,19609500
MSFT,2024-09-09,407.23999,408.649994,402.149994,405.720001,15295100
MSFT,2024-09-10,408.200012,416.329987,407.700012,414.200012,19594300
MSFT,2024-09-11,415.5,423.98999,409.579987,423.040009,19266900
MSFT,2024-09-12,423.309998,427.369995,419.75,427.0,17395700
MSFT,2024-09-13,425.829987,431.829987,425.459991,430.589996,15874600
MSFT,2024-09-16,430.600006,433.529999,428.220001,431.339996,13834700
MSFT,2024-09-17,440.230011,441.850006,432.269989,435.149994,18874200
MSFT,2024-09-18,435.0,436.029999,430.410004,430.809998,18898000
MSFT,2024-09-19,441.230011,441.5,436.899994,438.690002,21706600
MSFT,2024-09-20,437.220001,439.23999,434.220001,435.269989,55167100
MSFT,2024-09-23,434.279999,436.459991,430.390015,433.51001,15128900
MSFT,2024-09-24,433.0,433.350006,426.100006,429.170013,17015800
MSFT,2024-09-25,429.829987,433.119995,428.570007,432.109985,13396400
MSFT,2024-09-26,435.089996,435.299988,429.130005,431.309998,14492000
MSFT,2024-09-27,431.519989,431.850006,427.470001,428.019989,14896100
MSFT,2024-09-30,428.209991,430.420013,425.369995,430.299988,16807300
MSFT,2024-10-01,428.450012,428.480011,418.809998,420.690002,19092900
MSFT,2024-10-02,422.579987,422.820007,416.709991,417.130005,16582300
MSFT,2024-10-03,417.630005,419.549988,414.290009,416.540009,13686400
MSFT,2024-10-04,418.23999,419.75,414.970001,416.059998,19169700
MSFT,2024-10-07,416.0,417.109985,409.0,409.540009,20919800
MSFT,2024-10-08,410.899994,415.660004,408.170013,414.709991,19229300
MSFT,2024-10-09,415.859985,420.380005,414.299988,417.459991,14974300
MSFT,2024-10-10,415.230011,417.350006,413.149994,415.839996,13848400
MSFT,2024-10-11,416.140015,417.130005,413.25,416.320007,14144900
MSFT,2024-10-14,417.769989,424.040009,417.519989,419.140015,16653100
MSFT,2024-10-15,422.179993,422.480011,415.26001,418.73999,18900200
MSFT,2024-10-16,415.170013,416.359985,410.480011,416.119995,15508900
MSFT,2024-10-17,422.359985,422.5,415.589996,416.720001,14820000
MSFT,2024-10-18,417.140015,419.649994,416.26001,418.160004,17145300
MSFT,2024-10-21,416.119995,418.959991,413.75,418.779999,14206100
MSFT,2024-10-22,418.48999,430.579987,418.040009,427.51001,25482200
MSFT,2024-10-23,430.859985,431.079987,422.529999,424.600006,19654400
MSFT,2024-10-24,425.329987,425.980011,422.399994,424.730011,13581600
MSFT,2024-10-25,426.76001,432.519989,426.570007,428.149994,16899100
MSFT,2024-10-28,431.660004,431.940002,426.299988,426.589996,14882400
MSFT,2024-10-29,428.0,433.170013,425.799988,431.950012,17644100
MSFT,2024-10-30,437.440002,438.5,432.100006,432.529999,29749100
MSFT,2024-10-31,415.359985,416.160004,406.299988,406.350006,53971000
MSFT,2024-11-01,409.01001,415.5,407.5,410.369995,24230400
MSFT,2024-11-04,409.799988,410.420013,405.570007,408.459991,19672300
MSFT,2024-11-05,408.369995,414.899994,408.079987,411.459991,17626000
MSFT,2024-11-06,412.420013,420.450012,410.519989,420.179993,26681800
MSFT,2024-11-07,421.279999,426.850006,419.880005,425.429993,19901800
MSFT,2024-11-08,425.320007,426.5,421.779999,422.540009,16891400
MSFT,2024-11-11,422.519989,424.809998,416.0,418.01001,24503300
MSFT,2024-11-12,418.25,424.440002,417.200012,423.029999,19401200
MSFT,2024-11-13,421.640015,429.329987,418.209991,425.200012,21502200
MSFT,2024-11-14,425.0,428.170013,420.0,426.890015,30246900
MSFT,2024-11-15,419.820007,422.799988,413.640015,415.0,28247600
MSFT,2024-11-18,414.869995,418.399994,412.100006,415.76001,24727000
MSFT,2024-11-19,413.109985,417.940002,411.549988,417.790009,18133500
MSFT,2024-11-20,416.869995,417.290009,410.579987,415.48999,19191700
MSFT,2024-11-21,419.5,419.779999,410.290009,412.869995,20780200
MSFT,2024-11-22,411.369995,417.399994,411.059998,417.0,24814600
MSFT,2024-11-25,418.380005,421.079987,414.850006,418.790009,27691100
MSFT,2024-11-26,419.589996,429.040009,418.850006,427.98999,23458900
MSFT,2024-11-27,425.109985,427.230011,422.019989,422.98999,18332400
MSFT,2024-11-29,420.089996,424.880005,417.799988,423.459991,16271900
MSFT,2024-12-02,421.570007,433.0,421.309998,430.980011,20207200
MSFT,2024-12-03,429.839996,432.470001,427.73999,431.200012,18302000
MSFT,2024-12-04,433.029999,439.670013,432.630005,437.420013,26009400
MSFT,2024-12-05,437.920013,444.660004,436.170013,442.619995,21697800
MSFT,2024-12-06,442.299988,446.100006,441.769989,443.570007,18821000
MSFT,2024-12-09,442.600006,448.329987,440.5,446.019989,19144400
MSFT,2024-12-10,444.390015,449.619995,441.600006,443.329987,18469500
MSFT,2024-12-11,444.049988,450.350006,444.049988,448.98999,19200200
MSFT,2024-12-12,449.109985,456.160004,449.109985,449.559998,20834800
MSFT,2024-12-13,448.440002,451.429993,445.579987,447.269989,20177800
MSFT,2024-12-16,447.269989,452.179993,445.279999,451.589996,23598800
MSFT,2024-12-17,451.01001,455.290009,449.570007,454.459991,22733500
MSFT,2024-12-18,451.320007,452.649994,437.019989,437.390015,24444500
MSFT,2024-12-19,441.619995,443.179993,436.320007,437.029999,22963700
MSFT,2024-12-20,433.109985,443.73999,428.630005,436.600006,64263700
MSFT,2024-12-23,436.73999,437.649994,432.829987,435.25,19152500
MSFT,2024-12-24,434.649994,439.600006,434.190002,439.329987,7164500
MSFT,2024-12-26,439.079987,440.940002,436.630005,438.109985,8194200
MSFT,2024-12-27,434.600006,435.220001,426.350006,430.529999,18117700
MSFT,2024-12-30,426.059998,427.549988,421.899994,424.829987,13158700
MSFT,2024-12-31,426.100006,426.730011,420.660004,421.5,13246500
MSFT,2025-01-02,425.529999,426.070007,414.850006,418.579987,16896500
MSFT,2025-01-03,421.079987,424.029999,419.540009,423.350006,16662900
MSFT,2025-01-06,428.0,434.320007,425.480011,427.850006,20573600
MSFT,2025-01-07,429.0,430.649994,420.799988,422.369995,18139100
MSFT,2025-01-08,423.459991,426.970001,421.540009,424.559998,15054600
MSFT,2025-01-10,424.630005,424.709991,415.019989,418.950012,20201100
MSFT,2025-01-13,415.23999,418.5,412.290009,417.190002,17604800
MSFT,2025-01-14,417.809998,419.73999,410.720001,415.670013,16935900
MSFT,2025-01-15,419.130005,428.149994,418.269989,426.309998,19637800
MSFT,2025-01-16,428.700012,429.48999,424.390015,424.579987,15300000
MSFT,2025-01-17,434.089996,434.480011,428.170013,429.029999,26197500
MSFT,2025-01-21,430.200012,430.899994,425.600006,428.5,26085700
MSFT,2025-01-22,437.559998,447.269989,436.0,446.200012,27803800
MSFT,2025-01-23,442.0,446.75,441.5,446.709991,18389300
MSFT,2025-01-24,445.160004,446.649994,441.399994,444.059998,15549500
MSFT,2025-01-27,424.01001,435.200012,423.5,434.559998,35647800
MSFT,2025-01-28,434.600006,448.380005,431.380005,447.200012,23491700
MSFT,2025-01-29,446.690002,446.880005,440.399994,442.329987,23581400
MSFT,2025-01-30,418.769989,422.859985,413.160004,414.98999,54586300
MSFT,2025-01-31,418.980011,420.690002,414.910004,415.059998,34161900
MSFT,2025-02-03,411.600006,415.410004,408.660004,410.920013,25679100
MSFT,2025-02-04,412.690002,413.920013,409.73999,412.369995,20532100
MSFT,2025-02-05,412.350006,413.829987,410.399994,413.290009,16316700
MSFT,2025-02-06,414.0,418.200012,414.0,415.820007,16309800
MSFT,2025-02-07,416.480011,418.649994,408.100006,409.75,22886800
MSFT,2025-02-10,413.709991,415.459991,410.920013,412.220001,20817900
MSFT,2025-02-11,409.640015,412.48999,409.299988,411.440002,18140600
MSFT,2025-02-12,407.209991,410.75,404.369995,409.040009,19121700
MSFT,2025-02-13,407.0,411.0,406.359985,410.540009,23891700
MSFT,2025-02-14,407.790009,408.910004,405.880005,408.429993,22758500
MSFT,2025-02-18,408.0,410.600006,406.5,409.640015,21423100
MSFT,2025-02-19,407.880005,415.48999,407.649994,414.769989,24114200
MSFT,2025-02-20,415.290009,419.309998,412.540009,416.130005,23508700
MSFT,2025-02-21,417.339996,418.049988,407.890015,408.209991,27524800
MSFT,2025-02-24,408.51001,409.369995,399.320007,404.0,26443700
MSFT,2025-02-25,401.100006,401.920013,396.700012,397.899994,29387400
MSFT,2025-02-26,398.01001,403.600006,394.25,399.730011,19619000
MSFT,2025-02-27,401.269989,405.73999,392.170013,392.529999,21127400
MSFT,2025-02-28,392.660004,397.630005,386.570007,396.98999,32845700
MSFT,2025-03-03,398.820007,398.820007,386.160004,388.48999,23007700
MSFT,2025-03-04,383.399994,392.579987,381.0,388.609985,29342900
MSFT,2025-03-05,389.339996,401.670013,388.809998,401.019989,23433100
MSFT,2025-03-06,394.279999,402.149994,392.679993,396.890015,23304600
MSFT,2025-03-07,392.320007,394.799988,385.540009,393.309998,22034100
MSFT,2025-03-10,385.839996,386.399994,377.220001,380.160004,32840100
MSFT,2025-03-11,379.0,386.0,376.910004,380.450012,30380200
MSFT,2025-03-12,382.950012,385.220001,378.950012,383.269989,24253600
MSFT,2025-03-13,383.160004,385.320007,377.450012,378.769989,20473000
MSFT,2025-03-14,379.779999,390.230011,379.51001,388.559998,19952800
MSFT,2025-03-17,386.700012,392.709991,385.570007,388.700012,22474300
MSFT,2025-03-18,387.070007,387.369995,381.100006,383.519989,19486900
MSFT,2025-03-19,385.529999,389.679993,384.0,387.820007,19185500
MSFT,2025-03-20,385.73999,391.790009,383.279999,386.839996,18470500
MSFT,2025-03-21,383.220001,391.73999,382.799988,391.26001,39675900
MSFT,2025-03-24,395.399994,395.399994,389.809998,393.079987,21004500
MSFT,2025-03-25,393.920013,396.359985,392.640015,395.160004,15775000
MSFT,2025-03-26,395.0,395.309998,388.570007,389.970001,16108400
MSFT,2025-03-27,390.130005,392.23999,387.399994,390.579987,13766800
MSFT,2025-03-28,388.079987,389.130005,376.929993,378.799988,21632000
MSFT,2025-03-31,372.540009,377.070007,367.23999,375.390015,35184700
MSFT,2025-04-01,374.649994,382.850006,373.230011,382.190002,19689500
MSFT,2025-04-02,377.970001,385.079987,376.619995,382.140015,16092600
MSFT,2025-04-03,374.790009,377.480011,369.350006,373.109985,30198000
MSFT,2025-04-04,364.130005,374.589996,359.480011,359.839996,49209900
MSFT,2025-04-07,350.880005,371.0,344.790009,357.859985,50425000
MSFT,2025-04-08,368.26001,373.649994,350.25,354.559998,35868900
MSFT,2025-04-09,353.540009,393.230011,353.100006,390.48999,50199700
MSFT,2025-04-10,382.059998,383.899994,367.799988,381.350006,38024400
MSFT,2025-04-11,380.640015,390.049988,378.890015,388.450012,23839200
MSFT,2025-04-14,393.220001,394.649994,384.209991,387.809998,19251200
MSFT,2025-04-15,388.51001,391.890015,384.160004,385.730011,17199900
MSFT,2025-04-16,380.670013,381.609985,368.0,371.609985,21967800
MSFT,2025-04-17,373.75,374.320007,366.890015,367.779999,21120200
MSFT,2025-04-21,362.820007,364.480011,355.670013,359.119995,20807300
MSFT,2025-04-22,363.380005,367.769989,359.859985,366.820007,19485000
MSFT,2025-04-23,376.059998,380.390015,373.019989,374.390015,20545500
MSFT,2025-04-24,375.700012,388.450012,375.190002,387.299988,22232300
MSFT,2025-04-25,387.0,392.160004,384.600006,391.850006,18973200
MSFT,2025-04-28,391.959991,392.73999,386.640015,391.160004,16579400
MSFT,2025-04-29,391.299988,395.100006,390.380005,394.040009,14974000
MSFT,2025-04-30,390.299988,396.660004,384.440002,395.26001,36461100
MSFT,2025-05-01,431.109985,436.98999,424.899994,425.399994,58938100
MSFT,2025-05-02,431.73999,439.440002,429.98999,435.279999,30757400
MSFT,2025-05-05,432.869995,439.5,432.109985,436.170013,20136100
MSFT,2025-05-06,432.200012,437.730011,431.170013,433.309998,15104200
MSFT,2025-05-07,433.839996,438.119995,431.109985,433.350006,23295300
MSFT,2025-05-08,437.929993,443.670013,435.660004,438.170013,23491300
MSFT,2025-05-09,440.0,440.73999,435.880005,438.730011,15324200
MSFT,2025-05-12,445.940002,449.369995,439.779999,449.26001,22821900
MSFT,2025-05-13,447.779999,450.670013,445.359985,449.140015,23618800
MSFT,2025-05-14,448.140015,453.899994,448.140015,452.940002,19902800
MSFT,2025-05-15,450.769989,456.190002,450.429993,453.130005,21992300
MSFT,2025-05-16,452.049988,454.359985,448.730011,454.269989,23849800
MSFT,2025-05-19,450.880005,459.589996,450.799988,458.869995,21336500
MSFT,2025-05-20,455.589996,458.339996,454.320007,458.170013,15441800
MSFT,2025-05-21,454.570007,457.779999,451.809998,452.570007,19216900
MSFT,2025-05-22,454.950012,460.25,453.899994,454.859985,18025600
MSFT,2025-05-23,449.980011,453.690002,448.910004,450.179993,16883500
MSFT,2025-05-27,456.480011,460.950012,456.119995,460.690002,20974300
MSFT,2025-05-28,461.220001,462.519989,456.929993,457.359985,17086300
MSFT,2025-05-29,461.549988,461.720001,455.309998,458.679993,13974800
MSFT,2025-05-30,459.720001,461.679993,455.540009,460.359985,34770500
MSFT,2025-06-02,457.140015,462.109985,456.890015,461.970001,16626500
MSFT,2025-06-03,461.470001,464.140015,460.859985,462.970001,15743800
MSFT,2025-06-04,464.0,465.690002,463.019989,463.869995,14162700
MSFT,2025-06-05,464.959991,469.649994,464.029999,467.679993,20131700
MSFT,2025-06-06,470.089996,473.339996,468.779999,470.380005,15285600
MSFT,2025-06-09,469.700012,473.429993,468.619995,472.75,16469900
MSFT,2025-06-10,471.190002,472.799988,466.959991,470.920013,15375900
MSFT,2025-06-11,470.019989,475.470001,469.660004,472.619995,16399200
MSFT,2025-06-12,475.019989,480.420013,473.519989,478.869995,18950600
MSFT,2025-06-13,476.410004,479.179993,472.76001,474.959991,16814500
MSFT,2025-06-16,475.209991,480.690002,475.0,479.140015,15626100
MSFT,2025-06-17,475.399994,478.73999,474.079987,478.040009,15414100
MSFT,2025-06-18,478.0,481.0,474.459991,480.23999,17526500
MSFT,2025-06-20,482.230011,483.459991,476.869995,477.399994,37576200
MSFT,2025-06-23,478.209991,487.75,472.51001,486.0,24864000
MSFT,2025-06-24,488.950012,491.850006,486.799988,490.109985,22305600
MSFT,2025-06-25,492.040009,494.559998,489.390015,492.269989,17495100
MSFT,2025-06-26,492.980011,498.040009,492.809998,497.450012,21578900
MSFT,2025-06-27,497.549988,499.299988,493.029999,495.940002,34539200
MSFT,2025-06-30,497.040009,500.76001,495.329987,497.410004,28369000
MSFT,2025-07-01,496.470001,498.049988,490.980011,492.049988,19945400
MSFT,2025-07-02,489.98999,493.5,488.700012,491.089996,16319600
MSFT,2025-07-03,493.809998,500.130005,493.440002,498.839996,13984800
MSFT,2025-07-07,497.380005,498.75,495.230011,497.720001,13981600
MSFT,2025-07-08,497.23999,498.200012,494.109985,496.619995,11846600
MSFT,2025-07-09,500.299988,506.779999,499.73999,503.51001,18659500
MSFT,2025-07-10,503.049988,504.440002,497.75,501.480011,16492100
MSFT,2025-07-11,498.470001,505.029999,497.799988,503.320007,16459500
MSFT,2025-07-14,501.519989,503.970001,501.029999,503.019989,12058800
MSFT,2025-07-15,503.019989,508.299988,502.790009,505.820007,14927200
MSFT,2025-07-16,505.179993,506.720001,501.890015,505.619995,15154400
MSFT,2025-07-17,505.679993,513.369995,505.619995,511.700012,17503100
MSFT,2025-07-18,514.47998,514.640015,507.429993,510.049988,21209700
MSFT,2025-07-21,506.709991,512.090027,505.549988,510.059998,14066800
MSFT,2025-07-22,510.970001,511.200012,505.269989,505.269989,13868600
MSFT,2025-07-23,506.75,506.790009,500.700012,505.869995,16396600
MSFT,2025-07-24,508.769989,513.669983,507.299988,510.880005,16107000
MSFT,2025-07-25,512.469971,518.289978,510.359985,513.710022,19125700
MSFT,2025-07-28,514.080017,515.0,510.119995,512.5,14308000
MSFT,2025-07-29,515.530029,517.619995,511.559998,512.570007,16469200
MSFT,2025-07-30,515.169983,515.950012,509.440002,513.23999,26380400
MSFT,2025-07-31,555.22998,555.450012,531.900024,533.5,51617300
MSFT,2025-08-01,535.0,535.799988,520.859985,524.109985,28977600
MSFT,2025-08-04,528.27002,538.25,528.130005,535.640015,25349000
MSFT,2025-08-05,537.179993,537.299988,527.23999,527.75,19171600
MSFT,2025-08-06,530.900024,531.700012,524.030029,524.940002,21355700
MSFT,2025-08-07,526.799988,528.090027,517.549988,520.840027,16079100
MSFT,2025-08-08,522.599976,524.659973,519.409973,522.039978,15531000
MSFT,2025-08-11,522.299988,527.590027,519.719971,521.77002,20194400
MSFT,2025-08-12,523.75,530.97998,522.700012,529.23999,18667000
MSFT,2025-08-13,532.109985,532.700012,519.369995,520.580017,19619200
MSFT,2025-08-14,522.559998,525.950012,520.140015,522.47998,20269100
MSFT,2025-08-15,522.77002,526.099976,519.080017,520.169983,25213300
MSFT,2025-08-18,521.590027,522.820007,514.02002,517.099976,23760600
MSFT,2025-08-19,515.0,515.159973,508.549988,509.769989,21481000
MSFT,2025-08-20,509.869995,511.0,504.440002,505.720001,27723000
MSFT,2025-08-21,503.690002,507.630005,502.720001,504.23999,18443300
MSFT,2025-08-22,504.25,510.730011,502.410004,507.230011,24324200
MSFT,2025-08-25,506.630005,508.190002,504.119995,504.26001,21638600
MSFT,2025-08-26,504.359985,504.980011,498.51001,502.040009,30835700
MSFT,2025-08-27,502.0,507.290009,499.899994,506.73999,17277900
MSFT,2025-08-28,507.089996,511.089996,505.5,509.640015,18015600
MSFT,2025-08-29,508.660004,509.600006,504.48999,506.690002,20961600
MSFT,2025-09-02,500.470001,506.0,496.809998,505.119995,18128000
MSFT,2025-09-03,503.790009,507.790009,502.320007,505.350006,16345100
MSFT,2025-09-04,504.299988,508.149994,503.149994,507.970001,15509500
MSFT,2025-09-05,509.070007,511.970001,492.369995,495.0,31994800
MSFT,2025-09-08,498.109985,501.200012,495.029999,498.200012,16771000
MSFT,2025-09-09,501.429993,502.25,497.700012,498.410004,14410500
MSFT,2025-09-10,502.980011,503.230011,496.720001,500.369995,21611800
MSFT,2025-09-11,502.25,503.170013,497.880005,501.01001,18881600
MSFT,2025-09-12,506.649994,512.549988,503.850006,509.899994,23624900
MSFT,2025-09-15,508.790009,515.469971,507.0,515.359985,17143800
MSFT,2025-09-16,516.880005,517.22998,508.600006,509.040009,19711900
MSFT,2025-09-17,510.619995,511.290009,505.929993,510.019989,15816600
MSFT,2025-09-18,511.48999,513.070007,507.660004,508.450012,18913700
MSFT,2025-09-19,510.559998,519.299988,510.309998,517.929993,52474100
MSFT,2025-09-22,515.590027,517.73999,512.539978,514.450012,20009300
MSFT,2025-09-23,513.799988,514.590027,507.309998,509.230011,19799600
MSFT,2025-09-24,510.380005,512.47998,506.920013,510.149994,13533700
MSFT,2025-09-25,508.299988,510.01001,505.040009,507.029999,15786500
MSFT,2025-09-26,510.059998,513.940002,506.619995,511.459991,16213100
MSFT,2025-09-29,511.5,516.849976,508.880005,514.599976,17617800
MSFT,2025-09-30,513.23999,518.159973,509.660004,517.950012,19728200
MSFT,2025-10-01,514.799988,520.51001,511.690002,519.710022,22632300
MSFT,2025-10-02,517.640015,521.599976,510.679993,515.73999,21222900
MSFT,2025-10-03,517.099976,520.48999,515.0,517.349976,15112300
MSFT,2025-10-06,518.609985,531.030029,518.200012,528.570007,21388600
MSFT,2025-10-07,528.289978,529.799988,521.440002,523.97998,14615200
MSFT,2025-10-08,523.280029,526.950012,523.090027,524.849976,13363400
MSFT,2025-10-09,522.340027,524.330017,517.400024,522.400024,18343600
MSFT,2025-10-10,519.640015,523.580017,509.630005,510.959991,24133800
MSFT,2025-10-13,516.409973,516.409973,511.679993,514.049988,14284200
MSFT,2025-10-14,510.230011,515.280029,506.0,513.570007,14684300
MSFT,2025-10-15,514.960022,517.190002,510.0,513.429993,14694700
MSFT,2025-10-16,512.580017,516.849976,508.130005,511.609985,15559600
MSFT,2025-10-17,509.040009,515.47998,507.309998,513.580017,19867800
MSFT,2025-10-20,514.609985,518.700012,513.429993,516.789978,14665600
MSFT,2025-10-21,517.5,518.690002,513.039978,517.659973,15586200
MSFT,2025-10-22,521.150024,525.22998,517.710022,520.539978,18962700
MSFT,2025-10-23,522.460022,523.950012,518.609985,520.559998,14023500
MSFT,2025-10-24,522.789978,525.349976,520.710022,523.609985,15532400
MSFT,2025-10-27,531.780029,534.580017,529.01001,531.52002,18734700
MSFT,2025-10-28,550.0,553.719971,540.77002,542.070007,29986700
MSFT,2025-10-29,544.940002,546.27002,536.72998,541.549988,36023000
MSFT,2025-10-30,530.47998,534.969971,522.119995,525.76001,41023100
MSFT,2025-10-31,528.880005,529.320007,515.099976,517.809998,34006400
MSFT,2025-11-03,519.809998,524.960022,514.590027,517.030029,22374700
MSFT,2025-11-04,511.76001,515.549988,507.839996,514.330017,20958700
MSFT,2025-11-05,513.299988,514.830017,506.579987,507.160004,23024300
MSFT,2025-11-06,505.660004,505.700012,495.809998,497.100006,27406500
MSFT,2025-11-07,496.950012,499.380005,493.25,496.820007,24019800
MSFT,2025-11-10,500.040009,506.850006,498.799988,506.0,26101500
MSFT,2025-11-11,504.799988,509.600006,502.350006,508.679993,17980000
MSFT,2025-11-12,509.359985,511.670013,499.119995,511.140015,26574900
MSFT,2025-11-13,510.309998,513.5,501.290009,503.290009,25273100
MSFT,2025-11-14,498.230011,511.600006,497.440002,510.179993,28505700
MSFT,2025-11-17,508.450012,512.119995,504.910004,507.48999,19092800
MSFT,2025-11-18,495.369995,502.980011,486.779999,493.790009,33815100
MSFT,2025-11-19,490.100006,495.190002,482.829987,487.119995,23245300
MSFT,2025-11-20,492.709991,493.570007,475.5,478.429993,26802500
MSFT,2025-11-21,478.5,478.920013,468.269989,472.119995,31769200
MSFT,2025-11-24,475.0,476.899994,468.019989,474.0,34421000
MSFT,2025-11-25,474.070007,479.149994,464.890015,476.98999,28019800
MSFT,2025-11-26,486.309998,488.309998,481.200012,485.5,25709100
MSFT,2025-11-28,487.600006,492.630005,486.649994,492.01001,14386700
MSFT,2025-12-01,488.440002,489.859985,484.649994,486.73999,23964000
MSFT,2025-12-02,486.720001,493.5,486.320007,490.0,19562700
MSFT,2025-12-03,476.320007,484.23999,475.200012,477.730011,34615100
MSFT,2025-12-04,479.76001,481.320007,476.48999,480.839996,22318200
MSFT,2025-12-05,482.519989,483.399994,478.880005,483.160004,22608700
MSFT,2025-12-08,484.890015,492.299988,484.380005,491.019989,21965900
MSFT,2025-12-09,489.100006,492.119995,488.5,492.019989,14696100
MSFT,2025-12-10,484.029999,484.25,475.079987,478.559998,35756200
MSFT,2025-12-11,476.630005,486.029999,475.859985,483.470001,24669200
MSFT,2025-12-12,479.820007,482.450012,476.339996,478.529999,21248100
MSFT,2025-12-15,480.100006,480.720001,472.519989,474.820007,23727700
MSFT,2025-12-16,471.910004,477.890015,470.880005,476.390015,20705600
MSFT,2025-12-17,476.910004,480.0,475.0,476.119995,24527200
MSFT,2025-12-18,478.190002,489.600006,477.890015,483.980011,28573500
MSFT,2025-12-19,487.359985,487.850006,482.48999,485.920013,70836100
MSFT,2025-12-22,486.119995,488.730011,482.690002,484.920013,16963000
MSFT,2025-12-23,484.980011,487.829987,484.73999,486.850006,14683600
MSFT,2025-12-24,485.679993,489.160004,484.829987,488.019989,5855900
MSFT,2025-12-26,486.709991,488.119995,485.959991,487.709991,8842200
MSFT,2025-12-29,484.859985,488.350006,484.179993,487.100006,10893400
MSFT,2025-12-30,485.929993,489.679993,485.5,487.480011,13944500
MSFT,2025-12-31,487.839996,488.140015,483.299988,483.619995,15601600
MSFT,2026-01-02,484.390015,484.660004,470.160004,472.940002,25571600
MSFT,2026-01-05,474.059998,476.070007,469.5,472.850006,25250300
MSFT,2026-01-06,473.799988,478.73999,469.75,478.51001,23037700
MSFT,2026-01-07,479.76001,489.700012,477.950012,483.470001,25564200
MSFT,2026-01-08,481.23999,482.660004,475.859985,478.109985,18162600
MSFT,2026-01-09,474.059998,479.820007,472.200012,479.279999,18491000
MSFT,2026-01-12,476.670013,480.98999,475.679993,477.179993,23519900
MSFT,2026-01-13,474.679993,475.779999,465.950012,470.670013,28545800
MSFT,2026-01-14,466.459991,468.200012,457.170013,459.380005,28184300
MSFT,2026-01-15,464.119995,464.25,455.899994,456.660004,23225800
MSFT,2026-01-16,457.829987,463.190002,456.480011,459.859985,34246700
MSFT,2026-01-20,451.220001,456.799988,449.279999,454.519989,26130000
MSFT,2026-01-21,452.600006,452.690002,438.679993,444.109985,37980500
MSFT,2026-01-22,447.619995,452.839996,444.700012,451.140015,25349400
MSFT,2026-01-23,451.869995,471.100006,450.529999,465.950012,38000200
MSFT,2026-01-26,465.309998,474.25,462.0,470.279999,29291200
MSFT,2026-01-27,473.700012,482.869995,473.160004,480.579987,29213900
MSFT,2026-01-28,483.209991,483.73999,478.0,481.630005,36875400
MSFT,2026-01-29,439.98999,442.5,421.019989,433.5,128855300
MSFT,2026-01-30,439.170013,439.600006,426.450012,430.290009,58566800
MSFT,2026-02-02,430.23999,430.73999,422.25,423.369995,42219900
MSFT,2026-02-03,422.01001,422.049988,408.559998,411.209991,61424100
MSFT,2026-02-04,411.0,419.799988,409.23999,414.190002,45012400
MSFT,2026-02-05,407.440002,408.299988,392.320007,393.670013,66289200
MSFT,2026-02-06,399.170013,401.790009,392.920013,401.140015,53515300
MSFT,2026-02-09,404.850006,414.890015,400.869995,413.600006,45480500
MSFT,2026-02-10,419.619995,423.679993,412.700012,413.269989,44857900
MSFT,2026-02-11,416.179993,416.459991,401.01001,404.369995,42491000
MSFT,2026-02-12,405.0,406.200012,398.01001,401.839996,40802400
MSFT,2026-02-13,404.450012,405.540009,398.049988,401.320007,34091600
MSFT,2026-02-17,399.220001,400.519989,394.529999,396.859985,32078800
MSFT,2026-02-18,398.130005,402.559998,396.320007,399.600006,23223400
MSFT,2026-02-19,400.690002,404.429993,396.670013,398.459991,28234000
MSFT,2026-02-20,396.109985,400.119995,395.160004,397.230011,34015200
MSFT,2026-02-23,395.0,395.359985,383.100006,384.470001,43238300
MSFT,2026-02-24,384.140015,389.359985,381.709991,389.0,33884700
MSFT,2026-02-25,390.529999,401.470001,390.160004,400.600006,43625500
MSFT,2026-02-26,404.709991,407.48999,398.73999,401.720001,34405900
MSFT,2026-02-27,390.880005,396.820007,389.880005,392.73999,51367200
MSFT,2026-03-02,392.859985,401.190002,390.630005,398.549988,35474900
MSFT,2026-03-03,393.140015,406.700012,392.670013,403.929993,38199200
MSFT,2026-03-04,401.269989,411.029999,400.309998,405.200012,35808000
MSFT,2026-03-05,404.420013,411.609985,404.399994,410.679993,39001300
MSFT,2026-03-06,409.200012,413.049988,408.51001,408.959991,31123900
MSFT,2026-03-09,404.920013,410.209991,403.5,409.410004,30131900
MSFT,2026-03-10,410.029999,410.200012,402.929993,405.76001,31706400
MSFT,2026-03-11,405.570007,409.01001,401.589996,404.880005,25512100
MSFT,2026-03-12,404.630005,406.119995,401.709991,401.859985,27263900
MSFT,2026-03-13,401.0,404.799988,394.25,395.549988,26848000
MSFT,2026-03-16,398.070007,400.630005,394.790009,399.950012,27733700
MSFT,2026-03-17,400.269989,404.399994,397.75,399.410004,26228300
MSFT,2026-03-18,397.130005,398.0,391.0,391.790009,25908500
MSFT,2026-03-19,390.100006,392.48999,387.059998,389.019989,25138800
MSFT,2026-03-20,386.790009,387.0,380.119995,381.869995,50853200
MSFT,2026-03-23,383.899994,387.209991,381.679993,383.0,29680100
MSFT,2026-03-24,382.359985,382.470001,371.850006,372.73999,42733600
MSFT,2026-03-25,376.920013,377.059998,369.630005,371.040009,31181200
MSFT,2026-03-26,370.820007,374.720001,365.190002,365.970001,36836600
MSFT,2026-03-27,361.899994,362.450012,356.51001,356.769989,37883400
MSFT,2026-03-30,361.899994,365.359985,356.279999,358.959991,44797000
MSFT,2026-03-31,364.549988,372.899994,363.070007,370.170013,45244400
MSFT,2026-04-01,373.48999,373.98999,368.200012,369.369995,29417200
MSFT,2026-04-02,367.209991,373.640015,364.149994,373.459991,24099100
MSFT,2026-04-06,373.48999,373.730011,369.5,372.880005,16146600
MSFT,2026-04-07,370.339996,372.450012,366.559998,372.290009,21443300
MSFT,2026-04-08,384.980011,385.0,371.410004,374.329987,33064800
MSFT,2026-04-09,372.5,373.5,367.049988,373.070007,30435300
MSFT,2026-04-10,372.980011,375.640015,370.029999,370.869995,28111100
MSFT,2026-04-13,373.609985,384.540009,371.019989,384.369995,35745800
MSFT,2026-04-14,387.920013,394.690002,386.519989,393.109985,37504500
MSFT,2026-04-15,398.0,414.369995,396.730011,411.220001,45063400
MSFT,2026-04-16,419.859985,420.820007,412.140015,420.26001,41642400
MSFT,2026-04-17,424.820007,431.579987,420.690002,422.790009,48568200
MSFT,2026-04-20,421.149994,423.329987,416.299988,418.070007,27582200
MSFT,2026-04-21,420.23999,427.179993,417.200012,424.160004,32048500
MSFT,2026-04-22,426.190002,433.700012,423.670013,432.920013,29378200
MSFT,2026-04-23,419.890015,423.660004,411.410004,415.75,38308000
MSFT,2026-04-24,416.970001,424.950012,415.799988,424.619995,27457400
MSFT,2026-04-27,422.380005,427.109985,417.070007,424.820007,30867300
MSFT,2026-04-28,424.570007,429.920013,421.899994,429.25,30438100
MSFT,2026-04-29,424.579987,426.820007,420.290009,424.459991,38288300
MSFT,2026-04-30,410.809998,414.420013,398.01001,407.779999,70909400
MSFT,2026-05-01,412.799988,417.109985,410.440002,414.440002,31372400
MSFT,2026-05-04,411.540009,420.779999,410.799988,413.619995,28066500
MSFT,2026-05-05,415.320007,416.779999,408.799988,411.380005,25700900
MSFT,2026-05-06,408.0,418.420013,405.109985,413.959991,30285900
MSFT,2026-05-07,420.109985,427.980011,418.76001,420.769989,34942400
MSFT,2026-05-08,417.390015,418.630005,414.0,415.119995,33383800
MSFT,2026-05-11,407.869995,412.690002,405.5,412.660004,35657900
MSFT,2026-05-12,414.480011,415.5,406.640015,407.769989,38594200
MSFT,2026-05-13,403.200012,406.309998,401.029999,405.209991,29667100
MSFT,2026-05-14,404.480011,411.839996,400.880005,409.429993,27077500
MSFT,2026-05-15,414.269989,428.170013,412.910004,421.920013,50771200
MSFT,2026-05-18,416.619995,425.119995,415.609985,423.540009,32564100
MSFT,2026-05-19,429.899994,432.700012,416.48999,417.420013,32942800
NVDA,2021-05-21,15.16375,15.222,14.8695,14.99175,672992000
NVDA,2021-05-24,15.2125,15.745,15.176,15.612,554816000
NVDA,2021-05-25,15.766,15.8185,15.4825,15.64775,435408000
NVDA,2021-05-26,15.73425,15.79375,15.58625,15.7,370440000
NVDA,2021-05-27,15.69975,15.75,15.46,15.488,581476000
NVDA,2021-05-28,15.501,16.2775,15.501,16.244499,644536000
NVDA,2021-06-01,16.27,16.38825,15.90325,16.2645,472804000
NVDA,2021-06-02,16.252251,16.918751,16.2355,16.77825,594168000
NVDA,2021-06-03,16.70075,17.259001,16.583,16.969749,580008000
NVDA,2021-06-04,17.112499,17.660999,17.095501,17.578251,617120000
NVDA,2021-06-07,17.571251,17.8125,17.192751,17.618999,575756000
NVDA,2021-06-08,17.52725,17.6215,17.250999,17.457001,323848000
NVDA,2021-06-09,17.515751,17.575001,17.255751,17.35825,381656000
NVDA,2021-06-10,17.35,17.492001,17.176001,17.424999,287772000
NVDA,2021-06-11,17.4795,17.939251,17.44375,17.825251,416308000
NVDA,2021-06-14,17.906,18.039499,17.66275,18.018749,321376000
NVDA,2021-06-15,17.915001,18.016251,17.728001,17.7885,243032000
NVDA,2021-06-16,17.790751,17.95475,17.584499,17.810249,307124000
NVDA,2021-06-17,17.7745,18.834999,17.75625,18.657249,809656000
NVDA,2021-06-18,18.784,19.375,18.584,18.63875,968856000
NVDA,2021-06-21,18.435249,18.536501,17.82275,18.42725,672384000
NVDA,2021-06-22,18.4715,18.963751,18.386,18.886749,580144000
NVDA,2021-06-23,19.00775,19.15275,18.907749,19.057249,332356000
NVDA,2021-06-24,19.227751,19.42,19.088249,19.2055,320924000
NVDA,2021-06-25,19.2805,19.345501,18.894501,19.031,278364000
NVDA,2021-06-28,19.36125,20.078751,19.319,19.985001,495436000
NVDA,2021-06-29,19.8825,20.098749,19.657,20.026751,367632000
NVDA,2021-06-30,19.99925,20.1625,19.86375,20.002501,326568000
NVDA,2021-07-01,20.125,20.455999,20.018999,20.212,480136000
NVDA,2021-07-02,20.44025,20.505251,20.28775,20.487,342764000
NVDA,2021-07-06,20.737499,20.841999,20.35025,20.6985,446708000
NVDA,2021-07-07,20.8535,20.875,20.332001,20.37175,418428000
NVDA,2021-07-08,19.856501,20.132999,19.70075,19.90275,503300000
NVDA,2021-07-09,19.9625,20.08025,19.75425,20.050249,296624000
NVDA,2021-07-12,20.24,20.532749,20.18775,20.512501,321984000
NVDA,2021-07-13,20.400499,20.46125,20.114,20.25,290708000
NVDA,2021-07-14,20.35775,20.417749,19.75275,19.841499,380100000
NVDA,2021-07-15,19.81175,19.847,18.8585,18.966249,550564000
NVDA,2021-07-16,19.0305,19.157,18.073,18.160999,688224000
NVDA,2021-07-19,17.915251,19.042,17.865499,18.779751,749060000
NVDA,2021-07-20,18.73,18.837999,18.164,18.612,434687000
NVDA,2021-07-21,18.882,19.527,18.742001,19.41,371017000
NVDA,2021-07-22,19.642,19.886999,19.275999,19.594,323826000
NVDA,2021-07-23,19.656,19.700001,19.25,19.558001,195672000
NVDA,2021-07-26,19.311001,19.441999,18.914,19.294001,203943000
NVDA,2021-07-27,19.264999,19.622,18.740999,19.208,248863000
NVDA,2021-07-28,19.319,19.646,18.995001,19.503,202191000
NVDA,2021-07-29,19.518999,19.853001,19.327999,19.662001,190781000
NVDA,2021-07-30,19.417999,19.629999,19.263,19.499001,183497000
NVDA,2021-08-02,19.700001,19.961,19.361,19.75,217444000
NVDA,2021-08-03,19.74,20.222,19.219999,19.815001,301811000
NVDA,2021-08-04,19.99,20.318001,19.827999,20.274,231309000
NVDA,2021-08-05,20.5,20.733,20.341999,20.636999,211435000
NVDA,2021-08-06,20.524,20.57,20.209999,20.365999,178497000
NVDA,2021-08-09,20.445999,20.507999,20.143,20.295,146443000
NVDA,2021-08-10,20.322001,20.43,19.834999,19.936001,179238000
NVDA,2021-08-11,20.042999,20.049,19.43,19.698999,185925000
NVDA,2021-08-12,19.870001,20.028999,19.620001,19.905001,151652000
NVDA,2021-08-13,19.905001,20.214001,19.851,20.188,183063000
NVDA,2021-08-16,20.135,20.287001,19.452999,19.950001,210876000
NVDA,2021-08-17,19.684999,19.77,19.267,19.458,204585000
NVDA,2021-08-18,19.5,19.634001,19.0,19.040001,285913000
NVDA,2021-08-19,19.493999,20.495001,18.761999,19.798,766555000
NVDA,2021-08-20,19.990999,20.865,19.933001,20.816,675741000
NVDA,2021-08-23,20.971001,21.997,20.950001,21.958,575807000
NVDA,2021-08-24,21.753,21.959,21.535,21.792999,297299000
NVDA,2021-08-25,21.737,22.469999,21.722,22.212999,347701000
NVDA,2021-08-26,22.200001,22.34,21.790001,22.068001,237940000
NVDA,2021-08-27,22.184,22.722,22.167,22.636,304722000
NVDA,2021-08-30,22.83,23.042999,22.551001,22.688,262580000
NVDA,2021-08-31,22.695,22.695,22.120001,22.385,259850000
NVDA,2021-09-01,22.485001,22.697001,22.357,22.441,201767000
NVDA,2021-09-02,22.518,22.593,22.295,22.396,187834000
NVDA,2021-09-03,22.325001,22.986,22.200001,22.843,280532000
NVDA,2021-09-07,22.833,22.899,22.521999,22.662001,198107000
NVDA,2021-09-08,22.513,22.610001,21.976999,22.339001,254434000
NVDA,2021-09-09,22.312,22.538,22.131001,22.177,196856000
NVDA,2021-09-10,22.348,22.625999,22.27,22.478001,248376000
NVDA,2021-09-13,22.684,22.964001,21.858,22.152,297500000
NVDA,2021-09-14,22.275,22.41,22.086,22.242001,199755000
NVDA,2021-09-15,22.309,22.367001,21.966,22.341,166538000
NVDA,2021-09-16,22.183001,22.277,21.927,22.242001,156033000
NVDA,2021-09-17,22.299999,22.320999,21.83,21.9,294503000
NVDA,2021-09-20,21.146,21.433001,20.662001,21.113001,349440000
NVDA,2021-09-21,21.417,21.424999,20.950001,21.246,204688000
NVDA,2021-09-22,21.365999,21.959999,21.195999,21.941,268726000
NVDA,2021-09-23,22.139999,22.535,21.889999,22.482,248555000
NVDA,2021-09-24,22.07,22.149,21.861,22.080999,217655000
NVDA,2021-09-27,21.709999,21.799,21.325001,21.66,245215000
NVDA,2021-09-28,21.214001,21.419001,20.650999,20.698999,343069000
NVDA,2021-09-29,20.940001,21.017,20.466999,20.517,218394000
NVDA,2021-09-30,20.768,21.066,20.688,20.716,221009000
NVDA,2021-10-01,20.75,20.858999,20.202999,20.742001,240978000
NVDA,2021-10-04,20.504,20.542,19.555,19.732,345635000
NVDA,2021-10-05,19.950001,20.648001,19.854,20.451,279282000
NVDA,2021-10-06,20.120001,20.719999,20.08,20.700001,297202000
NVDA,2021-10-07,21.091999,21.322001,20.972,21.075001,256919000
NVDA,2021-10-08,21.101,21.205999,20.775,20.830999,151258000
NVDA,2021-10-11,20.575001,21.063,20.511,20.695,163388000
NVDA,2021-10-12,20.827999,21.056999,20.528,20.671,162134000
NVDA,2021-10-13,20.917999,20.99,20.712999,20.938999,180652000
NVDA,2021-10-14,21.288,21.754999,21.122,21.746,243589000
NVDA,2021-10-15,21.809999,21.931,21.662001,21.862,226994000
NVDA,2021-10-18,21.749001,22.291,21.643999,22.222,189494000
NVDA,2021-10-19,22.275999,22.379,22.037001,22.290001,161473000
NVDA,2021-10-20,22.305,22.433001,21.982,22.103001,146276000
NVDA,2021-10-21,22.097,22.711,22.083,22.691999,187590000
NVDA,2021-10-22,22.823,23.129999,22.561001,22.726,249384000
NVDA,2021-10-25,22.973,23.355,22.77,23.166,230235000
NVDA,2021-10-26,23.989,25.259001,23.924,24.716999,485898000
NVDA,2021-10-27,24.474001,25.09,24.282,24.451,245990000
NVDA,2021-10-28,24.878,24.950001,24.523001,24.941,234204000
NVDA,2021-10-29,25.000999,25.709,25.0,25.566999,292503000
NVDA,2021-11-01,25.649,25.893999,25.226999,25.827,265740000
NVDA,2021-11-02,25.822001,26.677999,25.799999,26.400999,294112000
NVDA,2021-11-03,26.67,26.784,26.235001,26.598,239910000
NVDA,2021-11-04,27.229,31.365,27.118,29.801001,1153631000
NVDA,2021-11-05,30.187,31.4,29.41,29.752001,851260000
NVDA,2021-11-08,30.149,31.1,29.907,30.804001,503101000
NVDA,2021-11-09,32.282001,32.310001,29.964001,30.657,646746000
NVDA,2021-11-10,29.356001,30.85,28.778,29.459,636206000
NVDA,2021-11-11,30.468,30.59,29.777,30.389999,332172000
NVDA,2021-11-12,30.01,30.68,29.629999,30.389999,413054000
NVDA,2021-11-15,30.552,30.643999,29.247,30.025,384909000
NVDA,2021-11-16,29.759001,30.389999,29.705999,30.202999,264484000
NVDA,2021-11-17,30.417999,30.509001,28.799999,29.261,428508000
NVDA,2021-11-18,32.367001,32.759998,31.320999,31.674999,781711000
NVDA,2021-11-19,32.243,33.088001,31.905001,32.985001,533867000
NVDA,2021-11-22,33.516998,34.646999,31.9,31.955999,754335000
NVDA,2021-11-23,31.535,32.360001,30.879999,31.746,532163000
NVDA,2021-11-24,31.461,32.855,30.927999,32.674,435162000
NVDA,2021-11-26,32.599998,32.709999,31.35,31.503,283069000
NVDA,2021-11-29,32.366001,33.411999,32.035999,33.375999,454964000
NVDA,2021-11-30,33.168999,33.353001,31.864,32.675999,622066000
NVDA,2021-12-01,33.219002,33.289001,31.379999,31.434999,484368000
NVDA,2021-12-02,31.214001,32.478001,31.025,32.125999,472890000
NVDA,2021-12-03,32.0,32.129002,30.129999,30.693001,544325000
NVDA,2021-12-06,29.879999,30.240999,28.038,30.037001,658938000
NVDA,2021-12-07,30.957001,32.449001,30.650999,32.426998,593053000
NVDA,2021-12-08,31.999001,32.290001,31.421,31.826,475551000
NVDA,2021-12-09,31.733999,32.205002,30.427999,30.49,488507000
NVDA,2021-12-10,31.15,31.305,29.861,30.198,488825000
NVDA,2021-12-13,30.249001,30.294001,28.115999,28.160999,598344000
NVDA,2021-12-14,27.698999,28.677999,27.25,28.337,667035000
NVDA,2021-12-15,28.4,30.5,27.837999,30.459,698297000
NVDA,2021-12-16,31.152,31.16,28.093,28.386999,707366000
NVDA,2021-12-17,27.985001,28.922001,27.76,27.801001,713758000
NVDA,2021-12-20,27.305,28.143999,27.145,27.719,461847000
NVDA,2021-12-21,28.374001,29.120001,27.400999,29.075001,524385000
NVDA,2021-12-22,28.891001,29.555,28.448999,29.4,395184000
NVDA,2021-12-23,29.754999,30.059,29.431,29.639999,343022000
NVDA,2021-12-27,29.66,31.087,29.639999,30.945,403686000
NVDA,2021-12-28,31.312,31.33,30.011999,30.322001,420591000
NVDA,2021-12-29,30.273001,30.548,29.365999,30.000999,343139000
NVDA,2021-12-30,29.827,30.457001,29.540001,29.586,308864000
NVDA,2021-12-31,29.674,30.030001,29.330999,29.410999,266530000
NVDA,2022-01-03,29.815001,30.711,29.785,30.121,391547000
NVDA,2022-01-04,30.277,30.468,28.349001,29.290001,527154000
NVDA,2022-01-05,28.948999,29.416,27.533001,27.604,498064000
NVDA,2022-01-06,27.639999,28.438,27.065001,28.177999,454186000
NVDA,2022-01-07,28.141001,28.422001,27.056999,27.247,409939000
NVDA,2022-01-10,26.580999,27.469,25.643999,27.4,594681000
NVDA,2022-01-11,27.323,28.065001,26.839001,27.816999,404089000
NVDA,2022-01-12,28.066999,28.594999,27.608,27.999001,383413000
NVDA,2022-01-13,28.379,28.48,26.497999,26.575001,540171000
NVDA,2022-01-14,26.299999,27.197001,26.209999,26.941999,395832000
NVDA,2022-01-18,26.26,26.638,25.77,25.903,424270000
NVDA,2022-01-19,26.079,26.542999,25.052,25.066999,488315000
NVDA,2022-01-20,25.304001,25.579,24.077999,24.15,435181000
NVDA,2022-01-21,23.507,24.823,23.263,23.374001,718958000
NVDA,2022-01-24,22.33,23.379999,20.888,23.372,913982000
NVDA,2022-01-25,22.546,22.943001,22.0,22.323999,664616000
NVDA,2022-01-26,23.24,24.056999,22.299999,22.771999,755959000
NVDA,2022-01-27,23.568001,23.995001,21.674999,21.944,573353000
NVDA,2022-01-28,22.011999,22.858,21.296,22.84,543774000
NVDA,2022-01-31,23.181999,24.509001,23.052,24.486,564680000
NVDA,2022-02-01,25.104,25.145,23.889999,24.638,518925000
NVDA,2022-02-02,25.794001,25.816999,24.552999,25.242001,543419000
NVDA,2022-02-03,24.458,25.077,23.780001,23.948,410178000
NVDA,2022-02-04,23.972,24.635,23.632,24.319,354829000
NVDA,2022-02-07,24.372,25.181999,24.202,24.728001,376868000
NVDA,2022-02-08,24.358999,25.23,23.98,25.108,410359000
NVDA,2022-02-09,25.622,26.725,25.353001,26.705,524282000
NVDA,2022-02-10,25.995001,26.924999,25.6,25.823999,513200000
NVDA,2022-02-11,25.916,26.152,23.773001,23.948999,605472000
NVDA,2022-02-14,23.934,24.875,23.754999,24.267,440424000
NVDA,2022-02-15,24.948999,26.545,24.784,26.495001,699869000
NVDA,2022-02-16,26.259001,26.582001,25.552,26.511,732676000
NVDA,2022-02-17,25.629999,25.785,24.165001,24.507,810595000
NVDA,2022-02-18,24.667999,24.986,23.1,23.642,761255000
NVDA,2022-02-22,23.035,24.063999,23.0,23.389999,633422000
NVDA,2022-02-23,23.802,24.155001,22.301001,22.386999,566511000
NVDA,2022-02-24,21.014999,23.799999,20.889999,23.747999,735801000
NVDA,2022-02-25,23.721001,24.216999,23.381001,24.157,528866000
NVDA,2022-02-28,23.992001,24.665001,23.707001,24.385,477319000
NVDA,2022-03-01,24.291,24.377001,23.132,23.476999,412056000
NVDA,2022-03-02,23.756001,24.409,23.415001,24.219999,389642000
NVDA,2022-03-03,24.261999,24.326,23.469,23.714001,365095000
NVDA,2022-03-04,23.384001,23.68,22.482,22.936001,431415000
NVDA,2022-03-07,22.816999,23.033001,21.33,21.351999,450821000
NVDA,2022-03-08,21.309,22.372999,20.65,21.514,557467000
NVDA,2022-03-09,22.386999,23.219999,22.247,23.014,492742000
NVDA,2022-03-10,22.531,22.788,21.882,22.658001,428066000
NVDA,2022-03-11,23.021999,23.145,22.046,22.1,367209000
NVDA,2022-03-14,21.868999,22.261999,21.159,21.33,385354000
NVDA,2022-03-15,21.518,23.038,21.322001,22.973,491996000
NVDA,2022-03-16,23.5,24.597,23.172001,24.496,671422000
NVDA,2022-03-17,24.120001,24.841999,23.906,24.766001,471941000
NVDA,2022-03-18,24.799,26.569,24.624001,26.452999,730719000
NVDA,2022-03-21,26.507,27.152,25.966999,26.733999,591727000
NVDA,2022-03-22,26.726999,27.238001,26.072001,26.524,547007000
NVDA,2022-03-23,26.125999,26.612,25.575001,25.634001,502120000
NVDA,2022-03-24,26.166,28.32,25.907,28.15,877379000
NVDA,2022-03-25,27.886,28.358,27.271,27.691999,579016000
NVDA,2022-03-28,27.756001,28.25,27.205999,28.219,425494000
NVDA,2022-03-29,28.695,28.945999,27.98,28.656,488984000
NVDA,2022-03-30,28.304001,28.496,27.503,27.690001,463487000
NVDA,2022-03-31,27.782,28.247999,27.27,27.285999,523440000
NVDA,2022-04-01,27.375,27.496,26.267,26.712,517235000
NVDA,2022-04-04,26.728001,27.558001,26.613001,27.360001,397120000
NVDA,2022-04-05,27.254,27.319,25.82,25.931,436615000
NVDA,2022-04-06,24.934,25.299999,24.003,24.407,703833000
NVDA,2022-04-07,24.441,24.722,23.478001,24.208,557992000
NVDA,2022-04-08,23.917,23.923,23.062,23.118999,524781000
NVDA,2022-04-11,22.214001,22.32,21.66,21.917,575207000
NVDA,2022-04-12,22.537001,22.725,21.282,21.504,662258000
NVDA,2022-04-13,21.728001,22.5,21.455,22.202999,516943000
NVDA,2022-04-14,22.504999,22.777,21.163,21.257999,569097000
NVDA,2022-04-18,21.200001,22.087999,21.079,21.783001,525701000
NVDA,2022-04-19,21.719999,22.372999,21.313999,22.198,512781000
NVDA,2022-04-20,22.517,22.67,21.200001,21.482,468974000
NVDA,2022-04-21,21.709,22.392,20.0,20.183001,656209000
NVDA,2022-04-22,20.302999,20.486,19.5,19.514999,624713000
NVDA,2022-04-25,19.202,19.945,19.096001,19.902,641566000
NVDA,2022-04-26,19.718,19.788,18.67,18.788,653143000
NVDA,2022-04-27,18.598,19.167,18.290001,18.415001,499460000
NVDA,2022-04-28,18.966999,20.037001,18.49,19.782,570327000
NVDA,2022-04-29,19.402,20.128,18.517,18.547001,500435000
NVDA,2022-05-02,18.541,19.573999,18.391001,19.533001,572049000
NVDA,2022-05-03,19.4,19.825001,19.132999,19.601999,475751000
NVDA,2022-05-04,19.923,20.4,18.750999,20.334,648855000
NVDA,2022-05-05,19.867001,19.924999,18.5,18.844,626331000
NVDA,2022-05-06,18.736,19.511999,17.99,18.674999,633297000
NVDA,2022-05-09,18.034,18.254999,16.827,16.950001,644455000
NVDA,2022-05-10,17.688999,18.198,17.025,17.594999,761474000
NVDA,2022-05-11,17.347,17.753,16.568001,16.629999,670167000
NVDA,2022-05-12,16.219,16.788,15.567,16.174999,708728000
NVDA,2022-05-13,16.788,17.927999,16.593,17.705999,670437000
NVDA,2022-05-16,17.509001,17.788,17.106001,17.264,521446000
NVDA,2022-05-17,18.073999,18.371,17.634001,18.177,585830000
NVDA,2022-05-18,17.705,18.118,16.864,16.938,545161000
NVDA,2022-05-19,16.937,17.687,16.733999,17.124001,621310000
NVDA,2022-05-20,17.332001,17.41,15.755,16.694,739105000
NVDA,2022-05-23,16.274,16.915001,16.179001,16.898001,639889000
NVDA,2022-05-24,16.51,16.597,15.78,16.153999,588550000
NVDA,2022-05-25,16.02,17.111,16.0,16.975,781132000
NVDA,2022-05-26,16.035999,18.091999,16.021999,17.851,996575000
NVDA,2022-05-27,18.186001,18.881001,18.1,18.811001,738379000
NVDA,2022-05-31,18.98,19.200001,18.35,18.672001,664100000
NVDA,2022-06-01,18.724001,19.052999,18.122,18.32,544514000
NVDA,2022-06-02,18.292,19.618999,18.198,19.591999,648656000
NVDA,2022-06-03,19.082001,19.332001,18.521999,18.719999,598779000
NVDA,2022-06-06,19.139,19.337,18.563999,18.785999,422406000
NVDA,2022-06-07,18.472,19.0,18.188,18.926001,388914000
NVDA,2022-06-08,18.799,19.18,18.535,18.648001,363252000
NVDA,2022-06-09,18.481001,18.933001,18.041,18.048,395574000
NVDA,2022-06-10,17.6,17.697001,16.868999,16.974001,465248000
NVDA,2022-06-13,16.0,16.312,15.606,15.647,604153000
NVDA,2022-06-14,15.731,16.066,15.412,15.836,469680000
NVDA,2022-06-15,16.094999,16.868,15.926,16.527,563936000
NVDA,2022-06-16,15.86,15.942,15.401,15.601,545749000
NVDA,2022-06-17,15.648,15.995,15.328,15.88,630334000
NVDA,2022-06-21,16.475,17.007999,16.407,16.566,483089000
NVDA,2022-06-22,16.226,16.662001,16.18,16.360001,437135000
NVDA,2022-06-23,16.518999,16.584999,15.853,16.225,463680000
NVDA,2022-06-24,16.5,17.139999,16.309999,17.125999,472153000
NVDA,2022-06-27,17.312,17.33,16.625999,16.868999,427968000
NVDA,2022-06-28,16.9,17.202,15.945,15.982,461149000
NVDA,2022-06-29,15.814,15.82,15.17,15.542,482352000
NVDA,2022-06-30,15.361,15.567,14.862,15.159,686070000
NVDA,2022-07-01,14.899,15.063,14.392,14.523,577610000
NVDA,2022-07-05,14.175,14.971,14.055,14.964,651397000
NVDA,2022-07-06,15.01,15.319,14.789,15.13,529066000
NVDA,2022-07-07,15.456,15.945,15.389,15.858,492903000
NVDA,2022-07-08,15.43,16.037001,15.389,15.838,467972000
NVDA,2022-07-11,15.526,15.527,15.038,15.152,437321000
NVDA,2022-07-12,15.268,15.431,14.877,15.082,458483000
NVDA,2022-07-13,14.59,15.375,14.465,15.164,521918000
NVDA,2022-07-14,15.108,15.473,14.728,15.372,456235000
NVDA,2022-07-15,15.659,15.782,15.445,15.762,385935000
NVDA,2022-07-18,16.302,16.896999,16.002001,16.101,670517000
NVDA,2022-07-19,16.486,17.110001,16.172001,16.992001,702366000
NVDA,2022-07-20,16.947001,17.933001,16.801001,17.806999,760538000
NVDA,2022-07-21,17.885,18.143999,17.545,18.049999,557049000
NVDA,2022-07-22,17.893,17.966999,17.136999,17.319,536671000
NVDA,2022-07-25,17.018999,17.124001,16.649,17.024,480748000
NVDA,2022-07-26,16.889,16.919001,16.478001,16.533001,397865000
NVDA,2022-07-27,17.032,17.936001,16.913,17.790001,569776000
NVDA,2022-07-28,17.975,18.139999,17.440001,17.983999,474646000
NVDA,2022-07-29,17.813,18.243999,17.691999,18.163,435460000
NVDA,2022-08-01,18.181999,18.846001,17.99,18.441,476469000
NVDA,2022-08-02,18.122,18.938,18.091999,18.525999,489527000
NVDA,2022-08-03,18.184,18.968,18.136999,18.893,418146000
NVDA,2022-08-04,18.849001,19.274,18.76,19.215,409652000
NVDA,2022-08-05,18.809999,19.229,18.666,18.989,386068000
NVDA,2022-08-08,17.502001,18.239,17.242001,17.792999,981859000
NVDA,2022-08-09,17.252001,17.447001,16.724001,17.086,668263000
NVDA,2022-08-10,17.698,18.118,17.316999,18.097,597422000
NVDA,2022-08-11,18.131001,18.707001,17.875999,17.941999,509327000
NVDA,2022-08-12,18.16,18.718,17.952999,18.709,478094000
NVDA,2022-08-15,18.701,19.164,18.613001,19.032,457666000
NVDA,2022-08-16,18.92,19.142,18.500999,18.879,451240000
NVDA,2022-08-17,18.523001,18.688,18.145,18.334999,446799000
NVDA,2022-08-18,18.301001,18.865,18.183001,18.773001,415447000
NVDA,2022-08-19,18.406,18.52,17.77,17.849001,441588000
NVDA,2022-08-22,17.49,17.558001,16.966,17.034,409593000
NVDA,2022-08-23,16.989,17.465,16.969999,17.181,369986000
NVDA,2022-08-24,17.011999,17.406,16.895,17.222,522661000
NVDA,2022-08-25,16.844,17.947001,16.833,17.913,770691000
NVDA,2022-08-26,17.857,17.924,16.237,16.26,769127000
NVDA,2022-08-29,16.02,16.337999,15.767,15.801,496132000
NVDA,2022-08-30,15.96,16.039,15.182,15.468,530181000
NVDA,2022-08-31,15.384,15.54,14.959,15.094,573710000
NVDA,2022-09-01,14.209,14.38,13.27,13.937,1178865000
NVDA,2022-09-02,14.1,14.171,13.591,13.647,743157000
NVDA,2022-09-06,13.731,13.779,13.351,13.465,535751000
NVDA,2022-09-07,13.563,13.838,13.346,13.714,512657000
NVDA,2022-09-08,13.459,14.008,13.369,13.99,624873000
NVDA,2022-09-09,14.157,14.474,14.126,14.387,486612000
NVDA,2022-09-12,14.369,14.547,14.198,14.505,484159000
NVDA,2022-09-13,13.802,13.922,13.099,13.131,714956000
NVDA,2022-09-14,13.254,13.29,12.913,13.128,588507000
NVDA,2022-09-15,13.015,13.233,12.79,12.929,523625000
NVDA,2022-09-16,12.742,13.212,12.617,13.198,670751000
NVDA,2022-09-19,13.012,13.463,13.01,13.382,569685000
NVDA,2022-09-20,13.215,13.483,13.057,13.176,524818000
NVDA,2022-09-21,13.213,14.031,13.11,13.261,807679000
NVDA,2022-09-22,13.07,13.149,12.428,12.561,759162000
NVDA,2022-09-23,12.42,12.611,12.257,12.516,663309000
NVDA,2022-09-26,12.491,12.659,12.214,12.228,547343000
NVDA,2022-09-27,12.507,12.736,12.258,12.413,553854000
NVDA,2022-09-28,12.41,12.823,12.354,12.736,542414000
NVDA,2022-09-29,12.448,12.5,11.946,12.22,532763000
NVDA,2022-09-30,12.087,12.633,12.075,12.139,565638000
NVDA,2022-10-03,12.347,12.678,12.105,12.512,547478000
NVDA,2022-10-04,12.879,13.22,12.879,13.167,584182000
NVDA,2022-10-05,12.911,13.321,12.621,13.209,507131000
NVDA,2022-10-06,13.22,13.656,13.103,13.13,644157000
NVDA,2022-10-07,12.505,12.67,12.022,12.076,672478000
NVDA,2022-10-10,12.037,12.124,11.408,11.67,698699000
NVDA,2022-10-11,11.561,11.846,11.283,11.586,667482000
NVDA,2022-10-12,11.579,11.735,11.345,11.5,492590000
NVDA,2022-10-13,10.971,12.078,10.813,11.96,850103000
NVDA,2022-10-14,12.057,12.111,11.204,11.227,713432000
NVDA,2022-10-17,11.518,11.948,11.517,11.888,580774000
NVDA,2022-10-18,12.344,12.492,11.618,11.967,659362000
NVDA,2022-10-19,11.879,12.35,11.834,12.051,523131000
NVDA,2022-10-20,12.113,12.769,12.105,12.194,652398000
NVDA,2022-10-21,12.098,12.498,11.887,12.466,609494000
NVDA,2022-10-24,12.508,12.71,12.064,12.599,517457000
NVDA,2022-10-25,12.694,13.3,12.664,13.261,505482000
NVDA,2022-10-26,12.869,13.388,12.708,12.896,532953000
NVDA,2022-10-27,13.63,13.838,13.122,13.176,583113000
NVDA,2022-10-28,13.104,13.85,13.061,13.834,521040000
NVDA,2022-10-31,13.778,13.838,13.297,13.497,486341000
NVDA,2022-11-01,13.811,13.925,13.519,13.543,432817000
NVDA,2022-11-02,13.85,14.21,13.211,13.219,672628000
NVDA,2022-11-03,13.043,13.781,12.956,13.421,500065000
NVDA,2022-11-04,13.986,14.229,13.697,14.156,612576000
NVDA,2022-11-07,14.228,14.412,13.954,14.301,410061000
NVDA,2022-11-08,14.801,14.891,14.216,14.602,595292000
NVDA,2022-11-09,14.162,14.211,13.759,13.776,454414000
NVDA,2022-11-10,14.8,15.773,14.547,15.75,700819000
NVDA,2022-11-11,15.807,16.389,15.482,16.327,655487000
NVDA,2022-11-14,16.218,16.540001,15.922,16.295,527852000
NVDA,2022-11-15,16.722,16.997999,16.382,16.666,545876000
NVDA,2022-11-16,16.162001,16.362,15.873,15.91,649547000
NVDA,2022-11-17,15.715,16.266001,15.535,15.677,710894000
NVDA,2022-11-18,15.966,16.002001,15.12,15.409,492072000
NVDA,2022-11-21,15.147,15.477,15.08,15.317,404739000
NVDA,2022-11-22,15.328,16.058001,15.122,16.038,472866000
NVDA,2022-11-23,16.098,16.527,16.048,16.518999,427241000
NVDA,2022-11-25,16.318001,16.487,16.172001,16.27,167934000
NVDA,2022-11-28,16.025999,16.357,15.725,15.827,303741000
NVDA,2022-11-29,15.827,15.932,15.52,15.639,298384000
NVDA,2022-11-30,15.697,16.93,15.597,16.923,565298000
NVDA,2022-12-01,16.999001,17.264999,16.635,17.135,470977000
NVDA,2022-12-02,16.659,16.933001,16.445,16.875999,371389000
NVDA,2022-12-05,16.679001,16.995001,16.472,16.610001,352255000
NVDA,2022-12-06,16.530001,16.573,15.819,15.987,352694000
NVDA,2022-12-07,15.772,16.186001,15.667,16.120001,372388000
NVDA,2022-12-08,16.273001,17.179001,15.959,17.169001,515456000
NVDA,2022-12-09,17.16,17.583,16.975,17.000999,465338000
NVDA,2022-12-12,17.037001,17.538,16.797001,17.535,457328000
NVDA,2022-12-13,18.531,18.790001,17.711,18.072001,656589000
NVDA,2022-12-14,17.987,18.252001,17.42,17.674,496888000
NVDA,2022-12-15,17.146,17.32,16.700001,16.952,478542000
NVDA,2022-12-16,16.864,17.041,16.41,16.570999,478232000
NVDA,2022-12-19,16.572001,16.608999,16.145,16.254,354039000
NVDA,2022-12-20,16.063999,16.309999,15.852,16.084999,403260000
NVDA,2022-12-21,16.114,16.627001,16.101999,16.500999,325025000
NVDA,2022-12-22,16.094,16.138,14.882,15.339,565045000
NVDA,2022-12-23,15.196,15.339,14.883,15.206,349326000
NVDA,2022-12-27,15.074,15.1,14.056,14.121,464902000
NVDA,2022-12-28,13.927,14.262,13.884,14.036,351066000
NVDA,2022-12-29,14.402,14.683,14.227,14.603,354923000
NVDA,2022-12-30,14.334,14.629,14.233,14.614,310490000
NVDA,2023-01-03,14.851,14.996,14.096,14.315,401277000
NVDA,2023-01-04,14.567,14.853,14.241,14.749,431324000
NVDA,2023-01-05,14.491,14.564,14.148,14.265,389168000
NVDA,2023-01-06,14.474,15.01,14.034,14.859,405044000
NVDA,2023-01-09,15.284,16.056,15.141,15.628,504231000
NVDA,2023-01-10,15.507,15.962,15.472,15.909,384101000
NVDA,2023-01-11,15.84,16.028,15.563,16.000999,353285000
NVDA,2023-01-12,16.1,16.636999,15.492,16.511,551409000
NVDA,2023-01-13,16.278,16.922001,16.165001,16.899,447287000
NVDA,2023-01-17,16.899,17.728001,16.899,17.702,511102000
NVDA,2023-01-18,17.667,17.872999,17.282,17.377001,439624000
NVDA,2023-01-19,17.035999,17.197001,16.731001,16.764999,452932000
NVDA,2023-01-20,17.011,17.856001,16.825001,17.839001,564967000
NVDA,2023-01-23,18.063999,19.245001,17.818001,19.193001,655163000
NVDA,2023-01-24,18.827,19.495001,18.82,19.264999,496204000
NVDA,2023-01-25,18.913,19.370001,18.58,19.323,449537000
NVDA,2023-01-26,19.701,20.166,19.278,19.802,489535000
NVDA,2023-01-27,19.462,20.628,19.405001,20.365,542142000
NVDA,2023-01-30,19.950001,20.139999,19.15,19.162001,488611000
NVDA,2023-01-31,19.17,19.687,18.950001,19.537001,498017000
NVDA,2023-02-01,19.691,21.191999,19.611,20.943001,660477000
NVDA,2023-02-02,21.0,21.948999,20.700001,21.709,564276000
NVDA,2023-02-03,21.0,21.745001,20.789,21.1,429366000
NVDA,2023-02-06,20.806,21.57,20.785999,21.089001,452197000
NVDA,2023-02-07,21.382,22.259001,21.15,22.173,664150000
NVDA,2023-02-08,22.386999,22.878,22.007999,22.205,559651000
NVDA,2023-02-09,22.606001,23.02,22.120001,22.337,523876000
NVDA,2023-02-10,21.690001,22.077999,20.811001,21.264999,550737000
NVDA,2023-02-13,21.538,22.048,20.962,21.788,474919000
NVDA,2023-02-14,21.577999,23.049,21.365999,22.971001,675474000
NVDA,2023-02-15,22.549,22.855,22.106001,22.764,420575000
NVDA,2023-02-16,22.132999,22.549999,21.927,22.002001,412026000
NVDA,2023-02-17,21.631001,21.74,20.975,21.388,465888000
NVDA,2023-02-21,21.0,21.493999,20.618,20.655001,410015000
NVDA,2023-02-22,20.707001,21.104,20.421,20.754,513184000
NVDA,2023-02-23,23.440001,23.888,23.025,23.664,1117995000
NVDA,2023-02-24,23.225,23.474001,22.947001,23.285999,589716000
NVDA,2023-02-27,23.67,23.879999,23.454,23.500999,452994000
NVDA,2023-02-28,23.372,23.825001,23.205999,23.216,455963000
NVDA,2023-03-01,23.191999,23.256001,22.507999,22.698,460026000
NVDA,2023-03-02,22.488001,23.379999,22.431999,23.313999,389415000
NVDA,2023-03-03,23.32,23.9,23.129999,23.889999,412393000
NVDA,2023-03-06,23.891001,24.247999,23.487,23.554001,437429000
NVDA,2023-03-07,23.6,24.125,23.240999,23.288,515154000
NVDA,2023-03-08,23.487,24.200001,23.424,24.181,513573000
NVDA,2023-03-09,24.174999,24.454,23.382999,23.436001,501257000
NVDA,2023-03-10,23.409,23.627001,22.726,22.965,474866000
NVDA,2023-03-13,22.752001,23.298,22.297001,22.966,421890000
NVDA,2023-03-14,23.496,24.219,23.459999,24.063,474910000
NVDA,2023-03-15,23.761,24.285999,23.360001,24.228001,524486000
NVDA,2023-03-16,24.027,25.587999,23.893999,25.541,583253000
NVDA,2023-03-17,25.982,26.399,25.667999,25.725,848547000
NVDA,2023-03-20,25.615,26.024,25.129999,25.9,432747000
NVDA,2023-03-21,26.18,26.392,25.381001,26.198999,547408000
NVDA,2023-03-22,26.424999,27.589001,26.237,26.468,797295000
NVDA,2023-03-23,27.115,27.499001,26.690001,27.191,564889000
NVDA,2023-03-24,27.031,27.167,26.355,26.778999,454920000
NVDA,2023-03-27,26.837,27.0,26.365,26.531,361026000
NVDA,2023-03-28,26.447001,26.513,25.85,26.41,356104000
NVDA,2023-03-29,26.825001,27.077999,26.597,26.983999,393694000
NVDA,2023-03-30,27.229,27.499001,27.101999,27.382999,364516000
NVDA,2023-03-31,27.139999,27.834,27.105,27.777,433933000
NVDA,2023-04-03,27.509001,28.0,27.336,27.965,398716000
NVDA,2023-04-04,27.966,28.0,27.306999,27.452999,368592000
NVDA,2023-04-05,26.829,26.997999,26.395,26.881001,515015000
NVDA,2023-04-06,26.584,27.08,26.427,27.037001,397654000
NVDA,2023-04-10,26.823,27.621,26.669001,27.579,395279000
NVDA,2023-04-11,27.724001,27.790001,27.125999,27.169001,314378000
NVDA,2023-04-12,27.370001,27.468,26.448,26.495001,446259000
NVDA,2023-04-13,26.733999,26.886999,26.329,26.462999,353615000
NVDA,2023-04-14,26.504,26.882999,26.219999,26.757999,395660000
NVDA,2023-04-17,26.565001,27.006001,26.433001,27.002001,321471000
NVDA,2023-04-18,27.533001,28.110001,27.357,27.667,604812000
NVDA,2023-04-19,27.361,28.0,27.232,27.931,358660000
NVDA,2023-04-20,27.671,28.030001,27.0,27.104,427713000
NVDA,2023-04-21,26.952,27.183001,26.722,27.118999,345103000
NVDA,2023-04-24,27.013,27.365999,26.671,27.042,339282000
NVDA,2023-04-25,27.077999,27.247,26.225,26.240999,378527000
NVDA,2023-04-26,27.002001,27.33,26.705,26.955999,406337000
NVDA,2023-04-27,27.363001,27.495001,26.625,27.226,377161000
NVDA,2023-04-28,27.225,27.757999,27.070999,27.749001,292216000
NVDA,2023-05-01,27.84,29.058001,27.780001,28.91,570329000
NVDA,2023-05-02,28.68,28.836,28.083,28.209999,402730000
NVDA,2023-05-03,27.84,28.367001,27.472,27.802,383387000
NVDA,2023-05-04,27.650999,27.858999,27.24,27.562,321850000
NVDA,2023-05-05,27.826,28.754999,27.731001,28.68,361494000
NVDA,2023-05-08,28.521999,29.219999,28.35,29.150999,344979000
NVDA,2023-05-09,28.899,28.973,28.450001,28.570999,314869000
NVDA,2023-05-10,29.004999,29.113001,28.461,28.885,369350000
NVDA,2023-05-11,28.896,28.950001,28.246,28.577999,322149000
NVDA,2023-05-12,28.528999,28.780001,28.046,28.34,274222000
NVDA,2023-05-15,28.507999,28.969,28.152,28.952999,293926000
NVDA,2023-05-16,28.841,29.870001,28.832001,29.212999,449405000
NVDA,2023-05-17,29.584,30.198999,29.43,30.177999,432535000
NVDA,2023-05-18,30.41,31.827999,30.32,31.677999,748725000
NVDA,2023-05-19,31.535999,31.58,30.916,31.264,473908000
NVDA,2023-05-22,30.900999,31.52,30.68,31.176001,372000000
NVDA,2023-05-23,31.0,31.288,30.631001,30.688,356253000
NVDA,2023-05-24,30.209999,30.607,29.806,30.538,721419000
NVDA,2023-05-25,38.522999,39.48,36.634998,37.98,1543911000
NVDA,2023-05-26,37.889999,39.169998,37.549999,38.945999,714397000
NVDA,2023-05-30,40.595001,41.938,39.949001,40.111,923401000
NVDA,2023-05-31,39.487999,40.294998,37.821999,37.834,1002580000
NVDA,2023-06-01,38.488998,40.049999,38.34,39.77,635873000
NVDA,2023-06-02,40.097,40.5,39.057999,39.327,482731000
NVDA,2023-06-05,38.909,39.564999,38.707001,39.171001,396094000
NVDA,2023-06-06,38.830002,39.16,38.147999,38.653999,388729000
NVDA,2023-06-07,38.915001,39.499001,37.355999,37.474998,511998000
NVDA,2023-06-08,37.723999,38.863998,37.505001,38.509998,417772000
NVDA,2023-06-09,39.036999,39.710999,38.567001,38.77,427717000
NVDA,2023-06-12,39.200001,39.529999,38.618,39.481998,388701000
NVDA,2023-06-13,40.186001,41.101002,39.740002,41.021999,613208000
NVDA,2023-06-14,40.824001,43.0,40.551998,42.997002,740465000
NVDA,2023-06-15,42.602001,43.289001,42.146999,42.653,568622000
NVDA,2023-06-16,43.450001,43.721001,42.660999,42.692001,655709000
NVDA,2023-06-20,42.998001,43.990002,42.674,43.807999,451153000
NVDA,2023-06-21,43.500999,43.615002,42.080002,43.044998,551603000
NVDA,2023-06-22,42.252998,43.425999,42.234001,43.025002,417737000
NVDA,2023-06-23,42.464001,42.808998,42.014999,42.209,358140000
NVDA,2023-06-26,42.460999,42.764,40.099998,40.632,594322000
NVDA,2023-06-27,40.799,41.939999,40.448002,41.875999,462175000
NVDA,2023-06-28,40.66,41.845001,40.518002,41.117001,582639000
NVDA,2023-06-29,41.557999,41.599998,40.599998,40.821999,380514000
NVDA,2023-06-30,41.68,42.549999,41.500999,42.301998,501148000
NVDA,2023-07-03,42.516998,42.897999,42.202,42.412998,198209000
NVDA,2023-07-05,42.134998,43.176998,42.084999,42.317001,323618000
NVDA,2023-07-06,41.844002,42.179001,41.346001,42.103001,303582000
NVDA,2023-07-07,42.321999,43.214001,42.18,42.502998,355881000
NVDA,2023-07-10,42.657001,42.811001,41.648998,42.18,353908000
NVDA,2023-07-11,42.480999,42.757999,42.067001,42.404999,298244000
NVDA,2023-07-12,43.033001,43.935001,42.777,43.902,481277000
NVDA,2023-07-13,44.518002,46.154999,44.492001,45.977001,478204000
NVDA,2023-07-14,46.583,48.088001,45.060001,45.469002,772075000
NVDA,2023-07-17,46.289001,46.495998,45.262001,46.460999,510488000
NVDA,2023-07-18,46.701,47.896,45.734001,47.493999,569164000
NVDA,2023-07-19,47.464001,47.818001,46.742001,47.077,427502000
NVDA,2023-07-20,46.507,47.087002,45.062,45.52,537865000
NVDA,2023-07-21,45.787998,45.866001,44.099998,44.308998,963769000
NVDA,2023-07-24,44.730999,45.109001,44.040001,44.612,382516000
NVDA,2023-07-25,44.941002,46.182999,44.923,45.679001,348081000
NVDA,2023-07-26,46.021,46.053001,44.630001,45.452,364237000
NVDA,2023-07-27,46.519001,47.395,45.75,45.900002,455976000
NVDA,2023-07-28,46.667999,47.027,46.381001,46.75,331194000
NVDA,2023-07-31,46.754002,47.130001,46.506001,46.729,251055000
NVDA,2023-08-01,46.459999,46.900002,46.027,46.507,237858000
NVDA,2023-08-02,45.831001,45.84,43.387001,44.269001,530142000
NVDA,2023-08-03,43.799999,45.118,43.799999,44.514999,324176000
NVDA,2023-08-04,44.985001,45.641998,44.393002,44.68,362666000
NVDA,2023-08-07,45.111,45.540001,44.563,45.417,322154000
NVDA,2023-08-08,44.853001,45.242001,44.056,44.664001,353843000
NVDA,2023-08-09,44.273998,44.312,42.133999,42.554001,586449000
NVDA,2023-08-10,42.16,43.574001,41.834999,42.388,492705000
NVDA,2023-08-11,41.750999,42.018002,40.639,40.855,533085000
NVDA,2023-08-14,40.486,43.799999,40.311001,43.752998,690286000
NVDA,2023-08-15,44.560001,45.268002,43.709999,43.939999,676512000
NVDA,2023-08-16,44.52,44.674999,43.405998,43.486,527451000
NVDA,2023-08-17,43.970001,44.062,43.000999,43.344002,452395000
NVDA,2023-08-18,42.634998,43.577999,41.66,43.299,583768000
NVDA,2023-08-21,44.493999,47.064999,44.222,46.966999,692573000
NVDA,2023-08-22,48.134998,48.187,45.333,45.667999,755293000
NVDA,2023-08-23,45.866001,47.200001,45.208,47.116001,779046000
NVDA,2023-08-24,50.216,50.265999,47.159,47.162998,1156044000
NVDA,2023-08-25,47.012001,47.805,45.023998,46.018002,925341000
NVDA,2023-08-28,46.481998,46.98,44.888,46.834999,685192000
NVDA,2023-08-29,46.666,49.081001,46.390999,48.784,701397000
NVDA,2023-08-30,49.043999,49.926998,48.424999,49.264,735206000
NVDA,2023-08-31,49.380001,49.743999,48.958,49.355,528570000
NVDA,2023-09-01,49.762001,49.799999,48.141998,48.508999,463830000
NVDA,2023-09-05,48.223,48.851002,47.860001,48.548,382653000
NVDA,2023-09-06,48.441002,48.549,46.580002,47.061001,468670000
NVDA,2023-09-07,45.525002,46.344002,45.152,46.241001,433330000
NVDA,2023-09-08,45.942001,46.605999,45.271,45.571999,473069000
NVDA,2023-09-11,46.147999,46.162998,44.312,45.178001,473966000
NVDA,2023-09-12,44.737999,45.673,44.530998,44.869999,349256000
NVDA,2023-09-13,44.599998,45.93,44.502998,45.485001,398355000
NVDA,2023-09-14,45.950001,45.987,45.131001,45.581001,370097000
NVDA,2023-09-15,45.341,45.598999,43.807999,43.900002,506831000
NVDA,2023-09-18,42.748001,44.242001,42.0,43.966,500271000
NVDA,2023-09-19,43.833,43.966,43.001999,43.52,373064000
NVDA,2023-09-20,43.599998,43.903,42.223,42.238998,367108000
NVDA,2023-09-21,41.583,42.099998,40.98,41.016998,450736000
NVDA,2023-09-22,41.571999,42.115002,41.230999,41.610001,479236000
NVDA,2023-09-25,41.591,42.535999,41.176998,42.222,419091000
NVDA,2023-09-26,42.000999,42.82,41.654999,41.910999,402282000
NVDA,2023-09-27,42.330002,42.872002,41.629002,42.467999,444935000
NVDA,2023-09-28,42.459999,43.445999,42.115002,43.089001,424663000
NVDA,2023-09-29,43.827,44.144001,43.306999,43.499001,397830000
NVDA,2023-10-02,44.029999,45.174999,43.861,44.782001,433298000
NVDA,2023-10-03,44.807999,45.130001,43.245998,43.516998,470850000
NVDA,2023-10-04,43.742001,44.143002,43.292,44.041,361821000
NVDA,2023-10-05,44.049999,44.900002,43.888,44.688,393483000
NVDA,2023-10-06,44.193001,45.789001,44.026001,45.762001,434436000
NVDA,2023-10-09,44.841999,45.605,44.368,45.272999,409675000
NVDA,2023-10-10,45.310001,46.258999,45.088001,45.798,368582000
NVDA,2023-10-11,46.195999,46.859001,46.049999,46.806,378137000
NVDA,2023-10-12,46.777,47.609001,46.330002,46.945,481325000
NVDA,2023-10-13,46.959999,47.116001,45.279999,45.460999,474115000
NVDA,2023-10-16,45.063,46.224998,44.911999,46.095001,375099000
NVDA,2023-10-17,44.0,44.754002,42.48,43.938,812333000
NVDA,2023-10-18,42.591,43.219002,41.825001,42.195999,627294000
NVDA,2023-10-19,42.811001,43.297001,41.882,42.101002,501233000
NVDA,2023-10-20,41.889999,42.470001,41.077999,41.387001,477266000
NVDA,2023-10-23,41.229,43.248001,40.945,42.974998,478530000
NVDA,2023-10-24,43.077,43.696999,42.691002,43.662998,401463000
NVDA,2023-10-25,43.397999,43.650002,41.555,41.778999,398379000
NVDA,2023-10-26,41.853001,42.256001,39.880001,40.326,541001000
NVDA,2023-10-27,41.130001,41.206001,40.014999,40.5,416784000
NVDA,2023-10-30,41.087002,41.765999,40.480999,41.160999,388028000
NVDA,2023-10-31,40.450001,40.879002,39.23,40.779999,517969000
NVDA,2023-11-01,40.883999,42.381001,40.868999,42.325001,437593000
NVDA,2023-11-02,43.327999,43.883999,42.894001,43.506001,409172000
NVDA,2023-11-03,44.02,45.308998,43.723,45.005001,424610000
NVDA,2023-11-06,45.285,45.935001,44.898998,45.750999,400733000
NVDA,2023-11-07,45.719002,46.217999,45.158001,45.955002,343165000
NVDA,2023-11-08,46.099998,46.867001,45.967999,46.574001,346719000
NVDA,2023-11-09,47.466999,48.23,46.75,46.950001,540496000
NVDA,2023-11-10,47.5,48.472,47.283001,48.334999,421245000
NVDA,2023-11-13,48.32,49.116001,48.098999,48.619999,384136000
NVDA,2023-11-14,49.68,49.834,49.040001,49.655998,416954000
NVDA,2023-11-15,49.935001,49.959999,48.200001,48.888,475497000
NVDA,2023-11-16,48.679001,49.525002,48.330002,49.48,339756000
NVDA,2023-11-17,49.523998,49.716999,49.007,49.298,325205000
NVDA,2023-11-20,49.312,50.548,49.181,50.409,414120000
NVDA,2023-11-21,50.125999,50.516998,49.222,49.944,565747000
NVDA,2023-11-22,49.852001,50.334999,47.689999,48.716,899420000
NVDA,2023-11-24,48.470001,48.921001,47.744999,47.776001,294645000
NVDA,2023-11-27,47.799999,48.529999,47.652,48.242001,395662000
NVDA,2023-11-28,48.236,48.323002,47.473,47.820999,401491000
NVDA,2023-11-29,48.379002,48.762001,47.860001,48.139999,382005000
NVDA,2023-11-30,48.023998,48.110001,46.422001,46.77,526247000
NVDA,2023-12-01,46.525002,47.200001,46.187,46.764999,369317000
NVDA,2023-12-04,46.077,46.077,45.009998,45.509998,437543000
NVDA,2023-12-05,45.466,46.599998,45.271,46.566002,371718000
NVDA,2023-12-06,47.215,47.387001,45.411999,45.502998,380590000
NVDA,2023-12-07,45.700001,46.629002,45.604,46.596001,350823000
NVDA,2023-12-08,46.595001,47.741001,46.549999,47.506001,359224000
NVDA,2023-12-11,47.491001,47.530998,45.830002,46.626999,509728000
NVDA,2023-12-12,46.046001,47.666,46.046001,47.657001,372387000
NVDA,2023-12-13,47.629002,48.594002,47.608002,48.088001,447792000
NVDA,2023-12-14,48.389999,48.669998,47.422001,48.349998,391232000
NVDA,2023-12-15,48.194,49.403999,48.119999,48.889999,479948000
NVDA,2023-12-18,49.400002,50.432999,49.150002,50.077,412587000
NVDA,2023-12-19,49.424,49.700001,48.895,49.604,464444000
NVDA,2023-12-20,49.654999,49.999001,48.098,48.111,397894000
NVDA,2023-12-21,48.811001,49.095001,48.418999,48.990002,300425000
NVDA,2023-12-22,49.195,49.382999,48.466999,48.830002,252507000
NVDA,2023-12-26,48.967999,49.599998,48.959999,49.278999,244200000
NVDA,2023-12-27,49.511002,49.68,49.084999,49.417,233648000
NVDA,2023-12-28,49.643002,49.883999,49.411999,49.521999,246587000
NVDA,2023-12-29,49.813,49.997002,48.750999,49.521999,389293000
NVDA,2024-01-02,49.243999,49.294998,47.595001,48.167999,411254000
NVDA,2024-01-03,47.485001,48.183998,47.32,47.569,320896000
NVDA,2024-01-04,47.766998,48.5,47.507999,47.998001,306535000
NVDA,2024-01-05,48.462002,49.547001,48.306,49.097,415039000
NVDA,2024-01-08,49.512001,52.275002,49.479,52.252998,642510000
NVDA,2024-01-09,52.401001,54.325001,51.689999,53.139999,773100000
NVDA,2024-01-10,53.616001,54.599998,53.488998,54.349998,533796000
NVDA,2024-01-11,54.999001,55.346001,53.560001,54.821999,596759000
NVDA,2024-01-12,54.619999,54.970001,54.330002,54.709999,352994000
NVDA,2024-01-16,55.018002,56.834999,54.900002,56.382,449580000
NVDA,2024-01-17,56.347,56.471001,54.740002,56.053001,474394000
NVDA,2024-01-18,57.259998,57.599998,56.106998,57.106998,491650000
NVDA,2024-01-19,57.988998,59.5,57.224998,59.491001,543501000
NVDA,2024-01-22,60.049,60.331001,59.07,59.653999,452955000
NVDA,2024-01-23,59.57,59.91,58.584999,59.873001,294654000
NVDA,2024-01-24,60.304001,62.848999,59.938,61.362,560271000
NVDA,2024-01-25,62.349998,62.719002,60.849998,61.617001,482777000
NVDA,2024-01-26,60.959999,61.783001,60.573002,61.030998,390309000
NVDA,2024-01-29,61.231998,62.488998,60.907001,62.465,348733000
NVDA,2024-01-30,62.900002,63.493,62.259998,62.773998,410735000
NVDA,2024-01-31,61.439999,62.269001,60.700001,61.527,453795000
NVDA,2024-02-01,62.099998,63.191002,61.650002,63.027,369146000
NVDA,2024-02-02,63.973999,66.599998,63.689999,66.160004,476578000
NVDA,2024-02-05,68.224998,69.497002,67.205002,69.332001,680078000
NVDA,2024-02-06,69.629997,69.753998,66.300003,68.223,683111000
NVDA,2024-02-07,68.319,70.220001,67.599998,70.098999,495575000
NVDA,2024-02-08,70.073997,70.793999,69.455002,69.640999,414422000
NVDA,2024-02-09,70.532997,72.184998,70.211998,72.133003,436637000
NVDA,2024-02-12,72.599998,74.611,71.25,72.248001,613710000
NVDA,2024-02-13,70.400002,73.449997,69.620003,72.127998,602580000
NVDA,2024-02-14,73.202003,74.236,71.938004,73.900002,504917000
NVDA,2024-02-15,73.869003,73.974998,72.400002,72.657997,420122000
NVDA,2024-02-16,74.099998,74.402,72.500999,72.612999,495327000
NVDA,2024-02-20,71.946999,71.956001,67.734001,69.452003,704833000
NVDA,2024-02-21,68.005997,68.888,66.248001,67.472,673755000
NVDA,2024-02-22,75.025002,78.574997,74.220001,78.538002,865100000
NVDA,2024-02-23,80.790001,82.393997,77.57,78.817001,829388000
NVDA,2024-02-26,79.699997,80.646004,78.504997,79.092003,503973000
NVDA,2024-02-27,79.380997,79.480003,77.162003,78.700996,391705000
NVDA,2024-02-28,77.620003,78.932999,77.125,77.663002,393110000
NVDA,2024-02-29,79.094002,79.989998,78.349998,79.112,507289000
NVDA,2024-03-01,80.0,82.300003,79.434998,82.278999,479135000
NVDA,2024-03-04,84.129997,87.695,83.719002,85.237,615616000
NVDA,2024-03-05,85.269997,86.097,83.417,85.963997,520639000
NVDA,2024-03-06,88.022003,89.723999,87.029999,88.699997,582520000
NVDA,2024-03-07,90.157997,92.766998,89.601997,92.668999,608119000
NVDA,2024-03-08,95.138,97.400002,86.505997,87.528,1142269000
NVDA,2024-03-11,86.429001,88.796997,84.166,85.774002,678364000
NVDA,2024-03-12,88.049004,91.959999,86.150002,91.913002,668075000
NVDA,2024-03-13,91.055,91.503998,88.434998,90.888,635713000
NVDA,2024-03-14,89.577003,90.646004,86.599998,87.944,602318000
NVDA,2024-03-15,86.93,89.545998,86.257004,87.836998,642086000
NVDA,2024-03-18,90.388,92.404999,87.084999,88.455002,668976000
NVDA,2024-03-19,86.699997,90.543999,85.010002,89.398003,672171000
NVDA,2024-03-20,89.796997,90.410004,88.223,90.372002,479063000
NVDA,2024-03-21,92.300003,92.648003,90.404999,91.434998,480372000
NVDA,2024-03-22,91.140999,94.778,90.834,94.289001,586719000
NVDA,2024-03-25,93.941002,96.765999,93.510002,95.001999,552136000
NVDA,2024-03-26,95.850998,96.375,92.501999,92.560997,513648000
NVDA,2024-03-27,93.112,93.239998,89.123001,90.25,586067000
NVDA,2024-03-28,90.0,91.300003,89.193001,90.356003,435212000
NVDA,2024-04-01,90.299004,92.224998,89.204002,90.362999,452441000
NVDA,2024-04-02,88.447998,90.094002,87.620003,89.452003,433064000
NVDA,2024-04-03,88.484001,90.374001,88.400002,88.963997,370067000
NVDA,2024-04-04,90.405998,90.634003,85.879997,85.904999,434965000
NVDA,2024-04-05,86.865997,88.481003,85.926003,88.008003,399678000
NVDA,2024-04-08,88.699997,88.830002,86.732002,87.133003,283220000
NVDA,2024-04-09,87.442001,87.635002,83.022003,85.353996,501700000
NVDA,2024-04-10,83.926003,87.400002,83.709,87.039001,431929000
NVDA,2024-04-11,87.419998,90.738998,86.926003,90.615997,431637000
NVDA,2024-04-12,89.698997,90.175003,87.529999,88.185997,426805000
NVDA,2024-04-15,89.098,90.612999,85.929001,86.000999,443077000
NVDA,2024-04-16,86.432999,88.117996,86.064003,87.415001,370453000
NVDA,2024-04-17,88.339996,88.775002,83.949997,84.035004,495400000
NVDA,2024-04-18,84.970001,86.190002,82.402,84.670998,447260000
NVDA,2024-04-19,83.150002,84.323997,75.606003,76.199997,875198000
NVDA,2024-04-22,78.103996,80.072998,76.400002,79.517998,596341000
NVDA,2024-04-23,80.768997,82.768997,80.264,82.422997,438559000
NVDA,2024-04-24,83.949997,84.082001,79.182999,79.677002,512208000
NVDA,2024-04-25,78.867996,83.322998,78.223,82.632004,424641000
NVDA,2024-04-26,83.818001,88.331001,83.387001,87.735001,551011000
NVDA,2024-04-29,87.595001,87.991997,85.265999,87.757004,388971000
NVDA,2024-04-30,87.239998,88.819,86.300003,86.402,363709000
NVDA,2024-05-01,85.077003,86.0,81.254997,83.041,559863000
NVDA,2024-05-02,84.448997,86.237,83.199997,85.817001,377898000
NVDA,2024-05-03,87.789001,89.280998,87.040001,88.789001,398341000
NVDA,2024-05-06,89.389999,92.220001,89.055,92.139999,376203000
NVDA,2024-05-07,91.098,91.780998,89.011002,90.554001,437342000
NVDA,2024-05-08,89.483002,91.194,89.419998,90.412003,325721000
NVDA,2024-05-09,90.528999,91.071999,88.231003,88.747002,378013000
NVDA,2024-05-10,90.305,91.401001,89.226997,89.877998,335325000
NVDA,2024-05-13,90.477997,90.998001,88.528999,90.399002,289680000
NVDA,2024-05-14,89.598999,91.651001,88.933998,91.356003,296507000
NVDA,2024-05-15,92.472,94.862,91.598999,94.629997,417735000
NVDA,2024-05-16,94.910004,95.819,94.102997,94.359001,323952000
NVDA,2024-05-17,94.369003,94.739998,91.806,92.478996,359691000
NVDA,2024-05-20,93.75,95.199997,93.440002,94.779999,318764000
NVDA,2024-05-21,93.598999,95.400002,93.18,95.386002,328946000
NVDA,2024-05-22,95.459,96.019997,93.249001,94.949997,548648000
NVDA,2024-05-23,102.028,106.32,101.519997,103.799004,835065000
NVDA,2024-05-24,104.448997,106.474998,103.0,106.469002,429494000
NVDA,2024-05-28,110.244003,114.939003,109.883003,113.901001,652728000
NVDA,2024-05-29,113.050003,115.491997,110.901001,114.824997,557442000
NVDA,2024-05-30,114.650002,115.819,109.663002,110.5,484553000
NVDA,2024-05-31,112.519997,112.717003,106.940002,109.633003,613263000
NVDA,2024-06-03,113.621002,115.0,112.002998,115.0,438392000
NVDA,2024-06-04,115.716003,116.599998,114.044998,116.436996,403324000
NVDA,2024-06-05,118.371002,122.448997,117.468002,122.440002,528402000
NVDA,2024-06-06,124.047997,125.586998,118.32,120.998001,664696000
NVDA,2024-06-07,119.769997,121.692001,118.022003,120.888,412386000
NVDA,2024-06-10,120.370003,123.099998,117.010002,121.790001,313434100
NVDA,2024-06-11,121.769997,122.870003,118.739998,120.910004,222551200
NVDA,2024-06-12,123.059998,126.879997,122.57,125.199997,299595000
NVDA,2024-06-13,129.389999,129.800003,127.160004,129.610001,260704500
NVDA,2024-06-14,129.960007,132.839996,128.320007,131.880005,309320400
NVDA,2024-06-17,132.990005,133.729996,129.580002,130.979996,288504400
NVDA,2024-06-18,131.139999,136.330002,130.690002,135.580002,294335100
NVDA,2024-06-20,139.800003,140.759995,129.520004,130.779999,517768400
NVDA,2024-06-21,127.120003,130.630005,124.300003,126.57,649445800
NVDA,2024-06-24,123.239998,124.459999,118.040001,118.110001,476060900
NVDA,2024-06-25,121.199997,126.5,119.32,126.089996,414192600
NVDA,2024-06-26,126.129997,128.119995,122.599998,126.400002,362975900
NVDA,2024-06-27,124.099998,126.410004,122.919998,123.989998,252571700
NVDA,2024-06-28,124.580002,127.709999,122.75,123.540001,315516700
NVDA,2024-07-01,123.470001,124.839996,118.830002,124.300003,284885500
NVDA,2024-07-02,121.129997,123.410004,121.029999,122.669998,218374000
NVDA,2024-07-03,121.660004,128.279999,121.360001,128.279999,215749000
NVDA,2024-07-05,127.379997,128.850006,125.68,125.830002,214176700
NVDA,2024-07-08,127.489998,130.770004,127.040001,128.199997,237677300
NVDA,2024-07-09,130.350006,133.820007,128.649994,131.380005,285366600
NVDA,2024-07-10,134.029999,135.100006,132.419998,134.910004,248978600
NVDA,2024-07-11,135.75,136.149994,127.050003,127.400002,374782700
NVDA,2024-07-12,128.259995,131.919998,127.220001,129.240005,252680500
NVDA,2024-07-15,130.559998,131.389999,127.18,128.440002,208326200
NVDA,2024-07-16,128.440002,129.039993,124.580002,126.360001,214769500
NVDA,2024-07-17,121.349998,121.849998,116.720001,117.989998,390086200
NVDA,2024-07-18,121.849998,122.400002,116.559998,121.089996,320979500
NVDA,2024-07-19,120.349998,121.599998,117.370003,117.93,217223800
NVDA,2024-07-22,120.349998,124.07,119.860001,123.540001,258068900
NVDA,2024-07-23,122.779999,124.690002,122.099998,122.589996,173911000
NVDA,2024-07-24,119.169998,119.949997,113.440002,114.25,327776900
NVDA,2024-07-25,113.040001,116.629997,106.300003,112.279999,460067000
NVDA,2024-07-26,116.190002,116.199997,111.580002,113.059998,293399100
NVDA,2024-07-29,113.690002,116.279999,111.300003,111.589996,248152100
NVDA,2024-07-30,111.519997,111.989998,102.540001,103.730003,486833300
NVDA,2024-07-31,112.900002,118.339996,110.879997,117.019997,473174200
NVDA,2024-08-01,117.529999,120.160004,106.809998,109.209999,523462300
NVDA,2024-08-02,103.760002,108.720001,101.370003,107.269997,482027500
NVDA,2024-08-05,92.059998,103.410004,90.690002,100.449997,552842400
NVDA,2024-08-06,103.839996,107.709999,100.550003,104.25,409012100
NVDA,2024-08-07,107.809998,108.800003,98.690002,98.910004,411440400
NVDA,2024-08-08,102.0,105.5,97.519997,104.970001,391910000
NVDA,2024-08-09,105.639999,106.599998,103.43,104.75,290844200
NVDA,2024-08-12,106.32,111.07,106.260002,109.019997,325559900
NVDA,2024-08-13,112.440002,116.230003,111.580002,116.139999,312646700
NVDA,2024-08-14,118.529999,118.599998,114.07,118.080002,339246400
NVDA,2024-08-15,118.760002,123.239998,117.470001,122.860001,318086700
NVDA,2024-08-16,121.940002,125.0,121.18,124.580002,302589900
NVDA,2024-08-19,124.279999,130.0,123.419998,130.0,318333600
NVDA,2024-08-20,128.399994,129.880005,125.889999,127.25,300087400
NVDA,2024-08-21,127.32,129.350006,126.660004,128.5,257883600
NVDA,2024-08-22,130.020004,130.75,123.099998,123.739998,376189100
NVDA,2024-08-23,125.860001,129.600006,125.220001,129.369995,323230300
NVDA,2024-08-26,129.570007,131.259995,124.370003,126.459999,331964700
NVDA,2024-08-27,125.050003,129.199997,123.879997,128.300003,303134600
NVDA,2024-08-28,128.119995,128.330002,122.639999,125.610001,448101100
NVDA,2024-08-29,121.360001,124.43,116.709999,117.589996,453023300
NVDA,2024-08-30,119.529999,121.75,117.220001,119.370003,333751600
NVDA,2024-09-03,116.010002,116.209999,107.290001,108.0,477155100
NVDA,2024-09-04,105.410004,113.269997,104.120003,106.209999,372470300
NVDA,2024-09-05,104.989998,109.650002,104.760002,107.209999,306850700
NVDA,2024-09-06,108.040001,108.150002,100.949997,102.830002,413638100
NVDA,2024-09-09,104.879997,106.550003,103.690002,106.470001,273912000
NVDA,2024-09-10,107.809998,109.400002,104.949997,108.099998,268283700
NVDA,2024-09-11,109.389999,117.190002,107.419998,116.910004,441422400
NVDA,2024-09-12,116.839996,120.790001,115.379997,119.139999,366052700
NVDA,2024-09-13,119.080002,119.959999,117.599998,119.099998,238358300
NVDA,2024-09-16,116.790001,118.18,114.360001,116.779999,248772300
NVDA,2024-09-17,118.169998,118.800003,114.830002,115.589996,231925900
NVDA,2024-09-18,115.889999,117.699997,113.220001,113.370003,310318900
NVDA,2024-09-19,117.349998,119.660004,117.25,117.870003,293506400
NVDA,2024-09-20,117.059998,118.620003,115.389999,116.0,382462400
NVDA,2024-09-23,116.550003,116.989998,114.860001,116.260002,206228500
NVDA,2024-09-24,116.519997,121.800003,115.379997,120.870003,354966800
NVDA,2024-09-25,122.019997,124.940002,121.610001,123.510002,284692900
NVDA,2024-09-26,126.800003,127.669998,121.800003,124.040001,302582900
NVDA,2024-09-27,123.970001,124.029999,119.260002,121.400002,271009200
NVDA,2024-09-30,118.309998,121.5,118.150002,121.440002,226553700
NVDA,2024-10-01,121.769997,122.440002,115.790001,117.0,302094500
NVDA,2024-10-02,116.440002,119.379997,115.139999,118.849998,221845900
NVDA,2024-10-03,120.919998,124.360001,120.339996,122.849998,277118000
NVDA,2024-10-04,124.940002,125.040001,121.830002,124.919998,243678100
NVDA,2024-10-07,124.989998,130.639999,124.949997,127.720001,346250200
NVDA,2024-10-08,130.259995,133.479996,129.419998,132.889999,285722500
NVDA,2024-10-09,134.110001,134.520004,131.380005,132.649994,246191600
NVDA,2024-10-10,131.910004,135.0,131.0,134.809998,242311300
NVDA,2024-10-11,134.009995,135.779999,133.660004,134.800003,170209500
NVDA,2024-10-14,136.470001,139.600006,136.300003,138.070007,232347700
NVDA,2024-10-15,137.869995,138.570007,128.740005,131.600006,377831000
NVDA,2024-10-16,133.979996,136.619995,131.580002,135.720001,264879700
NVDA,2024-10-17,139.339996,140.889999,136.869995,136.929993,306435900
NVDA,2024-10-18,138.669998,138.899994,137.279999,138.0,176090200
NVDA,2024-10-21,138.130005,143.710007,138.0,143.710007,264554500
NVDA,2024-10-22,142.910004,144.419998,141.779999,143.589996,226311600
NVDA,2024-10-23,142.029999,142.429993,137.460007,139.559998,285930000
NVDA,2024-10-24,140.820007,141.350006,138.460007,140.410004,172354900
NVDA,2024-10-25,140.929993,144.130005,140.800003,141.539993,205122100
NVDA,2024-10-28,143.0,143.139999,140.050003,140.520004,173586700
NVDA,2024-10-29,140.289993,142.259995,138.899994,141.25,157593600
NVDA,2024-10-30,139.539993,140.330002,136.809998,139.339996,179418100
NVDA,2024-10-31,137.600006,137.610001,132.110001,132.759995,270039600
NVDA,2024-11-01,134.699997,137.309998,134.570007,135.399994,207127800
NVDA,2024-11-04,137.210007,138.960007,135.570007,136.050003,187528200
NVDA,2024-11-05,137.449997,140.369995,137.330002,139.910004,160537400
NVDA,2024-11-06,142.960007,146.490005,141.960007,145.610001,242043900
NVDA,2024-11-07,146.389999,148.929993,146.169998,148.880005,207323300
NVDA,2024-11-08,148.770004,149.770004,146.259995,147.630005,175665800
NVDA,2024-11-11,148.679993,148.850006,143.570007,145.259995,182325600
NVDA,2024-11-12,146.779999,149.649994,146.009995,148.289993,198634700
NVDA,2024-11-13,149.070007,149.330002,145.899994,146.270004,191903300
NVDA,2024-11-14,147.639999,149.0,145.550003,146.759995,194463300
NVDA,2024-11-15,144.869995,145.240005,140.080002,141.979996,250132900
NVDA,2024-11-18,139.5,141.550003,137.149994,140.149994,221205300
NVDA,2024-11-19,141.320007,147.130005,140.990005,147.009995,227834900
NVDA,2024-11-20,147.410004,147.559998,142.729996,145.889999,309871700
NVDA,2024-11-21,149.350006,152.889999,140.699997,146.669998,400946600
NVDA,2024-11-22,145.929993,147.160004,141.100006,141.949997,236406200
NVDA,2024-11-25,141.990005,142.050003,135.820007,136.020004,344941900
NVDA,2024-11-26,137.699997,139.300003,135.669998,136.919998,190287700
NVDA,2024-11-27,135.009995,137.220001,131.800003,135.339996,226370900
NVDA,2024-11-29,136.779999,139.350006,136.050003,138.25,141863200
NVDA,2024-12-02,138.830002,140.449997,137.820007,138.630005,171682800
NVDA,2024-12-03,138.259995,140.539993,137.949997,140.259995,164414000
NVDA,2024-12-04,142.0,145.789993,140.289993,145.139999,231224300
NVDA,2024-12-05,145.110001,146.539993,143.949997,145.059998,172621200
NVDA,2024-12-06,144.600006,145.699997,141.309998,142.440002,188505600
NVDA,2024-12-09,138.970001,139.949997,137.130005,138.809998,189308600
NVDA,2024-12-10,139.009995,141.820007,133.789993,135.070007,210020900
NVDA,2024-12-11,137.360001,140.169998,135.210007,139.309998,184905200
NVDA,2024-12-12,137.080002,138.440002,135.800003,137.339996,159211400
NVDA,2024-12-13,138.940002,139.600006,132.539993,134.25,231514900
NVDA,2024-12-16,134.179993,134.399994,130.419998,132.0,237951100
NVDA,2024-12-17,129.089996,131.589996,126.860001,130.389999,259410300
NVDA,2024-12-18,133.860001,136.699997,128.279999,128.910004,277444500
NVDA,2024-12-19,131.759995,134.029999,129.550003,130.679993,209719200
NVDA,2024-12-20,129.809998,135.279999,128.220001,134.699997,306528600
NVDA,2024-12-23,136.279999,139.789993,135.119995,139.669998,176053500
NVDA,2024-12-24,140.0,141.899994,138.649994,140.220001,105157000
NVDA,2024-12-26,139.699997,140.850006,137.729996,139.929993,116205600
NVDA,2024-12-27,138.550003,139.020004,134.710007,137.009995,170582600
NVDA,2024-12-30,134.830002,140.270004,134.020004,137.490005,167734700
NVDA,2024-12-31,138.029999,138.070007,133.830002,134.289993,155659200
NVDA,2025-01-02,136.0,138.880005,134.630005,138.309998,198247200
NVDA,2025-01-03,140.009995,144.899994,139.729996,144.470001,229322500
NVDA,2025-01-06,148.589996,152.160004,147.820007,149.429993,265377400
NVDA,2025-01-07,153.029999,153.130005,140.009995,140.139999,351782200
NVDA,2025-01-08,142.580002,143.949997,137.559998,140.110001,227349900
NVDA,2025-01-10,137.449997,139.919998,134.220001,135.910004,207602500
NVDA,2025-01-13,129.990005,133.490005,129.509995,133.229996,204808900
NVDA,2025-01-14,136.050003,136.380005,130.050003,131.759995,195590500
NVDA,2025-01-15,133.649994,136.449997,131.289993,136.240005,185217300
NVDA,2025-01-16,138.639999,138.75,133.490005,133.570007,209235600
NVDA,2025-01-17,136.690002,138.5,135.460007,137.710007,201188800
NVDA,2025-01-21,139.160004,141.830002,137.089996,140.830002,197749000
NVDA,2025-01-22,144.660004,147.789993,143.669998,147.070007,237651400
NVDA,2025-01-23,145.050003,147.229996,143.720001,147.220001,155915500
NVDA,2025-01-24,148.369995,148.970001,141.880005,142.619995,234657600
NVDA,2025-01-27,124.800003,128.399994,116.699997,118.419998,818830900
NVDA,2025-01-28,121.809998,129.0,116.25,128.990005,579666400
NVDA,2025-01-29,126.5,126.889999,120.050003,123.699997,467120600
NVDA,2025-01-30,123.099998,125.0,118.099998,124.650002,392925500
NVDA,2025-01-31,123.779999,127.849998,119.190002,120.07,388161100
NVDA,2025-02-03,114.75,118.57,113.010002,116.660004,371235700
NVDA,2025-02-04,116.959999,121.199997,116.699997,118.650002,256550000
NVDA,2025-02-05,121.760002,125.0,120.760002,124.830002,262230800
NVDA,2025-02-06,127.419998,128.770004,125.209999,128.679993,251483600
NVDA,2025-02-07,129.220001,130.369995,125.0,129.839996,228186300
NVDA,2025-02-10,130.089996,135.0,129.960007,133.570007,216989100
NVDA,2025-02-11,132.580002,134.479996,131.020004,132.800003,178902400
NVDA,2025-02-12,130.020004,132.240005,129.080002,131.139999,160278600
NVDA,2025-02-13,131.559998,136.5,131.169998,135.289993,197430000
NVDA,2025-02-14,136.479996,139.25,135.5,138.850006,195479600
NVDA,2025-02-18,141.270004,143.440002,137.929993,139.399994,219176600
NVDA,2025-02-19,139.509995,141.360001,137.220001,139.229996,167536000
NVDA,2025-02-20,140.029999,140.660004,136.789993,140.110001,143903600
NVDA,2025-02-21,140.039993,141.460007,134.029999,134.429993,228217600
NVDA,2025-02-24,136.559998,138.589996,130.080002,130.279999,251381100
NVDA,2025-02-25,129.979996,130.199997,124.440002,126.629997,271428700
NVDA,2025-02-26,129.990005,133.729996,128.490005,131.279999,322553800
NVDA,2025-02-27,135.0,135.009995,120.010002,120.150002,443175800
NVDA,2025-02-28,118.019997,125.089996,116.400002,124.919998,389091100
NVDA,2025-03-03,123.510002,123.699997,112.279999,114.059998,411381400
NVDA,2025-03-04,110.650002,119.309998,110.110001,115.989998,398163300
NVDA,2025-03-05,117.580002,118.279999,114.510002,117.300003,284337900
NVDA,2025-03-06,113.529999,115.349998,110.220001,110.57,321181900
NVDA,2025-03-07,111.25,113.480003,107.559998,112.690002,341755500
NVDA,2025-03-10,109.900002,111.849998,105.459999,106.980003,366487400
NVDA,2025-03-11,106.989998,112.239998,104.769997,108.760002,354865700
NVDA,2025-03-12,114.120003,116.760002,112.879997,115.739998,323857500
NVDA,2025-03-13,117.029999,117.760002,113.790001,115.580002,299033100
NVDA,2025-03-14,118.610001,121.879997,118.150002,121.669998,277593500
NVDA,2025-03-17,122.739998,122.889999,118.029999,119.529999,255501500
NVDA,2025-03-18,118.0,119.019997,114.540001,115.43,299686900
NVDA,2025-03-19,117.269997,120.449997,115.68,117.519997,273426200
NVDA,2025-03-20,116.550003,120.199997,116.470001,118.529999,248829700
NVDA,2025-03-21,116.940002,117.989998,115.419998,117.699997,266498500
NVDA,2025-03-24,119.879997,122.220001,119.339996,121.410004,228452500
NVDA,2025-03-25,120.550003,121.290001,118.919998,120.690002,167447200
NVDA,2025-03-26,118.730003,118.839996,112.709999,113.760002,293463300
NVDA,2025-03-27,111.349998,114.449997,110.660004,111.43,236902100
NVDA,2025-03-28,111.489998,112.870003,109.07,109.669998,229872500
NVDA,2025-03-31,105.129997,110.959999,103.650002,108.379997,299212700
NVDA,2025-04-01,108.519997,110.199997,106.470001,110.150002,222614000
NVDA,2025-04-02,107.290001,111.980003,106.790001,110.419998,220601200
NVDA,2025-04-03,103.510002,105.629997,101.599998,101.800003,338769400
NVDA,2025-04-04,98.910004,100.129997,92.110001,94.309998,532273800
NVDA,2025-04-07,87.459999,101.75,86.620003,97.639999,611041300
NVDA,2025-04-08,103.809998,105.849998,94.459999,96.300003,476243400
NVDA,2025-04-09,98.889999,115.099998,97.529999,114.330002,612918300
NVDA,2025-04-10,109.370003,110.860001,99.150002,107.57,437812400
NVDA,2025-04-11,108.5,111.550003,107.480003,110.93,313417300
NVDA,2025-04-14,114.110001,114.290001,109.07,110.709999,264705000
NVDA,2025-04-15,110.970001,113.620003,110.5,112.199997,228966900
NVDA,2025-04-16,104.550003,106.790001,100.449997,104.489998,397016900
NVDA,2025-04-17,104.449997,104.470001,100.050003,101.489998,292517500
NVDA,2025-04-21,98.769997,99.440002,95.040001,96.910004,288501100
NVDA,2025-04-22,98.779999,99.809998,97.279999,98.889999,241004800
NVDA,2025-04-23,104.519997,104.800003,102.019997,102.709999,247526000
NVDA,2025-04-24,103.480003,106.540001,103.110001,106.43,220815000
NVDA,2025-04-25,106.849998,111.919998,105.730003,111.010002,251064700
NVDA,2025-04-28,109.690002,110.370003,106.019997,108.730003,207708500
NVDA,2025-04-29,107.669998,110.199997,107.440002,109.019997,170444300
NVDA,2025-04-30,104.470001,108.919998,104.080002,108.919998,235044600
NVDA,2025-05-01,113.080002,114.940002,111.300003,111.610001,236121500
NVDA,2025-05-02,114.18,115.400002,113.370003,114.5,190194800
NVDA,2025-05-05,112.910004,114.669998,112.660004,113.82,133163200
NVDA,2025-05-06,111.480003,114.739998,110.82,113.540001,158525600
NVDA,2025-05-07,113.050003,117.68,112.279999,117.059998,206758800
NVDA,2025-05-08,118.25,118.68,115.849998,117.370003,198428100
NVDA,2025-05-09,117.349998,118.230003,115.209999,116.650002,132972200
NVDA,2025-05-12,121.970001,123.0,120.279999,123.0,225023300
NVDA,2025-05-13,124.980003,131.220001,124.470001,129.929993,330430100
NVDA,2025-05-14,133.199997,135.440002,131.679993,135.339996,281180800
NVDA,2025-05-15,134.289993,136.300003,132.660004,134.830002,226632600
NVDA,2025-05-16,136.220001,136.350006,133.460007,135.399994,226542500
NVDA,2025-05-19,132.389999,135.869995,132.389999,135.570007,193154600
NVDA,2025-05-20,134.289993,134.580002,132.619995,134.380005,161514200
NVDA,2025-05-21,133.059998,137.399994,130.589996,131.800003,270608700
NVDA,2025-05-22,132.229996,134.25,131.550003,132.830002,187344000
NVDA,2025-05-23,130.0,132.679993,129.160004,131.289993,198821300
NVDA,2025-05-27,134.149994,135.660004,133.309998,135.5,192953600
NVDA,2025-05-28,136.029999,137.25,134.789993,134.809998,304021100
NVDA,2025-05-29,142.25,143.490005,137.910004,139.190002,369241900
NVDA,2025-05-30,138.720001,139.619995,132.919998,135.130005,333170900
NVDA,2025-06-02,135.490005,138.119995,135.399994,137.380005,197663100
NVDA,2025-06-03,138.779999,142.0,137.949997,141.220001,225578800
NVDA,2025-06-04,142.190002,142.389999,139.539993,141.919998,167120800
NVDA,2025-06-05,142.169998,144.0,138.830002,139.990005,231397900
NVDA,2025-06-06,142.509995,143.270004,141.509995,141.720001,153986200
NVDA,2025-06-09,143.190002,145.0,141.940002,142.630005,185114500
NVDA,2025-06-10,142.690002,144.289993,141.529999,143.960007,155881900
NVDA,2025-06-11,144.610001,144.990005,141.869995,142.830002,167694000
NVDA,2025-06-12,141.970001,145.0,141.850006,145.0,162365000
NVDA,2025-06-13,142.479996,143.580002,140.850006,141.970001,180820600
NVDA,2025-06-16,143.350006,146.179993,143.199997,144.690002,183133700
NVDA,2025-06-17,144.490005,145.220001,143.779999,144.119995,139108000
NVDA,2025-06-18,144.009995,145.649994,143.119995,145.479996,161494100
NVDA,2025-06-20,145.449997,146.199997,142.649994,143.850006,242956200
NVDA,2025-06-23,142.5,144.779999,142.029999,144.169998,154308900
NVDA,2025-06-24,145.559998,147.960007,145.5,147.899994,187566100
NVDA,2025-06-25,149.270004,154.449997,149.259995,154.309998,269146500
NVDA,2025-06-26,155.979996,156.720001,154.0,155.020004,198145700
NVDA,2025-06-27,156.039993,158.710007,155.259995,157.75,263234500
NVDA,2025-06-30,158.399994,158.660004,155.960007,157.990005,194580300
NVDA,2025-07-01,156.289993,157.199997,151.490005,153.300003,213143600
NVDA,2025-07-02,152.979996,157.600006,152.970001,157.25,171224100
NVDA,2025-07-03,158.369995,160.979996,157.770004,159.339996,143716100
NVDA,2025-07-07,158.199997,159.309998,157.339996,158.240005,140139000
NVDA,2025-07-08,159.330002,160.220001,158.389999,160.0,138133000
NVDA,2025-07-09,161.220001,164.419998,161.160004,162.880005,183656400
NVDA,2025-07-10,164.320007,164.5,161.610001,164.100006,167704100
NVDA,2025-07-11,163.720001,167.889999,163.470001,164.919998,193633300
NVDA,2025-07-14,165.369995,165.490005,162.020004,164.070007,136975800
NVDA,2025-07-15,171.190002,172.399994,169.199997,170.699997,230627400
NVDA,2025-07-16,171.059998,171.75,168.899994,171.369995,158831500
NVDA,2025-07-17,172.020004,174.160004,170.830002,173.0,160841100
NVDA,2025-07-18,173.639999,174.25,171.259995,172.410004,146456400
NVDA,2025-07-21,172.75,173.380005,171.0,171.380005,123126100
NVDA,2025-07-22,171.339996,171.389999,164.580002,167.029999,193114300
NVDA,2025-07-23,169.529999,171.259995,167.970001,170.779999,154082200
NVDA,2025-07-24,172.440002,173.830002,171.300003,173.740005,128984600
NVDA,2025-07-25,173.610001,174.720001,172.960007,173.5,122316800
NVDA,2025-07-28,174.020004,177.0,173.970001,176.75,140023500
NVDA,2025-07-29,177.960007,179.380005,175.020004,175.509995,154077500
NVDA,2025-07-30,176.509995,179.889999,176.039993,179.270004,174312200
NVDA,2025-07-31,182.899994,183.300003,175.929993,177.869995,221685400
NVDA,2025-08-01,174.089996,176.539993,170.889999,173.720001,204529000
NVDA,2025-08-04,175.160004,180.199997,174.520004,180.0,148174600
NVDA,2025-08-05,179.619995,180.259995,175.899994,178.259995,156407600
NVDA,2025-08-06,176.330002,179.899994,176.25,179.419998,137192300
NVDA,2025-08-07,181.570007,183.880005,178.800003,180.770004,151878400
NVDA,2025-08-08,181.550003,183.300003,180.399994,182.699997,123396700
NVDA,2025-08-11,182.050003,183.839996,180.25,182.059998,138323200
NVDA,2025-08-12,182.960007,184.479996,179.460007,183.160004,145485700
NVDA,2025-08-13,182.619995,183.970001,179.350006,181.589996,179871700
NVDA,2025-08-14,179.75,183.020004,179.460007,182.020004,129554000
NVDA,2025-08-15,181.880005,181.899994,178.039993,180.449997,156602200
NVDA,2025-08-18,180.600006,182.940002,180.589996,182.009995,132008000
NVDA,2025-08-19,182.429993,182.5,175.490005,175.639999,185229200
NVDA,2025-08-20,175.169998,176.0,168.800003,175.399994,215142700
NVDA,2025-08-21,174.850006,176.899994,173.809998,174.979996,140040900
NVDA,2025-08-22,172.610001,178.589996,171.199997,177.990005,172789400
NVDA,2025-08-25,178.350006,181.910004,176.570007,179.809998,163012800
NVDA,2025-08-26,180.059998,182.389999,178.809998,181.770004,168688200
NVDA,2025-08-27,181.979996,182.490005,179.100006,181.600006,235518900
NVDA,2025-08-28,180.820007,184.470001,176.410004,180.169998,281787800
NVDA,2025-08-29,178.110001,178.149994,173.149994,174.179993,243257900
NVDA,2025-09-02,170.0,172.380005,167.220001,170.779999,231164900
NVDA,2025-09-03,171.059998,172.410004,168.880005,170.619995,164424900
NVDA,2025-09-04,170.570007,171.860001,169.410004,171.660004,141670100
NVDA,2025-09-05,168.029999,169.029999,164.070007,167.020004,224441400
NVDA,2025-09-08,167.550003,170.960007,167.350006,168.309998,163769100
NVDA,2025-09-09,169.089996,170.979996,166.740005,170.759995,157548400
NVDA,2025-09-10,176.639999,179.289993,175.470001,177.330002,226852000
NVDA,2025-09-11,179.679993,180.279999,176.479996,177.169998,151159300
NVDA,2025-09-12,177.770004,178.600006,176.449997,177.820007,124911000
NVDA,2025-09-15,175.669998,178.850006,174.509995,177.75,147061600
NVDA,2025-09-16,177.0,177.5,174.380005,174.880005,140737800
NVDA,2025-09-17,172.639999,173.199997,168.410004,170.289993,211843800
NVDA,2025-09-18,173.979996,177.100006,172.960007,176.240005,191763300
NVDA,2025-09-19,175.770004,178.080002,175.179993,176.669998,237182100
NVDA,2025-09-22,175.300003,184.550003,174.710007,183.610001,269637000
NVDA,2025-09-23,181.970001,182.419998,176.210007,178.429993,192559600
NVDA,2025-09-24,179.770004,179.779999,175.399994,176.970001,143564100
NVDA,2025-09-25,174.479996,180.259995,173.130005,177.690002,191586700
NVDA,2025-09-26,178.169998,179.770004,174.929993,178.190002,148573700
NVDA,2025-09-29,180.429993,184.0,180.320007,181.850006,193063500
NVDA,2025-09-30,182.080002,187.350006,181.479996,186.580002,236981000
NVDA,2025-10-01,185.240005,188.139999,183.899994,187.240005,173844900
NVDA,2025-10-02,189.600006,191.050003,188.059998,188.889999,136805800
NVDA,2025-10-03,189.190002,190.360001,185.380005,187.619995,137596900
NVDA,2025-10-06,185.5,187.229996,183.330002,185.539993,157678100
NVDA,2025-10-07,186.229996,189.059998,184.0,185.039993,140088000
NVDA,2025-10-08,186.570007,189.600006,186.539993,189.110001,130168900
NVDA,2025-10-09,192.229996,195.300003,191.059998,192.570007,182997200
NVDA,2025-10-10,193.509995,195.619995,182.050003,183.160004,268774400
NVDA,2025-10-13,187.970001,190.110001,185.960007,188.320007,153482800
NVDA,2025-10-14,184.770004,184.800003,179.699997,180.029999,205641400
NVDA,2025-10-15,184.800003,184.869995,177.289993,179.830002,214450500
NVDA,2025-10-16,182.229996,183.279999,179.770004,181.809998,179723300
NVDA,2025-10-17,180.179993,184.100006,179.75,183.220001,173135200
NVDA,2025-10-20,183.130005,185.199997,181.729996,182.639999,128544700
NVDA,2025-10-21,182.789993,182.789993,179.800003,181.160004,124240200
NVDA,2025-10-22,181.139999,183.440002,176.759995,180.279999,162249600
NVDA,2025-10-23,180.419998,183.029999,179.789993,182.160004,111363700
NVDA,2025-10-24,183.839996,187.470001,183.5,186.259995,131296700
NVDA,2025-10-27,189.990005,192.0,188.429993,191.490005,153452700
NVDA,2025-10-28,193.050003,203.149994,191.910004,201.029999,297986200
NVDA,2025-10-29,207.979996,212.190002,204.779999,207.039993,308829600
NVDA,2025-10-30,205.149994,206.160004,201.410004,202.889999,178864400
NVDA,2025-10-31,206.449997,207.970001,202.070007,202.490005,179802200
NVDA,2025-11-03,208.080002,211.339996,205.559998,206.880005,180267300
NVDA,2025-11-04,203.0,203.970001,197.929993,198.690002,188919300
NVDA,2025-11-05,198.770004,202.919998,194.649994,195.210007,171350300
NVDA,2025-11-06,196.419998,197.619995,186.380005,188.080002,223029800
NVDA,2025-11-07,184.899994,188.320007,178.910004,188.149994,264942300
NVDA,2025-11-10,195.110001,199.940002,193.789993,199.050003,198897100
NVDA,2025-11-11,195.160004,195.419998,191.300003,193.160004,176483300
NVDA,2025-11-12,195.720001,195.889999,191.130005,193.800003,154935300
NVDA,2025-11-13,191.050003,191.440002,183.850006,186.860001,207423100
NVDA,2025-11-14,182.860001,191.009995,180.580002,190.169998,186591900
NVDA,2025-11-17,185.970001,189.0,184.320007,186.600006,173628900
NVDA,2025-11-18,183.380005,184.800003,179.649994,181.360001,213598900
NVDA,2025-11-19,184.789993,187.860001,182.830002,186.520004,247246400
NVDA,2025-11-20,195.949997,196.0,179.850006,180.639999,343504800
NVDA,2025-11-21,181.240005,184.559998,172.929993,178.880005,346926200
NVDA,2025-11-24,179.490005,183.5,176.479996,182.550003,256618300
NVDA,2025-11-25,174.910004,178.160004,169.550003,177.820007,320600300
NVDA,2025-11-26,181.630005,182.910004,178.240005,180.259995,183852000
NVDA,2025-11-28,179.009995,179.289993,176.5,177.0,121332800
NVDA,2025-12-01,174.759995,180.300003,173.679993,179.919998,188131000
NVDA,2025-12-02,181.759995,185.660004,180.0,181.460007,182632200
NVDA,2025-12-03,181.080002,182.449997,179.110001,179.589996,165138000
NVDA,2025-12-04,181.619995,184.520004,179.960007,183.380005,167364900
NVDA,2025-12-05,183.889999,184.660004,180.910004,182.410004,143971100
NVDA,2025-12-08,182.639999,188.0,182.399994,185.550003,204378100
NVDA,2025-12-09,185.559998,185.720001,183.320007,184.970001,144719700
NVDA,2025-12-10,184.970001,185.479996,182.039993,183.779999,162785400
NVDA,2025-12-11,180.279999,181.320007,176.619995,180.929993,182136600
NVDA,2025-12-12,181.110001,182.820007,174.619995,175.020004,204274900
NVDA,2025-12-15,177.940002,178.419998,175.029999,176.289993,164775600
NVDA,2025-12-16,176.259995,178.490005,174.899994,177.720001,148588100
NVDA,2025-12-17,176.100006,176.130005,170.309998,170.940002,222775500
NVDA,2025-12-18,174.529999,176.149994,171.820007,174.139999,176096000
NVDA,2025-12-19,176.669998,181.449997,176.339996,180.990005,324925900
NVDA,2025-12-22,183.919998,184.160004,182.350006,183.690002,129064400
NVDA,2025-12-23,182.970001,189.330002,182.899994,189.210007,174873600
NVDA,2025-12-24,187.940002,188.910004,186.589996,188.610001,65528500
NVDA,2025-12-26,189.919998,192.690002,188.0,190.529999,139740300
NVDA,2025-12-29,187.710007,188.759995,185.910004,188.220001,120006100
NVDA,2025-12-30,188.240005,188.990005,186.929993,187.539993,97687300
NVDA,2025-12-31,189.570007,190.559998,186.490005,186.5,120100500
NVDA,2026-01-02,189.839996,192.929993,188.259995,188.850006,148240500
NVDA,2026-01-05,191.759995,193.630005,186.149994,188.119995,183529700
NVDA,2026-01-06,190.520004,192.169998,186.820007,187.240005,176862600
NVDA,2026-01-07,188.570007,191.369995,186.559998,189.110001,153543200
NVDA,2026-01-08,189.110001,189.550003,183.710007,185.039993,172457000
NVDA,2026-01-09,185.080002,186.339996,183.669998,184.860001,131327500
NVDA,2026-01-12,183.220001,187.119995,183.020004,184.940002,137968500
NVDA,2026-01-13,185.0,188.110001,183.399994,185.809998,160128900
NVDA,2026-01-14,184.320007,184.460007,180.800003,183.139999,159586100
NVDA,2026-01-15,186.5,189.699997,186.330002,187.050003,206188600
NVDA,2026-01-16,189.080002,190.440002,186.080002,186.229996,187967200
NVDA,2026-01-20,181.899994,182.380005,177.610001,178.070007,223345300
NVDA,2026-01-21,179.050003,185.380005,178.399994,183.320007,200381000
NVDA,2026-01-22,184.75,186.169998,183.929993,184.839996,139636600
NVDA,2026-01-23,187.5,189.600006,186.820007,187.669998,142748100
NVDA,2026-01-26,187.160004,189.119995,185.990005,186.470001,124799600
NVDA,2026-01-27,187.240005,190.0,185.699997,188.520004,143711600
NVDA,2026-01-28,191.270004,192.350006,189.839996,191.520004,148552700
NVDA,2026-01-29,191.339996,193.479996,186.059998,192.509995,171764400
NVDA,2026-01-30,191.210007,194.490005,189.470001,191.130005,179489500
NVDA,2026-02-02,187.199997,190.300003,184.880005,185.610001,165794100
NVDA,2026-02-03,186.240005,186.270004,176.229996,180.339996,204019600
NVDA,2026-02-04,179.460007,179.580002,171.910004,174.190002,207014100
NVDA,2026-02-05,174.929993,176.820007,171.029999,171.880005,206312900
NVDA,2026-02-06,176.690002,187.0,174.600006,185.410004,231346200
NVDA,2026-02-09,184.259995,193.660004,183.949997,190.039993,196387400
NVDA,2026-02-10,191.380005,192.479996,188.119995,188.539993,136764800
NVDA,2026-02-11,192.449997,193.259995,188.770004,190.050003,144192700
NVDA,2026-02-12,193.029999,193.610001,186.509995,186.940002,189932500
NVDA,2026-02-13,187.479996,187.5,181.589996,182.809998,161888000
NVDA,2026-02-17,181.75,187.149994,179.179993,184.970001,162276900
NVDA,2026-02-18,188.75,190.369995,186.759995,187.979996,164749100
NVDA,2026-02-19,187.059998,188.429993,185.660004,187.899994,126554500
NVDA,2026-02-20,186.570007,190.330002,185.940002,189.820007,178422300
NVDA,2026-02-23,191.399994,193.949997,189.580002,191.550003,171584800
NVDA,2026-02-24,191.490005,193.770004,187.399994,192.850006,175123600
NVDA,2026-02-25,194.449997,197.630005,193.789993,195.559998,250637100
NVDA,2026-02-26,194.270004,194.289993,184.320007,184.889999,360807900
NVDA,2026-02-27,181.25,182.589996,176.380005,177.190002,311636500
NVDA,2026-03-02,175.009995,183.460007,174.639999,182.479996,209095300
NVDA,2026-03-03,178.490005,180.899994,176.919998,180.050003,178099400
NVDA,2026-03-04,180.440002,184.699997,180.059998,183.039993,177731200
NVDA,2026-03-05,181.169998,184.059998,177.880005,183.339996,198779700
NVDA,2026-03-06,179.839996,182.759995,176.820007,177.820007,189021900
NVDA,2026-03-09,176.830002,182.910004,175.559998,182.649994,177213600
NVDA,2026-03-10,182.399994,186.440002,182.009995,184.770004,179118500
NVDA,2026-03-11,185.910004,187.619995,184.449997,186.029999,145280400
NVDA,2026-03-12,184.050003,184.940002,181.75,183.139999,155762700
NVDA,2026-03-13,184.919998,186.089996,179.940002,180.25,160988400
NVDA,2026-03-16,182.970001,188.880005,181.410004,183.220001,217307400
NVDA,2026-03-17,185.059998,185.399994,181.679993,181.929993,182497800
NVDA,2026-03-18,182.479996,183.380005,180.330002,180.399994,156683100
NVDA,2026-03-19,178.009995,179.979996,175.789993,178.559998,170968500
NVDA,2026-03-20,178.0,178.259995,171.720001,172.699997,241323500
NVDA,2026-03-23,177.259995,178.369995,174.759995,175.639999,182836300
NVDA,2026-03-24,174.830002,176.220001,173.979996,175.199997,147667800
NVDA,2026-03-25,177.100006,181.220001,176.850006,178.679993,162602100
NVDA,2026-03-26,176.070007,176.509995,171.139999,171.240005,186152200
NVDA,2026-03-27,170.0,170.970001,167.009995,167.520004,196212700
NVDA,2026-03-30,168.779999,169.449997,164.270004,165.169998,185627000
NVDA,2026-03-31,166.970001,174.619995,166.960007,174.399994,226181300
NVDA,2026-04-01,176.0,177.369995,174.75,175.75,168132000
NVDA,2026-04-02,172.179993,177.490005,171.369995,177.389999,143143200
NVDA,2026-04-06,177.160004,177.789993,175.759995,177.639999,107564300
NVDA,2026-04-07,175.729996,178.229996,173.660004,178.100006,132534900
NVDA,2026-04-08,184.5,185.259995,180.300003,182.080002,147732700
NVDA,2026-04-09,181.839996,184.080002,180.619995,183.910004,116428500
NVDA,2026-04-10,184.309998,190.0,184.300003,188.630005,160459500
NVDA,2026-04-13,186.029999,189.660004,185.740005,189.309998,133648200
NVDA,2026-04-14,190.839996,196.509995,190.770004,196.509995,161307000
NVDA,2026-04-15,196.539993,200.399994,195.740005,198.869995,185338400
NVDA,2026-04-16,197.429993,199.850006,195.809998,198.350006,134012900
NVDA,2026-04-17,199.899994,201.699997,199.270004,201.679993,160324400
NVDA,2026-04-20,199.979996,202.169998,197.839996,202.059998,119381400
NVDA,2026-04-21,202.130005,202.75,199.0,199.880005,107945300
NVDA,2026-04-22,200.990005,202.5,199.0,202.5,107501000
NVDA,2026-04-23,202.460007,203.830002,197.220001,199.639999,113561800
NVDA,2026-04-24,199.960007,210.949997,199.809998,208.270004,214134400
NVDA,2026-04-27,209.649994,216.830002,207.380005,216.610001,187172400
NVDA,2026-04-28,209.490005,214.729996,208.199997,213.169998,180275400
NVDA,2026-04-29,212.699997,212.720001,207.580002,209.25,123711800
NVDA,2026-04-30,209.929993,210.300003,198.699997,199.570007,225239200
NVDA,2026-05-01,201.279999,203.0,197.119995,198.449997,128647000
NVDA,2026-05-04,199.5,201.729996,194.740005,198.479996,125368100
NVDA,2026-05-05,199.300003,200.240005,196.029999,196.5,113406600
NVDA,2026-05-06,199.889999,208.270004,198.610001,207.830002,188362800
NVDA,2026-05-07,208.339996,214.199997,206.5,211.5,168307900
NVDA,2026-05-08,213.029999,217.800003,212.889999,215.199997,136421400
NVDA,2026-05-11,214.039993,222.300003,213.889999,219.440002,160685800
NVDA,2026-05-12,218.550003,223.75,214.919998,220.779999,159176600
NVDA,2026-05-13,224.929993,227.839996,221.570007,225.830002,150405400
NVDA,2026-05-14,229.850006,236.539993,229.300003,235.740005,180782900
NVDA,2026-05-15,229.759995,231.5,224.240005,225.320007,180977600
NVDA,2026-05-18,229.869995,230.0,218.369995,222.320007,146280900
NVDA,2026-05-19,219.619995,224.479996,217.910004,220.610001,140201600
WMT,2021-05-21,47.506668,47.693333,47.200001,47.25,22927500
WMT,2021-05-24,47.253334,47.473331,47.119999,47.253334,18945900
WMT,2021-05-25,47.266666,47.546665,47.023335,47.446667,21505200
WMT,2021-05-26,47.463333,47.626667,47.253334,47.389999,19294200
WMT,2021-05-27,47.783333,47.893333,47.23,47.23,56577000
WMT,2021-05-28,47.310001,47.483334,47.213333,47.343334,21186300
WMT,2021-06-01,47.403332,47.599998,47.09,47.220001,20767500
WMT,2021-06-02,47.130001,47.236668,46.696667,47.116669,23298000
WMT,2021-06-03,47.130001,47.283333,46.916668,47.200001,18374400
WMT,2021-06-04,47.153332,47.43,47.083332,47.283333,13635900
WMT,2021-06-07,47.283333,47.323334,46.796665,46.966667,16630800
WMT,2021-06-08,46.836666,46.966667,46.603333,46.610001,20120700
WMT,2021-06-09,46.446667,46.669998,46.343334,46.360001,17085300
WMT,2021-06-10,46.360001,46.73,46.360001,46.626667,16378500
WMT,2021-06-11,46.743332,46.950001,46.619999,46.916668,25232400
WMT,2021-06-14,46.976665,46.976665,46.676666,46.853333,15140700
WMT,2021-06-15,46.946667,46.970001,46.553333,46.666668,19327200
WMT,2021-06-16,46.616669,46.68,45.656666,45.716667,28794900
WMT,2021-06-17,45.666668,46.116669,45.57,45.906666,19341900
WMT,2021-06-18,45.146667,45.463333,44.799999,45.056667,44812800
WMT,2021-06-21,45.220001,45.583332,45.116669,45.466667,20775000
WMT,2021-06-22,45.41,45.906666,45.41,45.676666,19107000
WMT,2021-06-23,45.5,45.663334,45.310001,45.32,19390500
WMT,2021-06-24,45.389999,45.746666,45.366669,45.636665,23444100
WMT,2021-06-25,45.709999,46.286667,45.639999,46.176666,28640700
WMT,2021-06-28,46.013332,46.213333,45.533333,46.033333,15549000
WMT,2021-06-29,45.966667,46.156666,45.743332,45.766666,35962500
WMT,2021-06-30,46.52,47.526669,46.23,47.006668,45511200
WMT,2021-07-01,46.803333,47.083332,46.336666,46.439999,26348700
WMT,2021-07-02,46.450001,47.026669,46.450001,46.703335,26280600
WMT,2021-07-06,46.633331,46.916668,46.503334,46.646667,18279300
WMT,2021-07-07,46.586666,47.063332,46.453335,46.57,25607400
WMT,2021-07-08,46.113335,46.883331,46.073334,46.529999,21267000
WMT,2021-07-09,46.803333,46.946667,46.643333,46.766666,15185400
WMT,2021-07-12,46.896667,46.93,46.443333,46.683334,19515000
WMT,2021-07-13,46.663334,47.060001,46.646667,46.860001,18947700
WMT,2021-07-14,46.903332,47.266666,46.610001,47.183334,18812100
WMT,2021-07-15,47.333332,47.546665,47.029999,47.220001,17974800
WMT,2021-07-16,47.233334,47.376667,46.983334,47.186668,18095400
WMT,2021-07-19,47.136665,47.66,46.59,47.076668,27383100
WMT,2021-07-20,46.990002,47.490002,46.926666,47.290001,19020300
WMT,2021-07-21,47.5,47.513332,46.903332,47.056667,18591900
WMT,2021-07-22,47.043331,47.373333,46.933334,47.09,13013400
WMT,2021-07-23,47.173332,47.573334,47.003334,47.476665,15947400
WMT,2021-07-26,47.453335,47.953335,47.153332,47.543331,18517200
WMT,2021-07-27,47.666668,47.666668,47.32,47.546665,15395700
WMT,2021-07-28,47.493332,47.75,47.220001,47.353333,14071500
WMT,2021-07-29,47.546665,47.616669,47.34,47.413334,11063100
WMT,2021-07-30,47.066666,47.653332,47.066666,47.516666,16332300
WMT,2021-08-02,47.610001,47.623333,47.223331,47.406666,19958400
WMT,2021-08-03,47.48,47.966667,47.453335,47.939999,18915300
WMT,2021-08-04,47.793331,47.98,47.580002,47.613335,15301500
WMT,2021-08-05,48.076668,48.513332,47.996666,48.496666,27005400
WMT,2021-08-06,48.736668,48.823334,48.316666,48.41,19263600
WMT,2021-08-09,48.636665,48.826668,48.466667,48.526669,15811800
WMT,2021-08-10,48.990002,49.650002,48.75,49.560001,38262000
WMT,2021-08-11,49.836666,50.526669,49.720001,50.003334,41455800
WMT,2021-08-12,49.666668,50.07,49.603333,49.686668,18269100
WMT,2021-08-13,49.793331,50.119999,49.720001,49.843334,15981300
WMT,2021-08-16,49.893333,50.576668,49.68,50.25,47791500
WMT,2021-08-17,50.133331,50.833332,49.700001,50.233334,50950200
WMT,2021-08-18,50.183334,50.856667,49.673332,49.700001,28211700
WMT,2021-08-19,49.443333,50.220001,49.333332,50.036667,22630500
WMT,2021-08-20,50.16,50.573334,49.916668,50.483334,19400400
WMT,2021-08-23,50.509998,50.596668,50.136665,50.150002,16166100
WMT,2021-08-24,50.166668,50.166668,49.566666,49.633331,18828900
WMT,2021-08-25,49.470001,49.759998,49.343334,49.653332,21921300
WMT,2021-08-26,49.156666,49.423332,48.889999,49.116669,23466900
WMT,2021-08-27,49.169998,49.23,48.726665,48.84,23088600
WMT,2021-08-30,48.806667,49.333332,48.673332,49.233334,16440600
WMT,2021-08-31,49.330002,49.48,49.080002,49.366669,25078500
WMT,2021-09-01,49.186668,49.310001,48.856667,49.259998,19056600
WMT,2021-09-02,49.373333,49.596668,49.23,49.52,20018100
WMT,2021-09-03,49.400002,49.883331,49.299999,49.75,17211900
WMT,2021-09-07,49.656666,49.723331,49.02,49.09,25345200
WMT,2021-09-08,48.983334,49.439999,48.91,49.153332,19508400
WMT,2021-09-09,49.153332,49.203335,48.613335,48.806667,22328700
WMT,2021-09-10,49.066666,49.080002,48.476665,48.630001,15775200
WMT,2021-09-13,48.84,49.049999,48.213333,48.353333,19529400
WMT,2021-09-14,48.493332,48.626667,47.973331,48.099998,16533900
WMT,2021-09-15,48.023335,48.25,47.93,48.183334,14850000
WMT,2021-09-16,48.146667,48.436668,47.896667,48.343334,18428400
WMT,2021-09-17,48.046665,48.720001,48.006668,48.243332,73032600
WMT,2021-09-20,47.833332,48.396667,47.206669,47.580002,25054500
WMT,2021-09-21,47.566666,48.193333,47.556667,47.673332,17437500
WMT,2021-09-22,47.823334,47.866669,47.43,47.563332,15044400
WMT,2021-09-23,47.740002,47.876667,47.483334,47.59,15585300
WMT,2021-09-24,47.5,47.896667,47.496666,47.723331,13360500
WMT,2021-09-27,47.623333,47.849998,47.279999,47.416668,21250800
WMT,2021-09-28,47.293331,47.356667,46.663334,46.833332,20580900
WMT,2021-09-29,46.883331,47.276669,46.773335,46.813332,21375600
WMT,2021-09-30,46.880001,47.243332,46.416668,46.459999,22457700
WMT,2021-10-01,46.419998,46.543331,45.306667,45.683334,30014400
WMT,2021-10-04,45.696667,46.076668,44.903332,45.243332,29970300
WMT,2021-10-05,45.316666,45.903332,45.299999,45.540001,20597400
WMT,2021-10-06,45.413334,45.93,45.376667,45.873333,19376700
WMT,2021-10-07,46.259998,46.900002,46.253334,46.413334,21068100
WMT,2021-10-08,46.553333,46.696667,46.336666,46.553333,13847400
WMT,2021-10-11,46.506668,46.926666,46.48,46.509998,13048200
WMT,2021-10-12,46.446667,46.803333,46.356667,46.459999,15789300
WMT,2021-10-13,46.5,46.669998,46.043331,46.123333,17937900
WMT,2021-10-14,46.166668,46.689999,46.166668,46.623333,19783500
WMT,2021-10-15,46.873333,47.033333,46.653332,46.849998,20737200
WMT,2021-10-18,46.666668,47.336666,46.610001,47.226665,19887000
WMT,2021-10-19,48.209999,48.536667,47.886665,48.23,33444300
WMT,2021-10-20,48.296665,48.830002,48.296665,48.666668,17453700
WMT,2021-10-21,48.860001,48.973331,48.603333,48.936668,13954500
WMT,2021-10-22,49.033333,49.896667,49.033333,49.446667,21195600
WMT,2021-10-25,49.593334,50.173332,49.336666,50.02,19287900
WMT,2021-10-26,50.0,50.183334,49.486668,49.583332,17418600
WMT,2021-10-27,49.653332,49.673332,49.130001,49.176666,14565600
WMT,2021-10-28,49.446667,49.66,49.236668,49.483334,12598500
WMT,2021-10-29,49.303333,50.033333,49.186668,49.806667,22022700
WMT,2021-11-01,49.993332,50.25,49.783333,49.93,12549600
WMT,2021-11-02,49.990002,50.060001,49.759998,49.906666,13638900
WMT,2021-11-03,49.866669,50.096668,49.676666,50.060001,14209500
WMT,2021-11-04,50.060001,50.616669,49.943333,50.426666,15149100
WMT,2021-11-05,50.666668,50.666668,49.873333,50.076668,15081900
WMT,2021-11-08,50.073334,50.169998,49.576668,49.756668,15373200
WMT,2021-11-09,49.84,49.956669,49.623333,49.93,15001800
WMT,2021-11-10,49.576668,49.873333,49.326668,49.48,16803600
WMT,2021-11-11,49.59,49.663334,49.396667,49.5,13603200
WMT,2021-11-12,49.666668,49.746666,49.18,49.253334,18313800
WMT,2021-11-15,49.383331,49.483334,48.799999,48.970001,28896000
WMT,2021-11-16,48.366669,48.893333,47.433334,47.723331,73986600
WMT,2021-11-17,47.720001,48.240002,47.273335,47.313332,33116100
WMT,2021-11-18,47.380001,47.763332,46.953335,47.720001,24394200
WMT,2021-11-19,47.873333,48.0,47.313332,47.463333,28119300
WMT,2021-11-22,47.553333,48.453335,47.333332,48.259998,29126400
WMT,2021-11-23,48.083332,48.66,47.75,48.603333,29907900
WMT,2021-11-24,48.576668,49.02,48.546665,48.846668,18089400
WMT,2021-11-26,48.813332,49.293331,48.139999,48.299999,21039600
WMT,2021-11-29,48.333332,48.416668,47.41,47.543331,33039600
WMT,2021-11-30,47.16,47.5,46.669998,46.876667,64818900
WMT,2021-12-01,46.836666,46.906666,45.68,45.713333,36621300
WMT,2021-12-02,45.876667,46.146667,45.080002,45.156666,39805800
WMT,2021-12-03,45.286667,45.959999,45.096668,45.836666,44142600
WMT,2021-12-06,45.853333,46.453335,45.700001,46.333332,32589300
WMT,2021-12-07,46.533333,46.610001,46.029999,46.183334,37739100
WMT,2021-12-08,46.02,46.166668,45.336666,45.716667,34496400
WMT,2021-12-09,45.543331,46.189999,45.236668,46.166668,32351700
WMT,2021-12-10,46.113335,47.099998,45.856667,47.009998,38575500
WMT,2021-12-13,46.746666,47.916668,46.669998,47.856667,54039300
WMT,2021-12-14,47.766666,48.426666,47.383331,48.313332,46721400
WMT,2021-12-15,48.403332,48.823334,47.799999,48.59,33489900
WMT,2021-12-16,48.59,48.843334,47.630001,47.779999,39069600
WMT,2021-12-17,47.583332,47.983334,46.130001,46.25,78581100
WMT,2021-12-20,46.040001,46.583332,45.866669,46.400002,31017900
WMT,2021-12-21,46.299999,46.619999,46.003334,46.540001,24620400
WMT,2021-12-22,46.633331,46.663334,46.176666,46.599998,17028000
WMT,2021-12-23,46.599998,46.720001,46.283333,46.496666,17592600
WMT,2021-12-27,46.533333,46.956669,46.523335,46.919998,16040700
WMT,2021-12-28,46.866669,47.656666,46.866669,47.593334,15783000
WMT,2021-12-29,47.553333,47.843334,47.439999,47.57,13045200
WMT,2021-12-30,47.753334,47.900002,47.493332,47.723331,14949000
WMT,2021-12-31,47.733334,48.346668,47.639999,48.23,17947800
WMT,2022-01-03,48.0,48.263332,47.669998,48.216667,20706600
WMT,2022-01-04,48.013332,48.380001,47.253334,47.333332,33930000
WMT,2022-01-05,47.616669,48.650002,47.580002,47.973331,35418000
WMT,2022-01-06,47.873333,48.213333,47.466667,47.84,21828900
WMT,2022-01-07,47.833332,48.453335,47.653332,48.296665,19723500
WMT,2022-01-10,48.48,48.529999,47.706669,48.203335,22731600
WMT,2022-01-11,48.07,48.206669,47.726665,48.066666,21668700
WMT,2022-01-12,47.893333,47.986668,47.666668,47.813332,18946800
WMT,2022-01-13,47.810001,48.560001,47.703335,48.490002,24252600
WMT,2022-01-14,48.073334,48.876667,48.073334,48.353333,26867400
WMT,2022-01-18,48.136665,48.233334,47.376667,47.506668,21123900
WMT,2022-01-19,47.513332,48.330002,47.306667,47.98,22674000
WMT,2022-01-20,47.450001,48.153332,47.023335,47.073334,22387200
WMT,2022-01-21,47.073334,47.419998,46.686668,46.73,27508200
WMT,2022-01-24,46.356667,46.843334,45.77,46.733334,28699200
WMT,2022-01-25,46.663334,46.790001,45.603333,45.716667,29479500
WMT,2022-01-26,45.779999,46.263332,45.053333,45.25,26185500
WMT,2022-01-27,45.639999,46.360001,45.123333,45.279999,27759000
WMT,2022-01-28,45.333332,45.856667,44.650002,45.84,25131900
WMT,2022-01-31,45.696667,46.68,45.566666,46.603333,20193600
WMT,2022-02-01,46.403332,47.049999,46.330002,46.970001,20323200
WMT,2022-02-02,47.0,47.213333,46.716667,46.950001,18149700
WMT,2022-02-03,46.753334,47.330002,46.59,46.996666,20741100
WMT,2022-02-04,46.963333,47.0,46.116669,46.443333,22036500
WMT,2022-02-07,46.686668,46.689999,45.869999,45.986668,20010300
WMT,2022-02-08,46.106667,46.413334,45.836666,45.996666,19458900
WMT,2022-02-09,46.166668,46.263332,45.823334,45.896667,21473700
WMT,2022-02-10,45.516666,45.669998,45.153332,45.360001,27810600
WMT,2022-02-11,45.606667,45.726665,44.723331,45.110001,23733300
WMT,2022-02-14,45.110001,45.32,44.236668,44.650002,29363400
WMT,2022-02-15,44.913334,45.223331,44.596668,44.790001,21824400
WMT,2022-02-16,44.776669,44.959999,44.233334,44.509998,28490700
WMT,2022-02-17,44.666668,46.490002,44.593334,46.293331,53831400
WMT,2022-02-18,46.033333,46.529999,45.720001,45.996666,31103400
WMT,2022-02-22,45.923332,46.080002,45.313332,45.483334,25380900
WMT,2022-02-23,45.619999,45.73,44.946667,45.016666,21030900
WMT,2022-02-24,44.636665,45.003334,44.003334,44.843334,31717500
WMT,2022-02-25,44.936668,45.593334,44.696667,45.459999,24997800
WMT,2022-02-28,45.0,45.356667,44.59,45.053333,26286600
WMT,2022-03-01,45.290001,45.963333,45.006668,45.330002,24024900
WMT,2022-03-02,45.220001,45.610001,45.060001,45.386665,23863800
WMT,2022-03-03,45.763332,46.823334,45.516666,46.43,29885100
WMT,2022-03-04,45.936668,47.646667,45.863335,47.606667,35576400
WMT,2022-03-07,47.099998,47.876667,46.816666,47.223331,45870000
WMT,2022-03-08,47.166668,47.486668,46.193333,46.246666,28305600
WMT,2022-03-09,46.666668,46.746666,46.046665,46.486668,22122900
WMT,2022-03-10,46.496666,47.666668,46.336666,47.543331,27512700
WMT,2022-03-11,47.433334,48.016666,47.293331,47.356667,19162200
WMT,2022-03-14,47.34,48.283333,47.330002,48.016666,22646400
WMT,2022-03-15,48.176666,48.716667,47.950001,48.593334,22872600
WMT,2022-03-16,48.463333,48.98,47.900002,48.450001,24615900
WMT,2022-03-17,48.150002,48.433334,47.549999,48.336666,19023000
WMT,2022-03-18,48.393333,48.523335,48.036667,48.48,31233300
WMT,2022-03-21,48.476665,49.096668,47.873333,48.076668,21350700
WMT,2022-03-22,48.203335,48.323334,47.66,47.933334,20235000
WMT,2022-03-23,47.713333,47.91,47.173332,47.316666,19625400
WMT,2022-03-24,47.463333,47.970001,47.293331,47.610001,13440900
WMT,2022-03-25,47.816666,47.976665,47.419998,47.816666,14085300
WMT,2022-03-28,47.833332,48.686668,47.766666,48.666668,20105700
WMT,2022-03-29,48.866669,49.366669,48.75,49.076668,19934400
WMT,2022-03-30,49.043331,50.060001,49.013332,49.956669,24991500
WMT,2022-03-31,49.596668,50.18,49.393333,49.639999,27163800
WMT,2022-04-01,49.886665,50.423332,49.613335,50.336666,20939700
WMT,2022-04-04,50.303333,51.066666,50.026669,50.346668,25332600
WMT,2022-04-05,50.293331,51.110001,50.293331,50.490002,18657900
WMT,2022-04-06,50.34,51.806667,50.166668,51.663334,28018500
WMT,2022-04-07,51.700001,52.513332,51.48,52.18,27088200
WMT,2022-04-08,52.303333,52.803333,52.07,52.470001,23294400
WMT,2022-04-11,52.323334,52.746666,51.209999,51.43,24712800
WMT,2022-04-12,51.413334,51.799999,50.849998,51.076668,26761200
WMT,2022-04-13,51.150002,52.596668,51.116669,52.406666,29284500
WMT,2022-04-14,52.369999,52.763332,52.143333,52.360001,22360500
WMT,2022-04-18,52.25,52.66,51.736668,51.959999,14671800
WMT,2022-04-19,52.223331,52.650002,52.013332,52.549999,15855000
WMT,2022-04-20,52.783333,53.450001,52.763332,53.209999,19821600
WMT,2022-04-21,53.306667,53.59,53.023335,53.290001,18168300
WMT,2022-04-22,53.416668,53.453335,52.220001,52.286667,21046200
WMT,2022-04-25,52.123333,52.490002,51.450001,52.313332,18057600
WMT,2022-04-26,52.123333,52.709999,51.733334,51.766666,19601100
WMT,2022-04-27,51.843334,52.066666,51.34,51.413334,17496900
WMT,2022-04-28,51.743332,52.326668,51.366669,52.07,14955900
WMT,2022-04-29,51.936668,52.073334,50.903332,50.996666,21088800
WMT,2022-05-02,51.653332,51.663334,50.106667,50.66,20016000
WMT,2022-05-03,50.810001,51.426666,50.593334,50.836666,17950500
WMT,2022-05-04,50.676666,51.606667,50.503334,51.540001,20022600
WMT,2022-05-05,51.213333,51.276669,50.466667,50.913334,23234400
WMT,2022-05-06,50.57,51.316666,49.423332,49.853333,34258200
WMT,2022-05-09,49.490002,51.033333,49.396667,50.436668,28207200
WMT,2022-05-10,50.476665,50.763332,49.52,49.726665,24861300
WMT,2022-05-11,49.799999,50.25,48.970001,49.206669,27878700
WMT,2022-05-12,49.286667,50.049999,48.84,49.16,25244400
WMT,2022-05-13,49.236668,49.459999,48.713333,49.349998,19962300
WMT,2022-05-16,49.793331,49.91,48.82,49.403332,21449100
WMT,2022-05-17,45.476665,45.813332,43.546665,43.783333,132940200
WMT,2022-05-18,42.676666,42.756668,40.509998,40.810001,104253000
WMT,2022-05-19,40.290001,40.596668,39.533333,39.689999,71008500
WMT,2022-05-20,39.880001,40.279999,39.09,39.733334,49356000
WMT,2022-05-23,39.973331,41.256668,39.953335,40.866669,43680900
WMT,2022-05-24,40.403332,41.516666,40.360001,41.376667,34584900
WMT,2022-05-25,41.333332,41.556667,40.866669,41.123333,27121800
WMT,2022-05-26,41.766666,42.133331,41.466667,42.0,28197600
WMT,2022-05-27,41.830002,42.873333,41.77,42.826668,25299900
WMT,2022-05-31,42.486668,43.299999,42.473331,42.876667,36912300
WMT,2022-06-01,42.833332,42.973331,41.560001,41.816666,28534800
WMT,2022-06-02,41.856667,42.509998,41.443333,42.503334,23214300
WMT,2022-06-03,42.223331,42.473331,41.696667,41.773335,18302700
WMT,2022-06-06,41.939999,42.099998,41.529999,41.623333,19855500
WMT,2022-06-07,40.413334,41.163334,40.293331,41.123333,47707800
WMT,2022-06-08,40.783333,41.303333,40.650002,40.766666,22522800
WMT,2022-06-09,40.666668,41.450001,40.330002,40.34,19880100
WMT,2022-06-10,39.916668,40.913334,39.779999,40.566666,25238100
WMT,2022-06-13,39.913334,40.413334,39.696667,39.803333,24897900
WMT,2022-06-14,39.709999,40.0,39.389999,39.82,21544200
WMT,2022-06-15,39.990002,40.136665,39.299999,39.793331,25914000
WMT,2022-06-16,39.450001,40.586666,39.41,40.206669,30706800
WMT,2022-06-17,40.006668,40.293331,39.323334,39.43,36838800
WMT,2022-06-21,39.433334,40.926666,39.406666,40.723331,23916600
WMT,2022-06-22,40.700001,41.083332,40.196667,40.23,20235000
WMT,2022-06-23,40.583332,41.32,40.400002,41.206669,18040800
WMT,2022-06-24,41.363335,41.77,41.053333,41.240002,31845900
WMT,2022-06-27,41.259998,41.580002,40.93,41.373333,19889100
WMT,2022-06-28,41.553333,41.856667,40.763332,40.790001,15399000
WMT,2022-06-29,40.963333,41.116669,40.323334,40.639999,19111500
WMT,2022-06-30,40.293331,40.686668,39.963333,40.526669,19166100
WMT,2022-07-01,40.646667,40.973331,40.386665,40.876667,17460900
WMT,2022-07-05,40.736668,41.503334,40.536667,41.416668,18218100
WMT,2022-07-06,41.493332,42.093334,41.433334,41.709999,21300000
WMT,2022-07-07,41.73,41.843334,41.373333,41.773335,17487300
WMT,2022-07-08,41.939999,42.203335,41.716667,41.799999,14751000
WMT,2022-07-11,41.673332,42.110001,41.540001,41.816666,11532900
WMT,2022-07-12,41.703335,42.376667,41.573334,41.689999,13732200
WMT,2022-07-13,41.48,42.153332,41.303333,41.790001,12689100
WMT,2022-07-14,41.386665,42.773335,41.380001,42.606667,20905500
WMT,2022-07-15,42.933334,43.423332,42.683334,43.023335,21184200
WMT,2022-07-18,42.883331,43.433334,42.753334,42.923332,14243700
WMT,2022-07-19,43.130001,43.32,42.866669,43.186668,16995300
WMT,2022-07-20,43.503334,43.77,43.166668,43.546665,18564900
WMT,2022-07-21,43.560001,44.186668,43.5,44.183334,18764700
WMT,2022-07-22,44.18,44.463333,43.743332,44.07,13616400
WMT,2022-07-25,44.130001,44.233334,43.82,44.006668,20535300
WMT,2022-07-26,40.376667,40.896667,40.02,40.66,95391600
WMT,2022-07-27,40.413334,42.256668,40.343334,42.196667,42159600
WMT,2022-07-28,42.09,43.503334,42.09,43.25,33262200
WMT,2022-07-29,42.773335,44.086666,42.669998,44.016666,30141900
WMT,2022-08-01,43.686668,44.743332,43.666668,44.18,24996300
WMT,2022-08-02,44.383331,44.57,43.799999,44.226665,19695000
WMT,2022-08-03,44.053333,44.313332,43.286667,43.5,32003100
WMT,2022-08-04,43.556667,43.599998,41.776669,41.856667,53106000
WMT,2022-08-05,41.836666,42.27,41.706669,42.193333,32007000
WMT,2022-08-08,42.216667,42.736668,42.203335,42.536667,18175200
WMT,2022-08-09,42.630001,42.990002,42.403332,42.956669,19325100
WMT,2022-08-10,43.333332,43.383331,42.796665,43.046665,25251000
WMT,2022-08-11,43.233334,43.456669,42.866669,43.273335,23854500
WMT,2022-08-12,43.333332,44.279999,43.273335,44.073334,26625000
WMT,2022-08-15,43.876667,44.523335,43.786667,44.200001,26516100
WMT,2022-08-16,46.299999,46.976665,46.063332,46.456669,91773300
WMT,2022-08-17,46.189999,47.573334,46.133331,46.506668,41792100
WMT,2022-08-18,46.509998,46.806667,46.166668,46.356667,19197600
WMT,2022-08-19,46.306667,46.356667,45.636665,45.673332,22918800
WMT,2022-08-22,45.400002,45.573334,44.813332,44.856667,18667200
WMT,2022-08-23,44.869999,44.986668,44.403332,44.666668,16955100
WMT,2022-08-24,44.783333,45.096668,44.533333,44.990002,15766500
WMT,2022-08-25,45.093334,45.330002,45.009998,45.290001,19414500
WMT,2022-08-26,45.369999,45.610001,43.836666,43.866669,21331800
WMT,2022-08-29,43.610001,44.623333,43.529999,44.293331,17381700
WMT,2022-08-30,44.446667,44.549999,43.913334,44.16,14468100
WMT,2022-08-31,44.259998,44.596668,43.976665,44.183334,22460700
WMT,2022-09-01,44.18,45.046665,44.133331,44.826668,21741900
WMT,2022-09-02,44.950001,45.223331,44.146667,44.333332,17234400
WMT,2022-09-06,44.349998,44.540001,43.573334,44.113335,21899700
WMT,2022-09-07,44.353333,45.323334,44.246666,45.246666,17058900
WMT,2022-09-08,45.133331,45.623333,44.959999,45.476665,16956000
WMT,2022-09-09,45.433334,45.833332,45.376667,45.613335,16140600
WMT,2022-09-12,45.693333,46.083332,45.656666,46.023335,14284500
WMT,2022-09-13,45.619999,45.983334,44.936668,45.073334,17687400
WMT,2022-09-14,45.209999,45.509998,44.700001,44.973331,19934700
WMT,2022-09-15,45.016666,45.049999,44.323334,44.490002,20189400
WMT,2022-09-16,44.0,44.849998,43.759998,44.396667,41874300
WMT,2022-09-19,44.273335,44.919998,44.156666,44.776669,16853100
WMT,2022-09-20,44.493332,44.626667,44.18,44.516666,13963500
WMT,2022-09-21,45.146667,45.816666,44.873333,44.923332,24903600
WMT,2022-09-22,44.856667,44.906666,44.279999,44.463333,16744500
WMT,2022-09-23,44.290001,44.393333,42.923332,43.353333,27195300
WMT,2022-09-26,42.916668,44.046665,42.756668,43.77,23011200
WMT,2022-09-27,44.076668,44.476665,43.433334,43.650002,17171700
WMT,2022-09-28,43.803333,44.549999,43.240002,44.369999,16838400
WMT,2022-09-29,44.5,44.706669,43.876667,44.083332,15241500
WMT,2022-09-30,44.080002,44.119999,43.233334,43.233334,19602300
WMT,2022-10-03,43.413334,44.263332,43.336666,44.176666,17574900
WMT,2022-10-04,44.619999,45.066666,44.456669,44.75,16134300
WMT,2022-10-05,44.586666,44.873333,44.169998,44.306667,14553900
WMT,2022-10-06,44.360001,44.826668,43.860001,43.893333,14200500
WMT,2022-10-07,43.77,43.883331,42.689999,42.853333,17080500
WMT,2022-10-10,43.176666,43.310001,42.759998,43.106667,11411700
WMT,2022-10-11,43.169998,44.599998,43.153332,44.223331,21276000
WMT,2022-10-12,44.336666,44.923332,43.656666,43.723331,16947600
WMT,2022-10-13,43.093334,44.313332,42.790001,44.093334,20545500
WMT,2022-10-14,44.146667,44.406666,43.349998,43.476665,16641000
WMT,2022-10-17,43.653332,44.276669,43.529999,43.790001,17812500
WMT,2022-10-18,44.476665,45.033333,44.443333,44.713333,16842300
WMT,2022-10-19,44.776669,44.91,44.323334,44.586666,11339400
WMT,2022-10-20,44.66,45.133331,44.549999,44.696667,12754800
WMT,2022-10-21,44.936668,45.803333,44.666668,45.599998,18134700
WMT,2022-10-24,45.816666,46.826668,45.709999,46.470001,18806700
WMT,2022-10-25,46.363335,46.813332,46.106667,46.689999,15051300
WMT,2022-10-26,46.786667,47.346668,46.606667,47.046665,20754300
WMT,2022-10-27,47.003334,47.366669,46.763332,46.91,16602900
WMT,2022-10-28,46.683334,47.633331,46.68,47.503334,13648200
WMT,2022-10-31,47.446667,47.689999,47.256668,47.443333,22572000
WMT,2022-11-01,47.656666,47.849998,47.166668,47.23,14814300
WMT,2022-11-02,47.053333,47.856667,46.900002,46.916668,15522000
WMT,2022-11-03,46.503334,47.236668,46.360001,46.906666,10976400
WMT,2022-11-04,47.343334,47.403332,46.263332,46.990002,14669400
WMT,2022-11-07,47.086666,47.656666,47.086666,47.483334,11364000
WMT,2022-11-08,47.526669,48.023335,47.169998,47.596668,15068400
WMT,2022-11-09,47.586666,47.720001,46.403332,46.490002,15932100
WMT,2022-11-10,47.503334,47.563332,46.833332,47.453335,20310600
WMT,2022-11-11,47.556667,47.706669,46.663334,47.526669,19270800
WMT,2022-11-14,47.213333,47.773335,46.09,46.130001,37525800
WMT,2022-11-15,48.536667,50.09,48.183334,49.146667,76548600
WMT,2022-11-16,49.293331,50.066666,49.040001,49.5,32593200
WMT,2022-11-17,49.003334,49.576668,48.903332,49.333332,24791400
WMT,2022-11-18,49.889999,50.080002,49.59,50.076668,18987000
WMT,2022-11-21,50.203335,50.713333,50.063332,50.383331,21157200
WMT,2022-11-22,50.666668,50.816666,50.373333,50.563332,16898400
WMT,2022-11-23,50.693333,51.123333,50.626667,50.806667,16920600
WMT,2022-11-25,50.706669,51.029999,50.619999,51.023335,8777400
WMT,2022-11-28,50.906666,51.546665,50.906666,51.169998,17674800
WMT,2022-11-29,51.009998,51.236668,50.849998,50.990002,13841700
WMT,2022-11-30,50.869999,50.923332,50.400002,50.806667,31338000
WMT,2022-12-01,50.683334,51.203335,50.243332,51.123333,22732200
WMT,2022-12-02,50.493332,51.080002,50.493332,51.073334,20733000
WMT,2022-12-05,50.916668,51.0,50.169998,50.549999,23608200
WMT,2022-12-06,50.400002,50.636665,49.736668,49.963333,20625600
WMT,2022-12-07,50.166668,50.403332,49.606667,49.703335,17550300
WMT,2022-12-08,49.720001,49.759998,49.380001,49.593334,13512600
WMT,2022-12-09,49.156666,49.240002,48.406666,48.436668,27929400
WMT,2022-12-12,48.633331,49.366669,48.52,49.34,19432200
WMT,2022-12-13,50.0,50.066666,48.913334,49.163334,23408100
WMT,2022-12-14,49.029999,49.509998,48.653332,48.889999,20334600
WMT,2022-12-15,48.526669,48.806667,47.876667,48.453335,17514000
WMT,2022-12-16,48.16,48.240002,47.523335,47.583332,40343100
WMT,2022-12-19,47.669998,47.853333,47.243332,47.599998,15067500
WMT,2022-12-20,47.639999,48.213333,47.416668,48.016666,17009400
WMT,2022-12-21,48.106667,48.646667,48.086666,48.393333,13726500
WMT,2022-12-22,48.256668,48.326668,47.310001,47.826668,13082400
WMT,2022-12-23,47.683334,47.933334,47.426666,47.923332,9547500
WMT,2022-12-27,48.013332,48.150002,47.73,47.936668,10044600
WMT,2022-12-28,47.823334,47.889999,46.970001,47.096668,15246300
WMT,2022-12-29,47.380001,47.673332,47.25,47.383331,9171900
WMT,2022-12-30,47.186668,47.330002,46.936668,47.263332,11505900
WMT,2023-01-03,47.516666,47.903332,47.363335,47.866669,17249700
WMT,2023-01-04,47.806667,48.016666,47.356667,47.919998,13338300
WMT,2023-01-05,47.82,48.043331,47.549999,47.756668,13274400
WMT,2023-01-06,48.200001,49.183334,48.080002,48.926666,21231900
WMT,2023-01-09,48.773335,49.286667,48.266666,48.316666,17756700
WMT,2023-01-10,48.313332,48.483334,47.91,48.286667,11970600
WMT,2023-01-11,48.580002,48.726665,48.243332,48.709999,14834700
WMT,2023-01-12,48.803333,48.806667,48.130001,48.27,12472800
WMT,2023-01-13,48.509998,48.606667,47.953335,48.43,13699800
WMT,2023-01-17,48.43,48.57,48.066666,48.136665,15122400
WMT,2023-01-18,48.066666,48.083332,46.826668,46.946667,22674300
WMT,2023-01-19,47.130001,47.176666,46.263332,46.276669,17342100
WMT,2023-01-20,46.466667,46.926666,46.056667,46.846668,29543100
WMT,2023-01-23,46.82,47.669998,46.733334,47.546665,13149900
WMT,2023-01-24,48.849998,48.849998,47.0,47.673332,13669200
WMT,2023-01-25,47.413334,47.613335,46.796665,47.446667,12491700
WMT,2023-01-26,47.676666,47.916668,47.253334,47.403332,15819000
WMT,2023-01-27,47.533333,48.156666,47.25,47.766666,18412800
WMT,2023-01-30,47.373333,47.483334,47.09,47.383331,15897600
WMT,2023-01-31,47.439999,47.959999,47.220001,47.956669,14103600
WMT,2023-02-01,47.886665,48.536667,47.566666,48.223331,12849300
WMT,2023-02-02,48.136665,48.286667,47.646667,47.873333,17806800
WMT,2023-02-03,47.786667,47.986668,46.953335,47.236668,17155500
WMT,2023-02-06,47.273335,47.366669,46.676666,46.893333,17454000
WMT,2023-02-07,46.59,47.099998,46.23,46.993332,16341300
WMT,2023-02-08,46.776669,47.033333,46.663334,46.740002,11691300
WMT,2023-02-09,46.956669,47.313332,46.856667,47.173332,13064400
WMT,2023-02-10,47.696667,47.98,47.389999,47.906666,15002700
WMT,2023-02-13,48.236668,48.706669,48.169998,48.636665,16015800
WMT,2023-02-14,48.576668,49.043331,48.186668,48.496666,13831200
WMT,2023-02-15,48.32,48.866669,48.186668,48.856667,14674200
WMT,2023-02-16,48.493332,48.663334,48.060001,48.09,16312200
WMT,2023-02-17,48.369999,48.896667,48.189999,48.813332,24770700
WMT,2023-02-21,47.626667,49.446667,47.383331,49.110001,54393900
WMT,2023-02-22,48.923332,49.189999,47.586666,48.080002,29844000
WMT,2023-02-23,48.123333,48.123333,46.903332,47.363335,22021200
WMT,2023-02-24,46.946667,47.580002,46.509998,47.490002,20623500
WMT,2023-02-27,47.57,47.696667,46.886665,47.146667,16647300
WMT,2023-02-28,47.0,47.549999,46.983334,47.376667,18054000
WMT,2023-03-01,47.02,47.093334,46.456669,46.716667,14180100
WMT,2023-03-02,46.613335,46.913334,46.5,46.833332,14785500
WMT,2023-03-03,47.013332,47.063332,46.59,46.889999,16888800
WMT,2023-03-06,46.833332,46.993332,46.673332,46.883331,16720800
WMT,2023-03-07,47.060001,47.226665,46.263332,46.416668,17387400
WMT,2023-03-08,46.186668,46.306667,45.759998,46.033333,19090800
WMT,2023-03-09,46.276669,46.326668,45.639999,45.723331,15415800
WMT,2023-03-10,45.673332,46.093334,45.363335,45.656666,20065200
WMT,2023-03-13,45.560001,46.166668,45.526669,45.790001,28142100
WMT,2023-03-14,45.896667,46.09,45.666668,46.033333,25542600
WMT,2023-03-15,45.630001,46.603333,45.57,46.546665,33133500
WMT,2023-03-16,46.476665,46.549999,45.959999,46.093334,28905600
WMT,2023-03-17,46.063332,46.496666,45.863335,46.466667,43081200
WMT,2023-03-20,46.700001,47.306667,46.603333,46.966667,33928500
WMT,2023-03-21,47.130001,47.130001,46.509998,46.806667,19013400
WMT,2023-03-22,46.880001,47.073334,46.486668,46.506668,18548400
WMT,2023-03-23,46.733334,47.203335,46.496666,46.883331,22044300
WMT,2023-03-24,47.003334,47.490002,46.866669,47.266666,22752300
WMT,2023-03-27,47.596668,48.326668,47.593334,48.056667,26775600
WMT,2023-03-28,47.883331,48.136665,47.683334,47.869999,21282900
WMT,2023-03-29,48.123333,48.32,47.816666,48.076668,24216900
WMT,2023-03-30,48.5,48.866669,48.34,48.556667,21879000
WMT,2023-03-31,48.860001,49.48,48.823334,49.150002,20868000
WMT,2023-04-03,49.243332,49.650002,49.166668,49.563332,19766700
WMT,2023-04-04,49.509998,49.596668,49.006668,49.076668,18113700
WMT,2023-04-05,49.056667,49.959999,49.046665,49.889999,26540700
WMT,2023-04-06,49.599998,50.346668,49.506668,50.266666,17891700
WMT,2023-04-10,50.119999,50.373333,49.923332,50.169998,14519100
WMT,2023-04-11,50.333332,50.333332,49.873333,50.023335,18370500
WMT,2023-04-12,49.93,50.323334,49.723331,49.779999,11209800
WMT,2023-04-13,49.883331,50.0,49.400002,49.830002,13272600
WMT,2023-04-14,49.676666,49.963333,49.383331,49.493332,10464900
WMT,2023-04-17,49.546665,49.889999,49.5,49.84,16166700
WMT,2023-04-18,49.926666,50.113335,49.813332,49.950001,13482300
WMT,2023-04-19,50.279999,50.470001,49.923332,50.003334,12433500
WMT,2023-04-20,50.07,50.463333,49.866669,50.323334,13641600
WMT,2023-04-21,50.653332,50.766666,50.393333,50.576668,25335000
WMT,2023-04-24,50.57,50.983334,50.57,50.919998,13579500
WMT,2023-04-25,51.096668,51.25,50.443333,50.523335,17246700
WMT,2023-04-26,50.326668,50.470001,50.073334,50.303333,12910200
WMT,2023-04-27,50.259998,50.646667,50.259998,50.459999,12861000
WMT,2023-04-28,50.43,50.723331,50.060001,50.323334,14088600
WMT,2023-05-01,50.346668,50.846668,50.310001,50.529999,11409600
WMT,2023-05-02,50.490002,50.496666,49.82,50.393333,11329500
WMT,2023-05-03,50.52,50.700001,50.09,50.206669,12334500
WMT,2023-05-04,50.183334,50.330002,49.830002,50.156666,14011200
WMT,2023-05-05,50.099998,50.669998,49.943333,50.59,14556000
WMT,2023-05-08,50.423332,50.983334,50.353333,50.906666,14926200
WMT,2023-05-09,50.906666,51.060001,50.779999,50.993332,15209700
WMT,2023-05-10,51.23,51.450001,50.41,50.849998,15827700
WMT,2023-05-11,50.849998,51.09,50.666668,51.040001,11926800
WMT,2023-05-12,51.200001,51.356667,50.903332,51.023335,16119300
WMT,2023-05-15,51.166668,51.283333,50.459999,50.626667,16113900
WMT,2023-05-16,50.283333,50.509998,49.856667,49.926666,15512100
WMT,2023-05-17,50.380001,50.383331,49.57,49.843334,26985900
WMT,2023-05-18,50.599998,51.43,49.983334,50.490002,46768500
WMT,2023-05-19,50.466667,50.486668,49.703335,49.970001,27594000
WMT,2023-05-22,49.900002,50.026669,49.43,49.529999,16117800
WMT,2023-05-23,49.336666,49.619999,49.026669,49.436668,16302300
WMT,2023-05-24,49.503334,49.513332,48.766666,49.209999,20515200
WMT,2023-05-25,48.959999,49.146667,48.363335,48.720001,21299100
WMT,2023-05-26,48.566666,48.939999,48.490002,48.806667,15720900
WMT,2023-05-30,48.766666,49.096668,48.533333,48.686668,15742500
WMT,2023-05-31,48.473331,49.103333,48.336666,48.956669,30130800
WMT,2023-06-01,48.736668,49.299999,48.646667,49.136665,20239200
WMT,2023-06-02,49.073334,49.669998,49.033333,49.606667,19178100
WMT,2023-06-05,49.790001,50.416668,49.790001,49.933334,15553200
WMT,2023-06-06,49.900002,50.063332,49.503334,49.926666,15015600
WMT,2023-06-07,49.75,50.119999,49.68,50.0,24256500
WMT,2023-06-08,50.130001,50.810001,49.93,50.723331,18873000
WMT,2023-06-09,50.720001,51.240002,50.533333,51.029999,15603900
WMT,2023-06-12,51.143333,51.433334,51.056667,51.366669,14713500
WMT,2023-06-13,51.506668,51.836666,51.356667,51.766666,15738900
WMT,2023-06-14,51.970001,52.443333,51.869999,52.290001,21103200
WMT,2023-06-15,52.333332,52.743332,52.326668,52.576668,18160500
WMT,2023-06-16,52.693333,52.716667,51.759998,51.843334,34675800
WMT,2023-06-20,51.566666,51.816666,51.293331,51.386665,19994400
WMT,2023-06-21,51.403332,51.779999,51.119999,51.486668,19251000
WMT,2023-06-22,51.66,52.026669,51.493332,51.916668,13307400
WMT,2023-06-23,51.959999,52.096668,51.673332,51.82,18975000
WMT,2023-06-26,51.883331,51.926666,51.439999,51.683334,14106300
WMT,2023-06-27,51.383331,51.950001,51.353333,51.496666,12093600
WMT,2023-06-28,51.576668,51.893333,51.546665,51.776669,18889800
WMT,2023-06-29,51.503334,51.583332,51.046665,51.426666,21530400
WMT,2023-06-30,51.656666,52.509998,51.593334,52.393333,19073100
WMT,2023-07-03,52.27,52.813332,52.110001,52.733334,8647500
WMT,2023-07-05,52.720001,53.040001,52.446667,52.703335,17585400
WMT,2023-07-06,52.643333,52.726665,52.290001,52.369999,14427000
WMT,2023-07-07,51.936668,52.096668,51.150002,51.163334,19774800
WMT,2023-07-10,51.52,51.833332,51.439999,51.626667,12967800
WMT,2023-07-11,51.59,51.836666,51.286667,51.549999,11460900
WMT,2023-07-12,51.77,51.963333,51.606667,51.68,16509900
WMT,2023-07-13,51.810001,51.866669,51.23,51.376667,11859600
WMT,2023-07-14,51.373333,51.556667,51.193333,51.553333,10427400
WMT,2023-07-17,51.466667,51.66,51.273335,51.616669,10135200
WMT,2023-07-18,51.556667,51.886665,51.286667,51.523335,13437300
WMT,2023-07-19,51.599998,51.733334,51.25,51.540001,12372900
WMT,2023-07-20,51.643333,52.516666,51.633331,52.493332,14987700
WMT,2023-07-21,52.633331,52.926666,52.48,52.790001,16960500
WMT,2023-07-24,52.816666,53.16,52.52,53.099998,12529800
WMT,2023-07-25,53.486668,53.503334,52.759998,53.056667,15553800
WMT,2023-07-26,53.080002,53.563332,52.98,53.246666,15094200
WMT,2023-07-27,53.360001,53.546665,53.043331,53.053333,13400400
WMT,2023-07-28,53.096668,53.646667,53.096668,53.303333,11020200
WMT,2023-07-31,53.32,53.546665,52.970001,53.286667,13033200
WMT,2023-08-01,53.316666,53.483334,52.986668,53.036667,11782500
WMT,2023-08-02,52.843334,53.476665,52.843334,53.073334,12660000
WMT,2023-08-03,53.006668,53.166668,52.836666,53.086666,13202700
WMT,2023-08-04,53.253334,53.416668,52.653332,52.779999,14262000
WMT,2023-08-07,53.166668,53.736668,53.036667,53.496666,14268900
WMT,2023-08-08,53.663334,53.873333,53.169998,53.549999,11017500
WMT,2023-08-09,53.636665,54.033333,53.57,53.636665,13209600
WMT,2023-08-10,53.596668,53.916668,53.343334,53.419998,15169500
WMT,2023-08-11,53.516666,53.943333,53.366669,53.733334,14195100
WMT,2023-08-14,54.0,54.259998,53.060001,53.333332,20813700
WMT,2023-08-15,53.18,53.596668,52.973331,53.060001,14559300
WMT,2023-08-16,53.293331,53.656666,52.790001,53.086666,26980800
WMT,2023-08-17,53.633331,53.713333,51.673332,51.896667,53614200
WMT,2023-08-18,51.77,53.223331,51.77,52.643333,27954900
WMT,2023-08-21,52.543331,52.946667,52.346668,52.503334,15679200
WMT,2023-08-22,52.323334,52.436668,52.080002,52.336666,16670700
WMT,2023-08-23,52.203335,52.799999,52.169998,52.700001,14210400
WMT,2023-08-24,52.709999,53.076668,52.273335,52.296665,14033100
WMT,2023-08-25,52.393333,52.68,52.18,52.606667,12267000
WMT,2023-08-28,52.619999,52.943333,52.619999,52.906666,11871000
WMT,2023-08-29,53.0,53.41,52.953335,53.349998,12702300
WMT,2023-08-30,53.466667,53.763332,53.306667,53.733334,10967700
WMT,2023-08-31,53.706669,54.330002,53.653332,54.203335,19582800
WMT,2023-09-01,54.290001,54.32,53.383331,53.856667,12553500
WMT,2023-09-05,53.950001,54.266666,53.393333,53.423332,15209400
WMT,2023-09-06,53.466667,54.056667,53.303333,53.823334,14594700
WMT,2023-09-07,54.0,54.493332,53.830002,54.490002,19120800
WMT,2023-09-08,54.493332,54.619999,54.356667,54.59,12667200
WMT,2023-09-11,54.666668,54.826668,54.553333,54.779999,11912100
WMT,2023-09-12,54.833332,54.976665,54.68,54.84,11757300
WMT,2023-09-13,54.976665,55.283333,54.790001,54.853333,14364300
WMT,2023-09-14,55.0,55.246666,54.803333,55.083332,14923800
WMT,2023-09-15,55.07,55.220001,54.59,54.880001,63925200
WMT,2023-09-18,54.893333,55.066666,54.416668,54.473331,12997800
WMT,2023-09-19,54.459999,54.593334,54.116669,54.459999,14019600
WMT,2023-09-20,54.533333,54.903332,54.32,54.636665,10120800
WMT,2023-09-21,54.753334,54.833332,53.93,53.973331,18782400
WMT,2023-09-22,54.076668,54.41,53.973331,54.116669,13215000
WMT,2023-09-25,54.123333,54.369999,53.956669,54.356667,10459500
WMT,2023-09-26,54.313332,54.513332,54.116669,54.166668,14435700
WMT,2023-09-27,54.0,54.076668,53.43,53.906666,15711000
WMT,2023-09-28,54.0,54.276669,53.863335,54.18,11617200
WMT,2023-09-29,54.343334,54.376667,53.063332,53.310001,18842400
WMT,2023-10-02,53.163334,53.423332,52.77,53.366669,12992700
WMT,2023-10-03,53.23,53.583332,52.893333,53.029999,11253300
WMT,2023-10-04,53.216667,53.683334,53.003334,53.666668,15755700
WMT,2023-10-05,53.483334,53.653332,53.0,53.026669,14269500
WMT,2023-10-06,52.883331,52.996666,50.549999,52.136665,42616200
WMT,2023-10-09,51.693333,51.950001,51.086666,51.946667,21022500
WMT,2023-10-10,52.076668,52.693333,51.886665,52.533333,16014300
WMT,2023-10-11,52.753334,53.163334,52.346668,52.743332,12026100
WMT,2023-10-12,52.843334,53.103333,52.59,52.983334,13514100
WMT,2023-10-13,53.086666,53.486668,52.966667,53.276669,13809000
WMT,2023-10-16,53.513332,54.026669,53.439999,53.736668,14348100
WMT,2023-10-17,53.580002,53.903332,53.463333,53.806667,10893000
WMT,2023-10-18,53.959999,54.119999,53.573334,53.846668,10559100
WMT,2023-10-19,53.810001,53.939999,53.406666,53.59,11745900
WMT,2023-10-20,53.610001,53.700001,52.903332,52.919998,15056700
WMT,2023-10-23,52.91,53.783333,52.673332,53.669998,17097000
WMT,2023-10-24,53.799999,54.493332,53.796665,54.416668,17535000
WMT,2023-10-25,54.386665,54.776669,54.156666,54.253334,16621800
WMT,2023-10-26,54.236668,54.616669,53.869999,53.923332,16220100
WMT,2023-10-27,53.826668,53.990002,53.516666,53.723331,13829700
WMT,2023-10-30,53.82,54.419998,53.596668,54.34,12653700
WMT,2023-10-31,54.333332,54.540001,53.983334,54.470001,14168400
WMT,2023-11-01,54.736668,55.126667,54.326668,54.956669,14899500
WMT,2023-11-02,54.793331,55.396667,54.543331,55.173332,15492300
WMT,2023-11-03,55.293331,55.433334,54.833332,54.886665,17240100
WMT,2023-11-06,54.833332,55.209999,54.689999,54.959999,14529000
WMT,2023-11-07,55.256668,55.536667,55.110001,55.216667,15023400
WMT,2023-11-08,55.279999,55.426666,54.526669,54.766666,15591900
WMT,2023-11-09,54.790001,54.84,54.416668,54.639999,15080100
WMT,2023-11-10,54.849998,55.48,54.633331,55.396667,14319900
WMT,2023-11-13,55.459999,55.956669,55.349998,55.893333,15408900
WMT,2023-11-14,56.056667,56.383331,55.75,55.883331,19792500
WMT,2023-11-15,56.126667,56.646667,55.836666,56.593334,35769900
WMT,2023-11-16,52.916668,53.150002,51.833332,52.013332,97658700
WMT,2023-11-17,51.983334,52.513332,51.669998,51.783333,42487800
WMT,2023-11-20,51.846668,52.003334,51.669998,51.766666,26663100
WMT,2023-11-21,51.82,52.283333,51.376667,51.953335,29382300
WMT,2023-11-22,51.906666,52.016666,51.459999,51.556667,26416500
WMT,2023-11-24,51.716667,52.043331,51.566666,52.02,13975200
WMT,2023-11-27,51.983334,52.453335,51.983334,52.256668,23393700
WMT,2023-11-28,52.220001,52.973331,52.220001,52.880001,23535000
WMT,2023-11-29,52.923332,52.923332,51.869999,52.026669,29896500
WMT,2023-11-30,52.006668,52.116669,51.503334,51.896667,29925900
WMT,2023-12-01,51.793331,51.869999,50.876667,51.446667,39273600
WMT,2023-12-04,51.106667,51.643333,51.103333,51.433334,24883200
WMT,2023-12-05,51.483334,51.950001,51.246666,51.91,21883800
WMT,2023-12-06,51.849998,51.943333,51.216667,51.346668,26447400
WMT,2023-12-07,51.450001,51.513332,50.743332,50.82,25362600
WMT,2023-12-08,50.666668,50.736668,50.080002,50.286667,34069500
WMT,2023-12-11,50.380001,50.483334,49.846668,50.413334,31883400
WMT,2023-12-12,50.406666,50.566666,50.076668,50.453335,21381900
WMT,2023-12-13,50.516666,51.349998,50.213333,51.349998,35348700
WMT,2023-12-14,51.173332,51.313332,50.643333,50.723331,30891300
WMT,2023-12-15,50.593334,51.153332,50.513332,50.913334,70003500
WMT,2023-12-18,51.116669,51.689999,51.043331,51.656666,26316000
WMT,2023-12-19,51.613335,51.896667,51.363335,51.843334,24417000
WMT,2023-12-20,51.806667,52.046665,51.206669,51.236668,21967800
WMT,2023-12-21,51.333332,51.686668,51.303333,51.599998,20087700
WMT,2023-12-22,51.816666,52.383331,51.720001,52.216667,19405500
WMT,2023-12-26,52.216667,52.330002,52.036667,52.136665,11679900
WMT,2023-12-27,52.103333,52.650002,52.053333,52.626667,19896000
WMT,2023-12-28,52.59,52.776669,52.5,52.523335,16776000
WMT,2023-12-29,52.509998,52.693333,52.386665,52.549999,21948300
WMT,2024-01-02,52.416668,53.18,52.396667,53.096668,23539800
WMT,2024-01-03,53.256668,53.433334,52.976665,53.099998,18756000
WMT,2024-01-04,53.07,53.18,52.496666,52.586666,19282500
WMT,2024-01-05,52.639999,52.700001,51.866669,52.236668,21709500
WMT,2024-01-08,52.233334,52.763332,52.226665,52.75,20680800
WMT,2024-01-09,52.643333,53.113335,52.576668,53.103333,23322300
WMT,2024-01-10,53.186668,53.833332,53.186668,53.763332,20121900
WMT,2024-01-11,53.783333,53.963333,53.389999,53.703335,14355300
WMT,2024-01-12,53.790001,53.846668,53.459999,53.773335,13629000
WMT,2024-01-16,53.813332,54.133331,53.743332,53.943333,17032500
WMT,2024-01-17,53.793331,53.996666,53.543331,53.689999,14827800
WMT,2024-01-18,53.720001,54.463333,53.560001,54.413334,18190500
WMT,2024-01-19,54.476665,54.523335,53.813332,54.126667,19175400
WMT,2024-01-22,54.263332,54.316666,53.833332,54.130001,13938300
WMT,2024-01-23,54.040001,54.283333,53.923332,54.266666,12066600
WMT,2024-01-24,54.299999,54.356667,53.439999,53.5,22932900
WMT,2024-01-25,53.799999,54.290001,53.473331,54.279999,16369500
WMT,2024-01-26,54.349998,54.793331,54.220001,54.756668,15746400
WMT,2024-01-29,54.783333,55.136665,54.506668,55.013332,18240300
WMT,2024-01-30,54.900002,55.27,54.540001,55.196667,15270000
WMT,2024-01-31,55.933334,55.933334,55.036667,55.083332,26134800
WMT,2024-02-01,55.233334,56.116669,55.060001,56.103333,20792700
WMT,2024-02-02,56.049999,56.860001,55.973331,56.523335,21670800
WMT,2024-02-05,56.669998,56.669998,56.023335,56.220001,19145100
WMT,2024-02-06,56.263332,56.650002,56.113335,56.603333,14181300
WMT,2024-02-07,56.756668,56.886665,56.400002,56.459999,17082600
WMT,2024-02-08,56.459999,56.849998,56.380001,56.456669,14427900
WMT,2024-02-09,56.463333,56.576668,56.306667,56.426666,14329800
WMT,2024-02-12,56.41,56.786667,56.349998,56.766666,14795100
WMT,2024-02-13,56.873333,57.023335,56.09,56.380001,18574200
WMT,2024-02-14,56.25,56.293331,55.846668,56.200001,18484500
WMT,2024-02-15,56.599998,56.616669,55.990002,56.43,16948800
WMT,2024-02-16,56.763332,57.310001,56.43,56.786667,22373400
WMT,2024-02-20,59.493332,60.450001,58.41,58.619999,71788500
WMT,2024-02-21,58.333332,58.526669,57.599998,57.900002,40501500
WMT,2024-02-22,57.959999,58.490002,57.77,58.470001,29512800
WMT,2024-02-23,58.696667,59.216667,58.436668,58.52,74365800
WMT,2024-02-26,59.119999,59.84,58.18,59.599998,32154800
WMT,2024-02-27,59.639999,59.799999,59.220001,59.59,18012700
WMT,2024-02-28,59.549999,59.759998,59.310001,59.619999,14803300
WMT,2024-02-29,59.450001,59.490002,58.59,58.610001,29245100
WMT,2024-03-01,58.799999,58.849998,58.200001,58.759998,19030900
WMT,2024-03-04,58.5,59.389999,58.400002,59.299999,16033300
WMT,2024-03-05,59.869999,60.34,59.580002,60.040001,19676900
WMT,2024-03-06,60.119999,60.619999,60.040001,60.57,12698700
WMT,2024-03-07,61.0,61.07,60.349998,60.360001,16195300
WMT,2024-03-08,60.0,60.279999,59.73,60.119999,12143600
WMT,2024-03-11,60.099998,60.709999,59.869999,60.66,14154000
WMT,2024-03-12,60.950001,61.57,60.650002,61.41,16613100
WMT,2024-03-13,61.259998,61.459999,60.880001,61.279999,15935200
WMT,2024-03-14,61.279999,61.439999,60.599998,61.02,16584700
WMT,2024-03-15,60.68,61.150002,60.459999,60.68,50946300
WMT,2024-03-18,60.689999,60.900002,60.389999,60.860001,16801700
WMT,2024-03-19,60.970001,61.07,60.599998,60.869999,12353600
WMT,2024-03-20,60.84,61.279999,60.740002,61.25,12007600
WMT,2024-03-21,61.279999,61.66,61.049999,61.450001,14265900
WMT,2024-03-22,61.32,61.529999,60.849998,60.869999,14029400
WMT,2024-03-25,60.869999,60.990002,60.360001,60.57,14186600
WMT,2024-03-26,60.459999,60.830002,60.23,60.509998,13738300
WMT,2024-03-27,60.869999,61.049999,60.380001,60.720001,14363400
WMT,2024-03-28,60.66,60.77,60.16,60.169998,17535100
WMT,2024-04-01,60.310001,60.759998,59.93,60.0,13837600
WMT,2024-04-02,59.900002,60.099998,58.880001,59.16,19510100
WMT,2024-04-03,59.380001,59.5,58.939999,59.43,14615100
WMT,2024-04-04,59.540001,59.810001,59.290001,59.5,14436100
WMT,2024-04-05,59.549999,60.040001,59.490002,59.849998,10335900
WMT,2024-04-08,59.599998,60.040001,59.419998,59.779999,11070100
WMT,2024-04-09,59.869999,59.970001,59.299999,59.790001,10013500
WMT,2024-04-10,59.619999,60.759998,59.389999,60.619999,15097600
WMT,2024-04-11,60.75,60.889999,60.07,60.09,10987600
WMT,2024-04-12,60.0,60.720001,59.950001,60.139999,12280600
WMT,2024-04-15,60.509998,60.700001,59.91,59.93,10557200
WMT,2024-04-16,60.029999,60.290001,59.779999,59.84,14726300
WMT,2024-04-17,60.150002,60.43,59.57,59.650002,15329700
WMT,2024-04-18,59.830002,59.939999,59.220001,59.259998,12061500
WMT,2024-04-19,59.450001,59.669998,58.970001,59.529999,14165800
WMT,2024-04-22,59.560001,60.400002,59.040001,60.139999,14910000
WMT,2024-04-23,60.25,60.349998,58.560001,59.09,17963900
WMT,2024-04-24,58.98,60.040001,58.810001,59.869999,18529100
WMT,2024-04-25,60.049999,60.529999,59.830002,60.209999,19263000
WMT,2024-04-26,60.110001,60.389999,60.0,60.16,11045200
WMT,2024-04-29,60.18,60.389999,59.939999,60.240002,9785100
WMT,2024-04-30,60.200001,60.299999,59.16,59.349998,14209200
WMT,2024-05-01,59.310001,59.41,58.720001,58.849998,15464300
WMT,2024-05-02,58.939999,59.889999,58.580002,59.709999,17574100
WMT,2024-05-03,59.619999,59.98,59.139999,59.82,14207400
WMT,2024-05-06,60.0,60.0,59.389999,59.869999,11119400
WMT,2024-05-07,60.169998,60.799999,60.049999,60.619999,14520200
WMT,2024-05-08,60.630001,60.849998,60.220001,60.299999,11015700
WMT,2024-05-09,60.200001,60.580002,59.950001,60.439999,14550500
WMT,2024-05-10,60.41,60.580002,60.16,60.48,12356600
WMT,2024-05-13,60.619999,61.349998,60.290001,60.41,19260500
WMT,2024-05-14,60.52,60.549999,59.439999,59.860001,18780100
WMT,2024-05-15,59.830002,59.939999,59.470001,59.830002,22240600
WMT,2024-05-16,64.220001,64.419998,62.939999,64.010002,60545600
WMT,2024-05-17,64.239998,64.879997,63.630001,64.650002,29330400
WMT,2024-05-20,64.419998,64.760002,63.869999,64.18,15001400
WMT,2024-05-21,64.529999,65.190002,64.449997,65.150002,17131700
WMT,2024-05-22,64.980003,65.690002,64.730003,65.25,14879400
WMT,2024-05-23,65.169998,65.519997,64.559998,64.839996,16222900
WMT,2024-05-24,65.129997,65.690002,65.010002,65.379997,11795000
WMT,2024-05-28,65.220001,65.470001,64.739998,65.040001,13349600
WMT,2024-05-29,64.75,65.209999,64.650002,64.919998,11538600
WMT,2024-05-30,64.93,65.169998,64.769997,64.889999,13051900
WMT,2024-05-31,64.669998,65.900002,64.160004,65.760002,27632200
WMT,2024-06-03,65.510002,65.839996,65.160004,65.82,11578700
WMT,2024-06-04,65.989998,66.639999,65.830002,66.599998,14780800
WMT,2024-06-05,66.57,67.150002,66.279999,67.089996,14982700
WMT,2024-06-06,67.059998,67.440002,66.769997,67.150002,13256000
WMT,2024-06-07,67.400002,67.57,65.639999,65.879997,20213200
WMT,2024-06-10,67.190002,67.330002,66.269997,66.959999,21659500
WMT,2024-06-11,66.949997,66.959999,66.349998,66.730003,13367500
WMT,2024-06-12,66.849998,66.940002,65.900002,66.309998,11704700
WMT,2024-06-13,66.300003,66.760002,65.949997,66.699997,11196600
WMT,2024-06-14,66.540001,67.110001,66.300003,67.019997,12590100
WMT,2024-06-17,66.919998,67.440002,66.410004,67.419998,12103000
WMT,2024-06-18,67.629997,67.870003,67.300003,67.599998,12093500
WMT,2024-06-20,67.349998,68.129997,67.300003,68.010002,13860800
WMT,2024-06-21,68.260002,68.550003,67.830002,67.910004,25883000
WMT,2024-06-24,68.050003,69.040001,67.900002,68.900002,12470400
WMT,2024-06-25,67.169998,67.589996,66.550003,67.419998,20869200
WMT,2024-06-26,67.400002,68.599998,67.209999,68.290001,14177500
WMT,2024-06-27,68.290001,68.580002,67.669998,67.879997,12899200
WMT,2024-06-28,67.870003,68.099998,67.32,67.709999,18816700
WMT,2024-07-01,67.889999,68.239998,67.25,67.480003,8666000
WMT,2024-07-02,67.440002,68.080002,67.260002,68.07,9436500
WMT,2024-07-03,67.809998,68.25,67.620003,68.239998,6287500
WMT,2024-07-05,68.160004,70.150002,68.099998,70.040001,21586100
WMT,2024-07-08,69.900002,70.139999,69.349998,69.68,12077700
WMT,2024-07-09,69.900002,70.25,69.669998,69.900002,9758400
WMT,2024-07-10,70.099998,70.440002,69.720001,70.410004,10803400
WMT,2024-07-11,70.18,70.449997,69.260002,69.800003,15624800
WMT,2024-07-12,69.900002,70.029999,69.169998,69.239998,12145300
WMT,2024-07-15,69.300003,69.970001,69.300003,69.610001,10171100
WMT,2024-07-16,69.82,70.239998,69.580002,69.989998,9836800
WMT,2024-07-17,70.18,71.099998,69.949997,71.029999,13533800
WMT,2024-07-18,70.68,71.190002,70.43,70.82,10682700
WMT,2024-07-19,71.199997,71.330002,70.650002,70.75,11665500
WMT,2024-07-22,70.860001,71.260002,70.230003,70.379997,12666100
WMT,2024-07-23,70.470001,70.699997,70.110001,70.650002,9263600
WMT,2024-07-24,70.519997,70.839996,70.339996,70.599998,22490800
WMT,2024-07-25,70.599998,70.769997,69.949997,70.019997,18821200
WMT,2024-07-26,70.230003,70.239998,68.830002,69.779999,16789300
WMT,2024-07-29,69.849998,69.900002,69.129997,69.620003,10315300
WMT,2024-07-30,69.550003,69.849998,68.980003,69.190002,12522500
WMT,2024-07-31,69.18,69.25,68.290001,68.639999,22908800
WMT,2024-08-01,68.910004,69.800003,68.519997,69.790001,17275500
WMT,2024-08-02,69.599998,70.239998,67.739998,68.459999,23578700
WMT,2024-08-05,68.099998,68.580002,66.910004,67.589996,20770500
WMT,2024-08-06,67.839996,68.629997,67.68,67.739998,14815100
WMT,2024-08-07,67.870003,68.010002,66.809998,66.910004,18499200
WMT,2024-08-08,66.839996,67.919998,66.669998,67.660004,12489800
WMT,2024-08-09,67.849998,68.220001,67.330002,67.949997,13805600
WMT,2024-08-12,68.339996,69.220001,68.07,68.699997,17385300
WMT,2024-08-13,68.43,68.610001,67.139999,68.129997,26557900
WMT,2024-08-14,67.919998,68.790001,67.849998,68.660004,22928600
WMT,2024-08-15,74.120003,74.440002,72.779999,73.18,49567500
WMT,2024-08-16,72.699997,73.610001,72.519997,73.449997,19872100
WMT,2024-08-19,73.389999,73.980003,73.339996,73.720001,13709300
WMT,2024-08-20,73.75,74.75,73.720001,74.540001,14434000
WMT,2024-08-21,75.300003,75.580002,74.589996,75.239998,14832000
WMT,2024-08-22,75.370003,76.220001,75.150002,75.580002,16511100
WMT,2024-08-23,75.599998,75.809998,75.010002,75.699997,12299100
WMT,2024-08-26,75.900002,76.209999,75.57,76.029999,9508200
WMT,2024-08-27,76.449997,76.449997,75.769997,76.129997,11557800
WMT,2024-08-28,76.279999,76.43,75.809998,76.080002,9814300
WMT,2024-08-29,75.989998,76.470001,75.669998,76.419998,11856800
WMT,2024-08-30,76.440002,77.470001,76.220001,77.230003,23230000
WMT,2024-09-03,77.330002,77.809998,76.800003,77.169998,22666100
WMT,2024-09-04,77.330002,77.480003,76.730003,77.239998,18442800
WMT,2024-09-05,77.25,77.449997,76.389999,76.959999,13082900
WMT,2024-09-06,76.900002,77.32,76.300003,76.639999,14548600
WMT,2024-09-09,76.849998,77.470001,76.489998,77.339996,22260200
WMT,2024-09-10,77.349998,78.900002,77.279999,78.809998,17686300
WMT,2024-09-11,78.379997,78.919998,77.57,78.839996,19518800
WMT,2024-09-12,78.989998,79.910004,78.620003,79.660004,14877700
WMT,2024-09-13,79.82,80.690002,79.690002,80.599998,12994100
WMT,2024-09-16,80.839996,81.019997,80.139999,80.559998,15346400
WMT,2024-09-17,79.760002,80.260002,78.260002,78.599998,21065900
WMT,2024-09-18,78.639999,79.410004,78.279999,79.029999,15684900
WMT,2024-09-19,79.050003,79.089996,77.489998,78.040001,21525700
WMT,2024-09-20,78.230003,79.610001,78.110001,79.059998,39534300
WMT,2024-09-23,79.07,80.440002,79.07,80.330002,12147300
WMT,2024-09-24,80.480003,80.910004,80.239998,80.669998,14651100
WMT,2024-09-25,80.889999,81.599998,80.68,81.400002,14163800
WMT,2024-09-26,81.040001,81.199997,79.260002,79.919998,17061100
WMT,2024-09-27,79.900002,80.290001,79.599998,79.779999,11899100
WMT,2024-09-30,79.889999,80.940002,79.860001,80.75,18997000
WMT,2024-10-01,80.68,81.529999,80.440002,81.269997,16054200
WMT,2024-10-02,80.989998,80.989998,80.120003,80.43,16618300
WMT,2024-10-03,80.300003,80.580002,79.849998,80.43,11640400
WMT,2024-10-04,80.050003,81.110001,79.849998,80.940002,11583400
WMT,2024-10-07,80.690002,80.940002,78.980003,79.099998,16791600
WMT,2024-10-08,79.620003,79.82,79.07,79.709999,15270000
WMT,2024-10-09,79.82,80.5,79.75,80.400002,12413000
WMT,2024-10-10,80.309998,80.32,79.459999,79.610001,10812700
WMT,2024-10-11,79.699997,80.129997,79.370003,80.099998,9570700
WMT,2024-10-14,80.050003,80.510002,79.760002,80.290001,9914500
WMT,2024-10-15,80.669998,81.82,80.510002,81.650002,13276200
WMT,2024-10-16,81.529999,81.660004,80.620003,81.220001,11123300
WMT,2024-10-17,81.269997,81.5,80.650002,80.889999,9424700
WMT,2024-10-18,80.870003,81.690002,80.660004,81.309998,12324100
WMT,2024-10-21,81.230003,81.550003,80.720001,80.809998,9750400
WMT,2024-10-22,81.110001,82.230003,80.830002,82.019997,12240100
WMT,2024-10-23,81.889999,83.339996,81.800003,83.269997,13058200
WMT,2024-10-24,82.959999,83.32,82.580002,83.040001,11645900
WMT,2024-10-25,83.199997,83.300003,82.440002,82.510002,8959400
WMT,2024-10-28,82.75,83.080002,82.470001,82.75,7990200
WMT,2024-10-29,82.669998,82.860001,81.669998,81.699997,9682400
WMT,2024-10-30,81.599998,81.830002,81.300003,81.389999,9268800
WMT,2024-10-31,81.290001,82.440002,81.220001,81.949997,15539000
WMT,2024-11-01,82.529999,82.529999,81.540001,82.190002,12181800
WMT,2024-11-04,82.199997,82.910004,82.0,82.449997,11731000
WMT,2024-11-05,82.68,83.769997,82.510002,83.68,10612500
WMT,2024-11-06,85.139999,85.540001,82.059998,83.440002,19974000
WMT,2024-11-07,83.720001,84.389999,83.419998,83.849998,12665800
WMT,2024-11-08,84.279999,85.419998,84.230003,84.830002,14396500
WMT,2024-11-11,84.949997,85.410004,84.120003,84.209999,10433200
WMT,2024-11-12,84.5,85.529999,84.5,84.989998,12860200
WMT,2024-11-13,84.989998,85.790001,84.769997,85.5,12802600
WMT,2024-11-14,85.029999,85.760002,84.339996,84.470001,15740700
WMT,2024-11-15,84.529999,84.779999,83.940002,84.25,17370600
WMT,2024-11-18,84.82,84.849998,83.660004,84.080002,25093800
WMT,2024-11-19,86.230003,88.290001,85.910004,86.599998,36340900
WMT,2024-11-20,86.599998,87.199997,85.910004,87.18,18183200
WMT,2024-11-21,87.449997,88.639999,86.93,88.389999,18729200
WMT,2024-11-22,89.410004,90.910004,88.93,90.440002,23990600
WMT,2024-11-25,90.5,90.949997,89.059998,89.5,25078600
WMT,2024-11-26,89.889999,91.879997,89.839996,91.309998,16657000
WMT,2024-11-27,92.0,92.25,91.309998,91.879997,14358900
WMT,2024-11-29,92.260002,92.639999,91.82,92.5,11041200
WMT,2024-12-02,92.82,92.989998,91.949997,92.639999,17173000
WMT,2024-12-03,92.779999,93.589996,92.260002,93.510002,17775200
WMT,2024-12-04,93.449997,94.519997,93.050003,94.449997,17312600
WMT,2024-12-05,94.889999,95.599998,94.339996,95.300003,21932300
WMT,2024-12-06,95.540001,96.18,95.330002,95.699997,18803500
WMT,2024-12-09,95.660004,95.940002,93.599998,93.830002,20931100
WMT,2024-12-10,94.050003,95.239998,93.769997,94.550003,13164500
WMT,2024-12-11,94.540001,95.690002,94.5,94.959999,19682100
WMT,2024-12-12,95.68,95.720001,94.089996,94.089996,14298600
WMT,2024-12-13,93.800003,94.68,93.040001,94.25,11495900
WMT,2024-12-16,94.419998,95.709999,94.099998,94.870003,16742000
WMT,2024-12-17,95.139999,95.489998,94.32,95.419998,23560800
WMT,2024-12-18,95.339996,95.900002,93.129997,93.550003,24665600
WMT,2024-12-19,94.480003,94.57,93.360001,93.400002,16606500
WMT,2024-12-20,93.010002,93.75,91.629997,92.239998,49350600
WMT,2024-12-23,91.5,91.5,88.910004,90.349998,26205400
WMT,2024-12-24,90.370003,92.68,90.349998,92.68,8992400
WMT,2024-12-26,92.540001,92.879997,92.169998,92.790001,10994000
WMT,2024-12-27,92.129997,92.349998,91.029999,91.660004,11384400
WMT,2024-12-30,90.730003,91.07,90.129997,90.57,9790200
WMT,2024-12-31,90.57,90.940002,90.059998,90.349998,11267700
WMT,2025-01-02,89.980003,90.599998,89.519997,90.0,14820400
WMT,2025-01-03,90.150002,91.300003,90.139999,90.779999,10834600
WMT,2025-01-06,90.830002,92.470001,90.669998,91.43,14519900
WMT,2025-01-07,91.699997,91.940002,90.449997,90.809998,11238000
WMT,2025-01-08,91.110001,91.849998,90.82,91.800003,13453600
WMT,2025-01-10,92.489998,93.580002,92.199997,93.0,18140900
WMT,2025-01-13,92.120003,92.43,91.099998,91.529999,18617100
WMT,2025-01-14,91.860001,91.980003,90.57,90.790001,13549200
WMT,2025-01-15,91.07,91.730003,90.809998,91.339996,17348200
WMT,2025-01-16,91.5,91.720001,90.120003,91.300003,13267700
WMT,2025-01-17,92.07,92.260002,91.050003,91.940002,15868200
WMT,2025-01-21,92.480003,94.239998,92.309998,93.080002,23247500
WMT,2025-01-22,93.769997,94.0,92.519997,93.230003,15567100
WMT,2025-01-23,92.959999,93.809998,92.32,93.809998,14198400
WMT,2025-01-24,93.540001,95.010002,93.459999,94.760002,14973800
WMT,2025-01-27,95.900002,97.459999,94.82,97.400002,18880600
WMT,2025-01-28,97.230003,97.839996,96.730003,97.290001,14641600
WMT,2025-01-29,97.43,98.169998,97.220001,97.5,11261400
WMT,2025-01-30,97.690002,98.93,97.419998,98.650002,11012200
WMT,2025-01-31,99.0,99.0,97.699997,98.160004,16391200
WMT,2025-02-03,96.769997,99.790001,96.470001,99.540001,20484200
WMT,2025-02-04,99.970001,100.949997,99.690002,100.769997,15201200
WMT,2025-02-05,100.650002,102.580002,100.540001,102.459999,15926700
WMT,2025-02-06,102.529999,103.019997,101.940002,102.849998,13088500
WMT,2025-02-07,103.0,103.110001,101.110001,101.150002,12451100
WMT,2025-02-10,101.949997,102.93,101.25,102.919998,15274600
WMT,2025-02-11,102.620003,102.849998,101.849998,102.470001,11953600
WMT,2025-02-12,102.120003,103.900002,102.040001,103.610001,15162100
WMT,2025-02-13,104.0,105.239998,103.529999,105.050003,12604400
WMT,2025-02-14,105.300003,105.300003,103.599998,104.040001,14109500
WMT,2025-02-18,103.720001,103.989998,102.510002,103.779999,18247300
WMT,2025-02-19,103.849998,104.199997,102.550003,104.0,18508000
WMT,2025-02-20,98.779999,100.120003,96.68,97.209999,55450900
WMT,2025-02-21,96.529999,96.849998,94.120003,94.779999,35014800
WMT,2025-02-24,94.18,94.639999,92.120003,93.669998,29755900
WMT,2025-02-25,94.349998,97.910004,94.239998,97.690002,29331200
WMT,2025-02-26,97.699997,98.730003,96.07,96.199997,19069700
WMT,2025-02-27,95.900002,98.040001,95.809998,96.790001,16431500
WMT,2025-02-28,97.790001,98.860001,97.169998,98.610001,25451300
WMT,2025-03-03,97.980003,99.489998,96.830002,97.589996,18372200
WMT,2025-03-04,95.760002,97.050003,94.459999,94.970001,25227700
WMT,2025-03-05,94.970001,96.389999,94.75,95.980003,17639000
WMT,2025-03-06,94.800003,96.190002,94.18,94.639999,19957800
WMT,2025-03-07,93.940002,93.949997,90.760002,91.720001,35913200
WMT,2025-03-10,89.760002,90.230003,86.610001,87.82,35148800
WMT,2025-03-11,87.290001,89.349998,87.139999,87.440002,28687600
WMT,2025-03-12,87.879997,89.099998,84.879997,85.199997,33301600
WMT,2025-03-13,84.940002,85.449997,83.870003,84.5,31507800
WMT,2025-03-14,84.959999,85.370003,84.059998,85.349998,35500600
WMT,2025-03-17,85.129997,87.989998,84.980003,87.459999,26297800
WMT,2025-03-18,87.440002,87.68,85.5,85.589996,17850900
WMT,2025-03-19,85.949997,86.790001,85.620003,86.330002,24555900
WMT,2025-03-20,85.809998,87.080002,85.519997,85.809998,18185500
WMT,2025-03-21,85.279999,86.230003,84.779999,85.980003,26797200
WMT,2025-03-24,86.470001,87.650002,86.349998,87.489998,17900700
WMT,2025-03-25,86.760002,87.309998,84.620003,84.760002,27908600
WMT,2025-03-26,85.190002,85.559998,84.57,85.209999,27228800
WMT,2025-03-27,84.779999,86.110001,84.779999,85.629997,16782800
WMT,2025-03-28,85.43,85.830002,84.699997,85.150002,14790600
WMT,2025-03-31,84.760002,88.199997,84.370003,87.790001,30269300
WMT,2025-04-01,87.540001,89.110001,87.370003,88.830002,22080300
WMT,2025-04-02,88.199997,90.150002,88.120003,89.760002,19384100
WMT,2025-04-03,86.279999,89.879997,86.279999,87.260002,33012900
WMT,2025-04-04,85.639999,87.389999,82.650002,83.190002,36209000
WMT,2025-04-07,80.239998,86.260002,79.809998,83.830002,36884900
WMT,2025-04-08,85.849998,86.970001,81.029999,81.790001,34351700
WMT,2025-04-09,83.330002,90.800003,83.019997,89.599998,46632800
WMT,2025-04-10,88.730003,91.870003,88.160004,90.610001,34735300
WMT,2025-04-11,90.68,93.349998,90.010002,92.800003,25508100
WMT,2025-04-14,93.269997,95.440002,92.900002,94.730003,27742900
WMT,2025-04-15,94.82,96.029999,93.870003,93.970001,21871200
WMT,2025-04-16,94.0,94.300003,90.610001,91.190002,22229100
WMT,2025-04-17,91.830002,93.870003,91.620003,93.220001,21393900
WMT,2025-04-21,93.019997,94.080002,91.339996,92.410004,18361200
WMT,2025-04-22,92.879997,95.290001,92.879997,94.849998,15407800
WMT,2025-04-23,95.019997,96.599998,94.160004,94.959999,18046900
WMT,2025-04-24,94.709999,96.220001,93.660004,95.839996,13444500
WMT,2025-04-25,95.800003,96.470001,94.360001,95.089996,15317200
WMT,2025-04-28,95.099998,96.0,94.339996,95.220001,12950000
WMT,2025-04-29,94.839996,96.18,94.419998,96.040001,12679000
WMT,2025-04-30,95.940002,97.779999,94.93,97.25,21639900
WMT,2025-05-01,97.019997,97.900002,96.589996,97.410004,13171800
WMT,2025-05-02,97.949997,99.220001,97.849998,98.75,16031400
WMT,2025-05-05,98.940002,99.739998,98.529999,99.330002,12439100
WMT,2025-05-06,98.739998,99.470001,98.410004,98.550003,10626000
WMT,2025-05-07,98.550003,99.230003,98.309998,98.830002,11301300
WMT,2025-05-08,98.75,99.330002,97.360001,97.43,14461100
WMT,2025-05-09,96.75,97.199997,96.290001,96.720001,13697800
WMT,2025-05-12,97.669998,97.970001,95.620003,96.75,26783900
WMT,2025-05-13,96.5,97.32,95.230003,95.879997,19746700
WMT,2025-05-14,96.029999,97.330002,95.830002,96.830002,25620100
WMT,2025-05-15,94.300003,96.720001,91.889999,96.349998,44026100
WMT,2025-05-16,96.139999,99.190002,96.0,98.239998,33746200
WMT,2025-05-19,96.650002,98.279999,95.809998,98.120003,20041600
WMT,2025-05-20,98.559998,98.82,96.519997,97.800003,15609600
WMT,2025-05-21,97.129997,97.760002,95.980003,96.43,15742300
WMT,2025-05-22,96.540001,96.959999,95.82,95.93,13712200
WMT,2025-05-23,95.339996,96.540001,95.0,96.339996,13668600
WMT,2025-05-27,97.300003,97.800003,96.580002,97.580002,17180900
WMT,2025-05-28,97.519997,98.239998,97.059998,97.239998,11220100
WMT,2025-05-29,97.629997,97.769997,96.849998,97.099998,14338000
WMT,2025-05-30,96.959999,98.93,96.599998,98.720001,29980100
WMT,2025-06-02,98.839996,99.910004,98.050003,99.769997,16999200
WMT,2025-06-03,99.57,100.889999,98.57,99.980003,15598600
WMT,2025-06-04,99.790001,100.129997,99.32,99.349998,11115600
WMT,2025-06-05,99.300003,99.589996,97.610001,97.959999,15817100
WMT,2025-06-06,98.370003,98.559998,96.970001,97.470001,15599300
WMT,2025-06-09,97.400002,97.849998,96.769997,97.449997,13655700
WMT,2025-06-10,97.290001,98.089996,96.480003,97.32,17162500
WMT,2025-06-11,97.290001,97.290001,95.349998,95.800003,16389600
WMT,2025-06-12,94.889999,95.260002,93.43,94.830002,17845700
WMT,2025-06-13,94.519997,95.32,94.010002,94.440002,18694700
WMT,2025-06-16,94.75,95.779999,94.099998,94.290001,14881700
WMT,2025-06-17,93.949997,94.82,93.620003,94.25,14935600
WMT,2025-06-18,94.57,95.489998,94.089996,95.089996,11333700
WMT,2025-06-20,95.239998,96.309998,95.199997,96.120003,20604900
WMT,2025-06-23,95.919998,97.93,95.669998,97.870003,20432400
WMT,2025-06-24,97.730003,99.110001,97.25,98.0,22403700
WMT,2025-06-25,98.309998,98.559998,97.150002,97.260002,11154700
WMT,2025-06-26,96.900002,97.339996,95.919998,96.019997,19361400
WMT,2025-06-27,96.32,97.760002,96.160004,97.269997,31431900
WMT,2025-06-30,97.230003,98.139999,96.309998,97.779999,17803000
WMT,2025-07-01,97.599998,99.190002,97.419998,98.239998,15635800
WMT,2025-07-02,98.129997,98.379997,97.059998,97.610001,12502000
WMT,2025-07-03,97.699997,98.480003,97.419998,98.360001,7686200
WMT,2025-07-07,98.230003,99.349998,97.620003,99.349998,12930900
WMT,2025-07-08,98.82,99.169998,96.510002,97.089996,16875000
WMT,2025-07-09,97.150002,97.290001,96.379997,96.809998,13702600
WMT,2025-07-10,96.660004,96.779999,94.739998,94.860001,18894800
WMT,2025-07-11,95.010002,95.529999,94.230003,94.400002,14595000
WMT,2025-07-14,94.510002,95.839996,94.379997,95.779999,13779100
WMT,2025-07-15,95.599998,95.779999,94.940002,95.389999,10450800
WMT,2025-07-16,95.419998,95.830002,94.610001,95.150002,11181600
WMT,2025-07-17,95.080002,95.629997,94.889999,95.089996,11165100
WMT,2025-07-18,95.089996,95.480003,94.43,95.050003,14636300
WMT,2025-07-21,95.260002,96.639999,95.099998,95.669998,13450400
WMT,2025-07-22,95.839996,96.669998,95.739998,95.849998,9049100
WMT,2025-07-23,96.010002,96.290001,95.290001,95.68,9729700
WMT,2025-07-24,95.57,96.959999,95.349998,96.599998,14991500
WMT,2025-07-25,96.839996,97.650002,96.529999,97.470001,12868500
WMT,2025-07-28,97.279999,98.129997,97.080002,97.610001,12293100
WMT,2025-07-29,97.779999,98.720001,97.339996,98.330002,14034300
WMT,2025-07-30,98.610001,98.879997,97.290001,97.589996,13864100
WMT,2025-07-31,97.440002,98.629997,97.309998,97.980003,15651300
WMT,2025-08-01,98.0,98.830002,97.669998,98.489998,16750400
WMT,2025-08-04,98.199997,99.910004,98.199997,99.589996,19050200
WMT,2025-08-05,99.669998,100.470001,98.910004,99.309998,17977000
WMT,2025-08-06,99.459999,103.690002,99.459999,103.360001,23738400
WMT,2025-08-07,103.459999,103.900002,102.110001,103.120003,12509500
WMT,2025-08-08,103.370003,104.720001,103.150002,103.730003,12394700
WMT,2025-08-11,103.900002,104.330002,103.110001,103.93,12856700
WMT,2025-08-12,104.25,104.309998,103.370003,103.620003,17915300
WMT,2025-08-13,102.150002,102.809998,100.849998,100.989998,19398500
WMT,2025-08-14,101.220001,101.440002,100.720001,100.849998,10858400
WMT,2025-08-15,100.629997,100.769997,99.540001,100.0,13604900
WMT,2025-08-18,100.0,100.879997,99.919998,100.699997,11656100
WMT,2025-08-19,100.959999,102.43,100.800003,101.290001,16999000
WMT,2025-08-20,101.150002,102.650002,100.93,102.57,18655000
WMT,2025-08-21,99.410004,99.449997,96.949997,97.959999,51825100
WMT,2025-08-22,98.07,99.050003,96.760002,96.830002,32695200
WMT,2025-08-25,97.0,97.580002,96.07,96.07,18956100
WMT,2025-08-26,96.279999,96.470001,95.419998,96.050003,22270400
WMT,2025-08-27,95.900002,96.32,95.599998,96.080002,12925700
WMT,2025-08-28,96.0,96.57,95.699997,96.110001,19241600
WMT,2025-08-29,96.099998,97.029999,95.800003,96.980003,15600300
WMT,2025-09-02,97.230003,97.849998,96.510002,97.849998,15351300
WMT,2025-09-03,97.849998,99.440002,97.5,99.440002,18995900
WMT,2025-09-04,99.910004,101.349998,99.650002,100.93,15640900
WMT,2025-09-05,101.080002,101.480003,99.550003,100.510002,13748500
WMT,2025-09-08,100.849998,102.360001,100.419998,102.279999,13685700
WMT,2025-09-09,102.0,102.489998,101.550003,102.290001,11819700
WMT,2025-09-10,101.949997,102.449997,100.389999,100.410004,17934900
WMT,2025-09-11,100.989998,102.779999,100.279999,102.650002,15900800
WMT,2025-09-12,102.540001,103.980003,102.360001,103.489998,11641900
WMT,2025-09-15,103.650002,103.980003,103.410004,103.690002,10756900
WMT,2025-09-16,103.849998,104.209999,103.129997,103.419998,14481900
WMT,2025-09-17,103.730003,106.110001,103.730003,104.269997,25382000
WMT,2025-09-18,103.779999,104.639999,102.120003,103.599998,14869400
WMT,2025-09-19,103.809998,103.940002,102.089996,102.330002,34791600
WMT,2025-09-22,102.449997,103.199997,101.919998,102.82,12861900
WMT,2025-09-23,102.410004,102.68,101.330002,102.519997,13158700
WMT,2025-09-24,103.040001,103.470001,102.480003,102.730003,11391800
WMT,2025-09-25,103.220001,103.510002,102.580002,103.050003,13366700
WMT,2025-09-26,102.879997,103.489998,102.470001,103.160004,11859300
WMT,2025-09-29,103.050003,103.309998,102.080002,103.080002,15477200
WMT,2025-09-30,103.0,103.940002,102.720001,103.059998,13873400
WMT,2025-10-01,102.559998,102.860001,100.550003,101.959999,16142800
WMT,2025-10-02,101.449997,102.139999,99.870003,101.699997,15605400
WMT,2025-10-03,101.459999,102.82,101.199997,102.07,11867500
WMT,2025-10-06,101.879997,103.07,101.580002,102.699997,13303600
WMT,2025-10-07,102.379997,103.25,100.949997,103.239998,15538900
WMT,2025-10-08,103.019997,103.260002,102.150002,102.900002,13584100
WMT,2025-10-09,103.129997,103.449997,100.370003,101.769997,19508000
WMT,2025-10-10,102.050003,103.629997,101.519997,101.839996,18519400
WMT,2025-10-13,101.370003,102.449997,101.07,102.120003,10871200
WMT,2025-10-14,104.050003,107.919998,102.889999,107.209999,30859500
WMT,2025-10-15,107.32,109.559998,107.300003,109.029999,21416300
WMT,2025-10-16,109.199997,109.580002,105.660004,106.470001,16366200
WMT,2025-10-17,107.169998,108.199997,106.220001,107.730003,13735600
WMT,2025-10-20,107.849998,108.25,106.610001,107.050003,10581200
WMT,2025-10-21,107.330002,107.480003,106.18,106.220001,10899700
WMT,2025-10-22,106.550003,107.769997,105.660004,107.139999,12296500
WMT,2025-10-23,107.349998,107.57,105.779999,106.860001,11408200
WMT,2025-10-24,107.07,107.169998,105.510002,106.169998,10318000
WMT,2025-10-27,106.339996,106.360001,104.150002,104.470001,16375900
WMT,2025-10-28,104.059998,104.139999,103.050003,103.169998,13323000
WMT,2025-10-29,102.910004,103.669998,102.110001,102.459999,11986400
WMT,2025-10-30,102.199997,103.370003,101.959999,102.230003,14065100
WMT,2025-10-31,101.699997,102.099998,100.18,101.18,20237000
WMT,2025-11-03,100.82,101.800003,100.400002,101.589996,14811700
WMT,2025-11-04,102.129997,102.620003,101.459999,102.269997,12636400
WMT,2025-11-05,101.739998,102.68,100.849998,101.470001,13356800
WMT,2025-11-06,101.339996,101.93,100.029999,101.68,14866000
WMT,2025-11-07,102.129997,102.970001,101.730003,102.589996,17248700
WMT,2025-11-10,102.150002,102.669998,101.599998,102.419998,14507600
WMT,2025-11-11,102.5,103.739998,102.32,103.440002,13182100
WMT,2025-11-12,103.349998,103.599998,102.660004,103.440002,12084400
WMT,2025-11-13,103.589996,103.93,102.019997,102.540001,18088500
WMT,2025-11-14,100.199997,102.489998,98.879997,102.480003,23424200
WMT,2025-11-17,102.580002,103.32,102.099998,102.949997,15289400
WMT,2025-11-18,102.980003,103.339996,101.379997,101.389999,17604500
WMT,2025-11-19,101.580002,101.709999,99.68,100.610001,22157000
WMT,2025-11-20,103.940002,107.910004,102.68,107.110001,50375900
WMT,2025-11-21,107.980003,108.150002,104.720001,105.32,41420800
WMT,2025-11-24,105.360001,106.269997,103.760002,104.059998,42519200
WMT,2025-11-25,104.610001,107.419998,104.230003,107.0,20212900
WMT,2025-11-26,107.199997,109.589996,107.169998,109.099998,17783300
WMT,2025-11-28,109.300003,110.699997,109.0,110.510002,9846500
WMT,2025-12-01,110.510002,111.760002,110.360001,111.529999,17236800
WMT,2025-12-02,111.470001,112.650002,110.790001,112.410004,18711800
WMT,2025-12-03,112.5,114.889999,112.220001,114.410004,24478300
WMT,2025-12-04,113.620003,114.889999,113.160004,114.839996,25905100
WMT,2025-12-05,114.730003,116.269997,114.68,115.110001,23956400
WMT,2025-12-08,114.57,114.989998,112.300003,113.559998,22700700
WMT,2025-12-09,113.949997,115.720001,113.019997,115.059998,24326700
WMT,2025-12-10,115.349998,116.230003,112.989998,113.18,22859600
WMT,2025-12-11,113.139999,115.870003,112.849998,115.519997,21586600
WMT,2025-12-12,115.260002,116.949997,115.019997,116.699997,19092400
WMT,2025-12-15,116.93,117.449997,115.639999,116.790001,18713700
WMT,2025-12-16,116.580002,116.879997,114.949997,115.419998,19642300
WMT,2025-12-17,115.199997,116.389999,115.07,115.660004,16177800
WMT,2025-12-18,115.010002,116.480003,114.610001,114.830002,21476700
WMT,2025-12-19,115.139999,115.279999,113.529999,114.360001,50043800
WMT,2025-12-22,114.010002,114.32,112.220001,112.599998,21473900
WMT,2025-12-23,111.989998,112.349998,110.699997,110.900002,20319900
WMT,2025-12-24,110.900002,111.709999,110.550003,111.610001,9009600
WMT,2025-12-26,111.720001,111.970001,111.360001,111.739998,9003800
WMT,2025-12-29,111.589996,112.779999,111.57,112.529999,12979600
WMT,2025-12-30,111.889999,112.690002,111.839996,111.919998,11730600
WMT,2025-12-31,111.730003,112.25,111.32,111.410004,11487400
WMT,2026-01-02,111.43,112.790001,111.120003,112.760002,14306600
WMT,2026-01-05,112.82,113.730003,112.150002,112.709999,19557600
WMT,2026-01-06,112.400002,114.790001,111.989998,114.339996,20120800
WMT,2026-01-07,114.190002,114.730003,112.099998,112.720001,23306000
WMT,2026-01-08,111.290001,113.470001,109.809998,113.07,24058300
WMT,2026-01-09,112.260002,115.459999,112.260002,114.529999,21902900
WMT,2026-01-12,117.5,118.839996,116.410004,117.970001,49182100
WMT,2026-01-13,117.889999,120.510002,117.730003,120.360001,31222100
WMT,2026-01-14,120.190002,121.239998,119.029999,120.040001,32764000
WMT,2026-01-15,119.980003,120.870003,118.730003,119.199997,34559400
WMT,2026-01-16,118.669998,120.599998,116.900002,119.699997,415144600
WMT,2026-01-20,120.889999,121.620003,117.610001,118.709999,45334000
WMT,2026-01-21,118.080002,120.489998,117.550003,119.360001,34811700
WMT,2026-01-22,119.290001,119.519997,117.650002,117.830002,24547300
WMT,2026-01-23,118.169998,118.610001,117.139999,117.730003,20806900
WMT,2026-01-26,117.809998,118.849998,117.389999,117.639999,19552200
WMT,2026-01-27,117.5,117.629997,115.480003,116.940002,22968600
WMT,2026-01-28,116.639999,117.459999,115.870003,116.57,16342000
WMT,2026-01-29,116.449997,117.660004,116.07,117.410004,16381100
WMT,2026-01-30,116.910004,119.410004,116.599998,119.139999,22215400
WMT,2026-02-02,119.5,124.199997,119.050003,124.059998,31210100
WMT,2026-02-03,123.650002,128.169998,123.650002,127.709999,32018700
WMT,2026-02-04,128.130005,129.410004,127.089996,128.0,27531800
WMT,2026-02-05,128.580002,129.600006,126.559998,126.940002,30517800
WMT,2026-02-06,127.290001,131.699997,127.050003,131.179993,26593400
WMT,2026-02-09,131.419998,131.789993,128.089996,129.020004,27197300
WMT,2026-02-10,128.940002,129.339996,126.389999,126.699997,24662000
WMT,2026-02-11,126.699997,129.740005,126.629997,128.770004,19232100
WMT,2026-02-12,129.380005,134.490005,129.309998,133.639999,33382700
WMT,2026-02-13,132.699997,134.649994,131.75,133.889999,24131200
WMT,2026-02-17,133.110001,134.690002,128.160004,128.850006,37995900
WMT,2026-02-18,128.130005,128.869995,125.769997,126.620003,36485000
WMT,2026-02-19,128.5,130.100006,124.400002,124.870003,42993300
WMT,2026-02-20,123.0,123.480003,121.050003,122.989998,35151000
WMT,2026-02-23,123.519997,126.800003,122.959999,125.809998,25662800
WMT,2026-02-24,125.900002,128.039993,124.910004,126.75,20161200
WMT,2026-02-25,126.610001,127.400002,125.419998,125.75,17345700
WMT,2026-02-26,125.980003,127.330002,123.940002,124.419998,18638300
WMT,2026-02-27,125.519997,128.600006,125.150002,127.949997,29205500
WMT,2026-03-02,127.459999,128.75,127.050003,127.099998,17091500
WMT,2026-03-03,126.519997,128.369995,125.669998,127.910004,16480400
WMT,2026-03-04,127.110001,128.169998,126.239998,127.809998,16434100
WMT,2026-03-05,125.379997,125.68,121.650002,123.309998,28604900
WMT,2026-03-06,122.5,124.190002,121.620003,123.800003,21553000
WMT,2026-03-09,123.690002,124.510002,122.5,124.339996,19375900
WMT,2026-03-10,124.209999,126.099998,123.349998,125.120003,18793600
WMT,2026-03-11,125.309998,125.489998,123.050003,123.489998,18176500
WMT,2026-03-12,122.300003,125.389999,122.279999,125.330002,21751600
WMT,2026-03-13,125.389999,126.690002,124.970001,126.519997,15194100
WMT,2026-03-16,126.760002,126.980003,124.830002,125.989998,20463200
WMT,2026-03-17,126.650002,127.190002,124.860001,125.080002,19895000
WMT,2026-03-18,124.330002,124.610001,121.830002,121.980003,19734900
WMT,2026-03-19,122.400002,122.75,119.269997,121.089996,17927700
WMT,2026-03-20,120.629997,121.300003,118.019997,119.019997,57545600
WMT,2026-03-23,120.480003,121.129997,119.050003,120.720001,22181500
WMT,2026-03-24,120.629997,124.110001,120.489998,122.050003,17269600
WMT,2026-03-25,122.809998,123.489998,121.779999,123.059998,16597300
WMT,2026-03-26,123.610001,123.800003,121.790001,122.18,16442500
WMT,2026-03-27,122.029999,124.269997,121.82,122.889999,16543300
WMT,2026-03-30,123.709999,125.260002,123.139999,123.5,20428900
WMT,2026-03-31,123.43,125.0,122.839996,124.279999,21330400
WMT,2026-04-01,123.800003,125.230003,123.129997,124.739998,17039700
WMT,2026-04-02,125.150002,125.900002,124.150002,125.790001,11898400
WMT,2026-04-06,125.809998,126.980003,125.370003,126.790001,10850400
WMT,2026-04-07,126.190002,126.360001,121.790001,122.489998,16076000
WMT,2026-04-08,122.279999,127.300003,121.330002,127.260002,20194300
WMT,2026-04-09,127.089996,129.690002,126.82,129.130005,13853100
WMT,2026-04-10,128.720001,128.929993,126.220001,126.769997,13894000
WMT,2026-04-13,126.290001,126.300003,123.949997,124.57,14510600
WMT,2026-04-14,123.150002,125.199997,122.550003,125.050003,15320800
WMT,2026-04-15,124.629997,125.07,123.18,124.760002,17001400
WMT,2026-04-16,124.330002,125.940002,123.970001,124.82,18324500
WMT,2026-04-17,124.57,127.57,123.370003,127.5,24763700
WMT,2026-04-20,127.870003,129.470001,127.32,127.919998,18933600
WMT,2026-04-21,127.830002,129.770004,127.480003,129.600006,17312400
WMT,2026-04-22,130.0,130.449997,128.839996,129.979996,17624500
WMT,2026-04-23,130.570007,132.460007,130.490005,132.029999,16376000
WMT,2026-04-24,131.940002,132.119995,129.279999,129.919998,16016300
WMT,2026-04-27,129.619995,129.809998,127.400002,127.589996,17029500
WMT,2026-04-28,129.339996,129.770004,126.779999,127.589996,16341800
WMT,2026-04-29,126.68,128.080002,125.910004,128.009995,16538800
WMT,2026-04-30,128.020004,132.429993,127.949997,131.929993,19867700
WMT,2026-05-01,131.919998,133.369995,130.979996,131.600006,10480900
WMT,2026-05-04,130.410004,131.75,129.679993,130.330002,10340700
WMT,2026-05-05,130.509995,131.729996,130.300003,130.789993,10637300
WMT,2026-05-06,130.860001,131.149994,129.529999,130.080002,16371500
WMT,2026-05-07,129.899994,130.600006,128.669998,130.199997,14935400
WMT,2026-05-08,130.320007,131.410004,130.25,130.429993,15183700
WMT,2026-05-11,130.179993,130.600006,126.379997,127.589996,18699200
WMT,2026-05-12,128.080002,131.119995,127.720001,130.350006,17935400
WMT,2026-05-13,129.190002,132.529999,128.770004,131.470001,13786600
WMT,2026-05-14,131.360001,132.779999,130.860001,132.460007,14200400
WMT,2026-05-15,133.690002,133.949997,130.789993,131.449997,25323000
WMT,2026-05-18,131.520004,133.470001,131.130005,133.339996,17183200
WMT,2026-05-19,132.940002,135.160004,132.059998,134.199997,16943100
